Date,SPY,XLB,XLE,XLF,XLI,XLK,XLP,XLU,XLV,XLY
2000-01-31,87.9161605834961,6.522128582000732,6.888564586639404,11.239294052124023,17.084856033325195,18.835968017578125,12.467050552368164,5.589513778686523,20.39776039123535,10.089701652526855
2000-02-29,86.57752990722656,5.866861343383789,6.596945285797119,10.036165237426758,16.142248153686523,20.81501007080078,11.008234024047852,4.91018009185791,19.06401252746582,9.527547836303711
2000-03-31,94.72737121582031,6.443495750427246,7.39299201965332,11.825626373291016,18.35149383544922,22.56123924255371,11.385513305664062,5.406252384185791,20.778818130493164,10.854691505432129
2000-04-30,91.63276672363281,6.2442216873168945,7.307045936584473,11.98365306854248,18.655014038085938,20.489055633544922,12.027649879455566,5.803077220916748,20.535358428955078,10.649404525756836
2000-05-31,90.19208526611328,6.047177314758301,8.165070533752441,12.251150131225586,18.57630157470703,18.358652114868164,12.885567665100098,5.790345191955566,19.98493003845215,10.074542045593262
2000-06-30,91.751220703125,5.504201412200928,7.678723335266113,11.61681079864502,17.808855056762695,20.186372756958008,13.583683013916016,5.551602840423584,20.027267456054688,9.511301040649414
2000-07-31,90.52310943603516,5.578463077545166,7.421848297119141,12.684600830078125,18.121732711791992,19.1153507232666,13.117660522460938,5.680263042449951,19.730880737304688,9.68075180053711
2000-08-31,96.43798828125,5.706051349639893,8.232367515563965,13.973000526428223,19.916160583496094,21.059484481811523,12.957487106323242,5.901567459106445,20.42951011657715,9.279333114624023
2000-09-30,90.91879272460938,5.116527080535889,8.331701278686523,14.233753204345703,19.2851505279541,17.27599334716797,13.480171203613281,6.626434803009033,19.68854522705078,9.267693519592285
2000-10-31,90.72078704833984,5.598056316375732,8.140271186828613,14.153687477111816,19.772747039794922,16.286462783813477,14.470769882202148,7.069498062133789,19.98493003845215,9.174054145812988
2000-11-30,83.94821166992188,5.456443786621094,7.713308334350586,13.430623054504395,19.100482940673828,12.945353507995605,14.970067977905273,7.0662641525268555,18.16426658630371,8.946598052978516
2000-12-31,83.25411987304688,6.067138671875,8.475460052490234,14.522920608520508,19.772747039794922,11.664789199829102,15.469339370727539,6.868991851806641,18.460662841796875,9.55315113067627
2001-01-31,87.22227478027344,6.059007167816162,8.2299222946167,14.542036056518555,19.931316375732422,13.895298957824707,14.38343620300293,6.577639102935791,19.798816680908203,10.690768241882324
2001-02-28,78.90233612060547,6.137470722198486,8.130023002624512,13.563678741455078,18.736835479736328,10.434514999389648,14.470342636108398,6.714148044586182,19.41937255859375,9.927410125732422
2001-03-31,74.2808609008789,5.803281307220459,7.863635540008545,13.114027976989746,16.89427947998047,9.23869800567627,13.427435874938965,6.571340084075928,18.172630310058594,9.76276683807373
2001-04-30,80.84455108642578,6.4519476890563965,8.701923370361328,13.633342742919922,18.879411697387695,10.732542991638184,13.72821044921875,6.937265396118164,19.517793655395508,10.236333847045898
2001-05-31,80.391357421875,6.700098037719727,8.619710922241211,14.233211517333984,19.669509887695312,10.292954444885254,13.92977237701416,6.985910415649414,20.263267517089844,10.480062484741211
2001-06-30,78.25312042236328,6.440267562866211,7.797562122344971,14.079522132873535,18.41427993774414,10.494119644165039,13.243363380432129,6.588286399841309,20.026063919067383,10.375075340270996
2001-07-31,77.67557525634766,6.451265335083008,7.743838310241699,13.997005462646484,18.41585350036621,9.767690658569336,13.689895629882812,6.575747013092041,19.634355545043945,10.85973834991455
2001-08-31,73.06689453125,6.424869537353516,7.416017055511475,13.071504592895508,17.783687591552734,8.575600624084473,13.755474090576172,6.341431617736816,18.63772201538086,9.909038543701172
2001-09-30,66.85153198242188,5.63019323348999,6.664867401123047,12.280348777770996,15.11453628540039,7.17116641998291,13.695365905761719,6.23279333114624,15.932567596435547,8.63142204284668
2001-10-31,67.97615814208984,5.817276954650879,6.972314834594727,12.160059928894043,15.447362899780273,7.95347785949707,13.651167869567871,5.950249671936035,16.020519256591797,9.113420486450195
2001-11-30,73.27677154541016,6.554762363433838,6.58294677734375,12.949735641479492,16.992734909057617,9.14184284210205,14.254239082336426,5.875120162963867,17.87895393371582,10.327033042907715
2001-12-31,73.43740844726562,6.318767070770264,6.930782794952393,13.144661903381348,17.76221466064453,8.940673828125,13.92529296875,6.016796588897705,18.279129028320312,10.77930736541748
2002-01-31,72.9679183959961,6.506875038146973,6.711726188659668,13.051374435424805,16.640058517456055,8.843819618225098,13.880913734436035,5.844921112060547,18.17561912536621,11.151073455810547
2002-02-28,71.65916442871094,6.851217746734619,6.941096782684326,12.825483322143555,17.056861877441406,7.692707061767578,14.172505378723145,5.834103584289551,19.01136016845703,11.211472511291504
2002-03-31,73.83183288574219,7.038230895996094,7.530165672302246,13.62865161895752,17.467248916625977,8.072689056396484,14.359561920166016,6.095850467681885,20.105287551879883,11.339818954467773
2002-04-30,69.73729705810547,6.728312969207764,7.283563137054443,13.326509475708008,16.309274673461914,7.096663475036621,13.8658447265625,5.772288799285889,19.991914749145508,11.03661823272705
2002-05-31,69.32349395751953,7.061901092529297,7.1554155349731445,13.286211967468262,16.3800048828125,6.80236291885376,13.71135139465332,5.724316120147705,20.2706241607666,10.979921340942383
2002-06-30,63.982967376708984,6.907021522521973,6.852044582366943,12.66169548034668,15.338175773620605,5.893395900726318,12.276759147644043,5.288175106048584,18.815921783447266,10.382731437683105
2002-07-31,59.1461181640625,6.154370307922363,5.938267230987549,11.660630226135254,14.505110740661621,5.334604263305664,11.78840160369873,4.553272247314453,18.27670669555664,9.159626007080078
2002-08-31,59.548362731933594,6.121438026428223,6.027724742889404,11.87816047668457,14.279471397399902,5.289900302886963,11.882488250732422,4.733813762664795,18.453487396240234,9.436040878295898
2002-09-30,53.06669998168945,5.2952704429626465,5.567292213439941,10.456626892089844,12.583984375,4.407010555267334,10.95269775390625,4.110715389251709,17.256792068481445,8.584068298339844
2002-10-31,57.69070816040039,5.631062030792236,5.7007832527160645,11.474207878112793,13.252866744995117,5.49851655960083,11.452483177185059,4.064976215362549,18.31985855102539,9.17487907409668
2002-11-30,61.249168395996094,6.308595180511475,5.936223030090332,11.901437759399414,13.945281028747559,6.3702287673950195,11.134978294372559,4.183093547821045,18.885967254638672,9.599499702453613
2002-12-31,57.501705169677734,5.974346160888672,5.907120704650879,11.189385414123535,13.324048042297363,5.5134172439575195,11.107131004333496,4.267780780792236,18.108427047729492,8.76163101196289
2003-01-31,56.36310577392578,5.719271183013916,5.788689613342285,11.11325454711914,12.675251960754395,5.3975629806518555,10.785609245300293,4.217146396636963,18.114587783813477,8.489062309265137
2003-02-28,55.603397369384766,5.567564487457275,5.958869457244873,10.77044677734375,12.480049133300781,5.423712253570557,10.455204010009766,3.991628885269165,17.710664749145508,8.451062202453613
2003-03-31,55.498600006103516,5.576665878295898,5.934937953948975,10.622063636779785,12.564640998840332,5.341533184051514,10.39920711517334,4.149489879608154,18.29258155822754,8.637258529663086
2003-04-30,60.437137603759766,6.107884883880615,5.915360927581787,12.011258125305176,13.977778434753418,5.830862045288086,10.766144752502441,4.556238651275635,18.946081161499023,9.661972999572754
2003-05-31,63.75130081176758,6.2968525886535645,6.543514728546143,12.62287712097168,14.356614112854004,6.331398010253906,11.295441627502441,5.016650199890137,19.33736801147461,10.175707817077637
2003-06-30,64.19843292236328,6.318186283111572,6.428577423095703,12.617732048034668,14.624415397644043,6.376220703125,11.351752281188965,5.041723251342773,20.13364601135254,10.308895111083984
2003-07-31,65.591796875,6.853259086608887,6.2311859130859375,13.228832244873047,15.140872955322266,6.574194431304932,11.38625717163086,4.744519233703613,19.888492584228516,10.513760566711426
2003-08-31,66.94470977783203,7.0432868003845215,6.628697395324707,13.073925018310547,15.73001766204834,6.887962341308594,11.578572273254395,4.83876371383667,19.151880264282227,11.051068305969238
2003-09-30,65.96138000488281,6.6908111572265625,6.4594855308532715,13.120389938354492,15.245611190795898,6.8281989097595215,11.493727684020996,5.03415584564209,19.14499282836914,10.509950637817383
2003-10-31,69.75886535644531,7.366898059844971,6.554100036621094,14.103422164916992,16.24571418762207,7.328734397888184,12.055198669433594,5.114150524139404,19.332910537719727,11.481432914733887
2003-11-30,70.52072143554688,7.533273696899414,6.605386257171631,14.051517486572266,16.567607879638672,7.433320999145508,12.197098731994629,5.1257452964782715,19.7471923828125,11.584452629089355
2003-12-31,73.72050476074219,8.223440170288086,7.436797618865967,14.6017427444458,17.579269409179688,7.612617015838623,12.361700057983398,5.4110283851623535,20.817398071289062,12.015631675720215
2004-01-31,75.53314208984375,7.906058311462402,7.638307571411133,15.169238090515137,17.843870162963867,7.993664264678955,12.414071083068848,5.573957443237305,21.464998245239258,11.979561805725098
2004-02-29,76.55818939208984,8.318252563476562,8.039608001708984,15.602646827697754,17.711843490600586,7.790533542633057,13.120837211608887,5.679305076599121,21.69365119934082,12.239741325378418
2004-03-31,75.28021240234375,8.098206520080566,7.95555305480957,15.35200309753418,17.43457794189453,7.583639144897461,13.041043281555176,5.693347930908203,20.737491607666016,12.14791488647461
2004-04-30,74.11473083496094,7.750138759613037,8.125502586364746,14.750028610229492,17.488561630249023,7.29398775100708,13.259929656982422,5.494396686553955,21.435213088989258,12.02628231048584
2004-05-31,75.38380432128906,7.967835903167725,8.100996971130371,15.001813888549805,17.919160842895508,7.5798797607421875,13.185564994812012,5.560479640960693,21.365747451782227,12.102903366088867
2004-06-30,76.49929809570312,8.328598976135254,8.572074890136719,14.991320610046387,18.98569107055664,7.786773204803467,13.208446502685547,5.607681751251221,21.226839065551758,12.118230819702148
2004-07-31,74.3048324584961,8.177022933959961,8.87139892578125,14.746550559997559,18.494152069091797,7.312795162200928,12.603340148925781,5.742485046386719,20.143651962280273,11.673831939697266
2004-08-31,74.48587799072266,8.314508438110352,8.734709739685059,15.22632884979248,18.50743293762207,6.989285945892334,12.827268600463867,5.975806713104248,20.471023559570312,11.6508150100708
2004-09-30,74.92156982421875,8.60821533203125,9.549398422241211,15.00489330291748,18.839340209960938,7.192422866821289,12.436829566955566,5.963901042938232,20.053098678588867,11.969223022460938
2004-10-31,76.20281982421875,8.56704330444336,9.645113945007324,15.165700912475586,19.098474502563477,7.508405685424805,12.570157051086426,6.30662202835083,19.66596031188965,12.470869064331055
2004-11-30,79.35999298095703,9.263954162597656,10.295628547668457,15.637479782104492,20.297536849975586,7.892102241516113,12.8815279006958,6.587503433227539,20.05019760131836,12.993368148803711
2004-12-31,81.60713195800781,9.333019256591797,9.968996047973633,16.18345832824707,20.697229385375977,7.941004276275635,13.308215141296387,6.685932159423828,21.091135025024414,13.558126449584961
2005-01-31,80.15430450439453,9.100481986999512,10.344048500061035,15.931962966918945,20.219064712524414,7.642074108123779,13.519505500793457,6.8927483558654785,20.497140884399414,13.018418312072754
2005-02-28,81.82986450195312,9.817279815673828,12.079532623291016,15.825288772583008,20.453399658203125,7.653583526611328,13.502132415771484,7.040583610534668,21.113811492919922,12.949042320251465
2005-03-31,80.01860809326172,9.52361011505127,11.80956745147705,15.142562866210938,20.373048782348633,7.50396203994751,13.328434944152832,7.064819812774658,20.924604415893555,12.77946949005127
2005-04-30,78.82787322998047,8.87511157989502,11.207666397094727,15.249996185302734,19.698667526245117,7.239252090454102,13.24428939819336,7.3382248878479,21.727249145507812,11.983392715454102
2005-05-31,81.36810302734375,8.81808090209961,11.519989967346191,15.700417518615723,20.323497772216797,7.74181604385376,13.552421569824219,7.333341598510742,22.001474380493164,12.724395751953125
2005-06-30,81.16378784179688,8.59945011138916,12.285594940185547,15.802300453186035,19.738981246948242,7.642074108123779,13.226835250854492,7.706971168518066,21.81865692138672,12.651065826416016
2005-07-31,84.60933685302734,9.11917495727539,13.19734001159668,16.144237518310547,20.54248809814453,8.075584411621094,13.717052459716797,7.944723129272461,22.37884521484375,13.38843822479248
2005-08-31,83.81620025634766,8.737085342407227,14.040199279785156,15.8799409866333,20.05754852294922,7.998859882354736,13.477535247802734,7.996423244476318,22.301273345947266,12.947824478149414
2005-09-30,84.13067626953125,8.756195068359375,14.88028621673584,15.923087120056152,20.313499450683594,8.018040657043457,13.600211143493652,8.272164344787598,22.1108341217041,12.557456016540527
2005-10-31,82.49058532714844,8.82355785369873,13.574294090270996,16.504125595092773,20.102895736694336,7.833890914916992,13.60359001159668,7.801225662231445,21.498558044433594,12.324286460876465
2005-11-30,86.11627197265625,9.499090194702148,13.777264595031738,17.290815353393555,21.272693634033203,8.32878589630127,13.726886749267578,7.788821697235107,21.76030731201172,12.816019058227539
2005-12-31,85.49825286865234,9.69438648223877,13.988584518432617,17.182310104370117,21.245643615722656,8.018040657043457,13.674043655395508,7.786340236663818,22.439430236816406,12.641786575317383
2006-01-31,88.01551818847656,10.241989135742188,16.074199676513672,17.447233200073242,21.434526443481445,8.343358039855957,13.766538619995117,8.045944213867188,22.804218292236328,12.932051658630371
2006-02-28,88.51946258544922,10.022566795349121,14.591108322143555,17.818571090698242,22.101171493530273,8.362667083740234,13.884553909301758,8.151054382324219,23.06683349609375,13.025453567504883
2006-03-31,89.6240005493164,10.438824653625488,15.165384292602539,17.774877548217773,22.992292404174805,8.55194091796875,13.925860404968262,7.715597152709961,22.697751998901367,13.099392890930176
2006-04-30,91.11701965332031,10.862899780273438,15.976430892944336,18.64431381225586,23.577117919921875,8.439926147460938,14.135476112365723,7.897083282470703,22.067197799682617,13.269472122192383
2006-05-31,88.37247467041016,10.42514419555664,15.531865119934082,17.941574096679688,23.174270629882812,7.8914265632629395,14.165140151977539,8.025675773620605,21.604358673095703,13.047602653503418
2006-06-30,88.21305084228516,10.408931732177734,15.867380142211914,17.75491714477539,23.08550262451172,7.852797985076904,14.349024772644043,8.141658782958984,21.53314971923828,12.99699592590332
2006-07-31,88.99974060058594,10.087212562561035,16.459299087524414,18.267242431640625,21.830163955688477,7.648074150085449,14.652451515197754,8.60391616821289,22.791126251220703,12.591774940490723
2006-08-31,90.94194793701172,10.390804290771484,15.623010635375977,18.482603073120117,22.076602935791016,8.184988975524902,15.218992233276367,8.84036636352539,23.441482543945312,12.8414306640625
2006-09-30,92.98853302001953,10.328783988952637,14.999999046325684,19.117647171020508,22.822755813598633,8.49786376953125,15.13549518585205,8.64205265045166,23.72020721435547,13.633296012878418
2006-10-31,96.3410873413086,11.01325798034668,15.693413734436035,19.67643165588379,23.5656795501709,8.851866722106934,15.481032371520996,9.173131942749023,23.880102157592773,14.542787551879883
2006-11-30,98.25684356689453,11.492664337158203,17.039445877075195,19.81526756286621,24.143136978149414,9.103458404541016,15.349172592163086,9.416625022888184,23.851415634155273,14.726481437683105
2006-12-31,99.01901245117188,11.440129280090332,16.510051727294922,20.403955459594727,24.067516326904297,9.002829551696777,15.65483570098877,9.41149616241455,24.016357421875,14.992242813110352
2007-01-31,101.06827545166016,12.033316612243652,16.40686798095703,20.75126838684082,24.767980575561523,9.237378120422363,16.053518295288086,9.463399887084961,24.83476448059082,15.477277755737305
2007-02-28,99.0855712890625,12.355313301086426,16.070770263671875,20.11887550354004,24.49077796936035,8.988245964050293,15.806544303894043,9.965147018432617,24.259044647216797,15.014451026916504
2007-03-31,99.83785247802734,12.63083267211914,17.025415420532227,19.93980598449707,24.636308670043945,9.077775001525879,16.053518295288086,10.267749786376953,24.215869903564453,14.916389465332031
2007-04-30,104.67382049560547,12.836504936218262,17.95686149597168,20.79930305480957,25.83554458618164,9.505972862243652,16.587202072143555,10.830242156982422,26.08333969116211,15.297130584716797
2007-05-31,108.2243423461914,13.594331741333008,19.35386085510254,21.299467086791992,27.175935745239258,9.984776496887207,16.811189651489258,10.879639625549316,26.531177520751953,15.756856918334961
2007-06-30,106.18433380126953,13.461376190185547,19.54937744140625,20.33284568786621,27.113435745239258,9.965311050415039,16.37531852722168,10.291976928710938,25.505475997924805,15.454296112060547
2007-07-31,103.30304718017578,13.161431312561035,19.60899543762207,18.590593338012695,27.440895080566406,9.95283317565918,16.00719451904297,9.949469566345215,24.422937393188477,14.564428329467773
2007-08-31,104.6286849975586,13.071292877197266,19.844877243041992,19.070898056030273,27.44786834716797,10.14371109008789,16.384836196899414,10.106571197509766,24.98212242126465,14.654966354370117
2007-09-30,108.16618347167969,14.059566497802734,21.257286071777344,19.392990112304688,28.60370445251465,10.505983352661133,17.04267120361328,10.42076301574707,25.67203712463379,14.497509956359863
2007-10-31,110.15374755859375,14.710980415344238,21.854595184326172,19.20060920715332,28.37740135192871,11.08514404296875,17.40097999572754,11.193018913269043,26.24252700805664,14.455056190490723
2007-11-30,105.88719177246094,13.969725608825684,20.93425178527832,17.646568298339844,27.572628021240234,10.249853134155273,17.87871742248535,11.266847610473633,26.5777530670166,13.666238784790039
2007-12-31,104.14205932617188,13.986495971679688,22.60967254638672,16.468238830566406,27.404653549194336,10.405984878540039,17.639850616455078,11.161376953125,25.732398986816406,12.897144317626953
2008-01-31,98.36483764648438,13.52696704864502,19.882604598999023,16.738906860351562,26.016996383666992,9.116829872131348,16.745328903198242,10.420149803161621,24.64866065979004,12.941670417785645
2008-02-29,95.82288360595703,13.838473320007324,21.72517204284668,14.83753776550293,25.489622116088867,8.685494422912598,16.70223617553711,9.99239730834961,23.990386962890625,12.44116497039795
2008-03-31,94.49817657470703,13.601463317871094,21.15668487548828,14.286088943481445,26.298263549804688,8.783527374267578,17.15164566040039,10.080072402954102,22.798171997070312,12.202824592590332
2008-04-30,99.49227142333984,14.370795249938965,23.420732498168945,15.40886402130127,27.19198226928711,9.3350191116333,17.113384246826172,10.671956062316895,23.127994537353516,12.509257316589355
2008-05-31,100.99630737304688,15.11803150177002,24.638328552246094,14.33759880065918,27.43210792541504,9.942976951599121,17.633289337158203,11.054624557495117,23.56879997253418,12.851323127746582
2008-06-30,92.09479522705078,14.17379379272461,25.348833084106445,11.731820106506348,24.020750045776367,8.985943794250488,16.55635643005371,10.891385078430176,22.46677017211914,11.3279390335083
2008-07-31,91.72373962402344,13.77808666229248,21.371315002441406,12.636123657226562,24.32483673095703,8.79130744934082,17.032331466674805,10.26580810546875,23.582841873168945,11.388973236083984
2008-08-31,93.14120483398438,13.563119888305664,21.443126678466797,12.51344108581543,24.991867065429688,8.948647499084473,17.492332458496094,10.152581214904785,24.06998634338379,12.175382614135742
2008-09-30,83.88421630859375,11.396439552307129,18.182844161987305,11.619623184204102,21.855464935302734,7.8079400062561035,17.15665626525879,8.958319664001465,22.180410385131836,11.137481689453125
2008-10-31,70.4329833984375,8.896526336669922,14.812199592590332,9.159506797790527,17.9652042388916,6.571692943572998,15.095503807067871,7.862662315368652,19.723249435424805,9.205780982971191
2008-11-30,65.53036499023438,7.945777416229248,14.489442825317383,7.466797828674316,16.488319396972656,6.0191192626953125,15.064213752746582,8.191746711730957,18.477567672729492,8.208288192749023
2008-12-31,65.6395034790039,7.8050537109375,13.76612663269043,7.384228706359863,16.70949363708496,6.082269668579102,14.939035415649414,7.895300388336182,19.68617057800293,8.640935897827148
2009-01-31,60.7386474609375,7.316385269165039,13.591317176818848,5.531067848205566,14.847528457641602,5.8251423835754395,13.980958938598633,7.981287956237793,19.567398071289062,7.782256603240967
2009-02-28,54.21236038208008,6.72926664352417,11.914130210876465,4.549363136291504,12.318902969360352,5.602930068969727,12.851123809814453,6.981564521789551,17.142921447753906,7.07588005065918
2009-03-31,58.31147003173828,7.715902805328369,12.299383163452148,5.273670673370361,13.27703857421875,6.1981425285339355,13.318206787109375,7.036648273468018,18.060497283935547,7.931603908538818
2009-04-30,64.56329345703125,8.972193717956543,13.329248428344727,6.487407684326172,15.827178001403809,6.87945032119751,13.968528747558594,7.197913646697998,18.149972915649414,9.451528549194336
2009-05-31,68.33724975585938,9.496475219726562,15.047088623046875,7.394311904907227,16.358150482177734,7.038970470428467,14.679655075073242,7.454086780548096,19.38849449157715,9.382539749145508
2009-06-30,67.90890502929688,9.017630577087402,13.990182876586914,7.2250261306762695,15.972644805908203,7.262308120727539,14.597110748291016,7.765947341918945,19.74878692626953,9.366301536560059
2009-07-31,73.38752746582031,10.232182502746582,14.813776969909668,7.906466484069824,17.485198974609375,7.892084121704102,15.68773078918457,8.150200843811035,21.024873733520508,10.298853874206543
2009-08-31,76.0984115600586,10.474635124206543,14.974722862243652,8.933521270751953,18.319934844970703,8.02027702331543,15.879670143127441,8.231868743896484,21.590665817260742,10.661578178405762
2009-09-30,78.42314147949219,10.871694564819336,15.779504776000977,9.079370498657227,19.28644371032715,8.360800743103027,16.289134979248047,8.260031700134277,21.628395080566406,11.19546890258789
2009-10-31,77.28173065185547,10.352294921875,16.240549087524414,8.56496524810791,18.61577796936035,8.287262916564941,16.64385223388672,8.077841758728027,21.268869400024414,10.966075897216797
2009-11-30,82.04285430908203,11.467267036437988,16.70205307006836,8.936820030212402,20.249908447265625,8.745652198791504,17.25599479675293,8.467649459838867,23.24648094177246,11.70205307006836
2009-12-31,83.16221618652344,11.640164375305176,16.75790023803711,8.778332710266113,20.456012725830078,9.220133781433105,17.056238174438477,8.82615852355957,23.542001724243164,12.172266006469727
2010-01-31,80.57137298583984,10.69337272644043,16.10728645324707,8.676301002502441,20.285160064697266,8.458261489868164,17.042160034179688,8.50196361541748,23.832029342651367,11.885234832763672
2010-02-28,83.08475494384766,11.175884246826172,16.591981887817383,8.9822359085083,21.366836547851562,8.752848625183105,17.58204460144043,8.389674186706543,23.92344856262207,12.547117233276367
2010-03-31,87.78144073486328,12.034473419189453,16.99983787536621,9.759310722351074,23.14493751525879,9.321837425231934,18.167457580566406,8.539388656616211,24.479637145996094,13.500898361206055
2010-04-30,89.50647735595703,12.085472106933594,17.7681941986084,9.910345077514648,24.212984085083008,9.468921661376953,18.0484619140625,8.841979026794434,23.606019973754883,14.342212677001953
2010-05-31,82.39480590820312,10.933459281921387,15.733641624450684,9.002713203430176,22.005048751831055,8.76047420501709,17.21234893798828,8.35398006439209,22.069499969482422,13.333066940307617
2010-06-30,77.76160430908203,10.087227821350098,14.734163284301758,8.469171524047852,20.3918399810791,8.258485794067383,16.657108306884766,8.208745956420898,21.557321548461914,11.998525619506836
2010-07-31,83.4680404663086,11.431763648986816,16.040748596191406,9.040070533752441,22.62877082824707,8.905217170715332,17.750324249267578,8.914692878723145,21.951168060302734,12.99174690246582
2010-08-31,79.7136459350586,11.085350036621094,15.254201889038086,8.333334922790527,21.059921264648438,8.405517578125,17.421377182006836,9.04384994506836,21.590051651000977,12.47521686553955
2010-09-30,86.38983917236328,11.706750869750977,16.70216178894043,8.818832397460938,23.368366241455078,9.352103233337402,18.342445373535156,9.211165428161621,23.426359176635742,13.805793762207031
2010-10-31,90.17030334472656,12.681096076965332,17.730737686157227,8.96799087524414,24.16324806213379,9.928187370300293,19.06296730041504,9.406477928161621,24.07198143005371,14.617094993591309
2010-11-30,90.17030334472656,12.823212623596191,18.76931381225586,8.906399726867676,24.486125946044922,9.765097618103027,18.764802932739258,9.12179183959961,23.37692642211914,14.986042022705078
2010-12-31,95.69512939453125,13.996580123901367,20.427459716796875,9.824142456054688,26.183115005493164,10.270678520202637,19.420772552490234,9.29378890991211,24.32683753967285,15.508378028869629
2011-01-31,98.43981170654297,14.121400833129883,21.991439819335938,10.137933731079102,27.350847244262695,10.634963035583496,19.302976608276367,9.519091606140137,24.592758178710938,15.503942489624023
2011-02-28,101.8593521118164,14.496111869812012,23.611858367919922,10.41611385345459,27.931968688964844,10.868202209472656,19.86441421508789,9.636130332946777,25.361278533935547,16.433839797973633
2011-03-31,101.43096160888672,14.701828956604004,23.975627899169922,10.131753921508789,28.430086135864258,10.663603782653809,19.998088836669922,9.564106941223145,25.70284080505371,16.283733367919922
2011-04-30,104.82193756103516,15.063674926757812,24.27654266357422,10.152071952819824,29.335744857788086,10.978838920593262,21.187408447265625,10.049365997314453,27.480974197387695,16.965877532958984
2011-05-31,103.64640045166016,14.650866508483887,23.25998878479004,9.817388534545898,28.52463722229004,10.86387825012207,21.718441009521484,10.264535903930664,28.159425735473633,16.919858932495117
2011-06-30,101.39524841308594,14.510811805725098,22.729097366333008,9.513693809509277,28.229021072387695,10.551835060119629,20.99247932434082,10.14633846282959,27.70711898803711,16.82362174987793
2011-07-31,99.8595199584961,14.087922096252441,23.145944595336914,9.205759048461914,26.418798446655273,10.639436721801758,20.86893081665039,10.154862403869629,26.73796844482422,16.647897720336914
2011-08-31,94.36967468261719,13.098321914672852,20.781391143798828,8.32249927520752,24.681926727294922,10.07469367980957,20.90955352783203,10.375287055969238,26.173738479614258,15.774571418762207
2011-09-30,87.36647033691406,10.881909370422363,17.714441299438477,7.345947742462158,22.259441375732422,9.72842788696289,20.076955795288086,10.292621612548828,24.865055084228516,14.636714935302734
2011-10-31,97.40357208251953,12.836365699768066,21.188222885131836,8.429764747619629,25.601442337036133,10.762676239013672,21.161258697509766,10.778109550476074,26.440855026245117,16.439525604248047
2011-11-30,97.0077896118164,12.862444877624512,21.540794372558594,7.9989118576049805,25.96148681640625,10.601296424865723,21.747549057006836,10.889446258544922,26.692977905273438,16.321561813354492
2011-12-31,97.40357208251953,12.482385635375977,21.011920928955078,8.117551803588867,25.854246139526367,10.530950546264648,22.1497802734375,11.127588272094727,27.331146240234375,16.439525604248047
2012-01-31,102.56704711914062,13.950014114379883,21.577024459838867,8.835677146911621,27.93231773376465,11.233683586120605,22.033584594726562,10.845663070678711,28.363855361938477,17.50958824157715
2012-02-29,107.01898956298828,13.87121868133545,22.8559513092041,9.275575637817383,28.71122932434082,12.031637191772461,22.85907745361328,10.911337852478027,28.664936065673828,18.30201530456543
2012-03-31,109.97918701171875,13.87121868133545,21.90057373046875,9.929141998291016,28.85774803161621,12.534509658813477,23.443798065185547,10.958250999450684,29.797901153564453,19.10715675354004
2012-04-30,109.72371673583984,13.81104850769043,21.828893661499023,9.727580070495605,28.67462730407715,12.433005332946777,23.63706398010254,11.255311012268066,29.868669509887695,19.38701820373535
2012-05-31,103.1341781616211,12.737653732299805,19.497087478637695,8.832367897033691,26.861648559570312,11.644999504089355,23.360443115234375,11.318437576293945,28.785720825195312,18.320110321044922
2012-06-30,106.76631164550781,13.291299819946289,20.33666229248047,9.229537963867188,27.636423110961914,11.978545188903809,24.04507827758789,11.675097465515137,30.26681137084961,18.609155654907227
2012-07-31,108.58904266357422,13.192933082580566,21.444782257080078,9.286590576171875,27.87618064880371,12.246891021728516,24.80946922302246,12.080021858215332,30.734155654907227,18.572566986083984
2012-08-31,111.30946350097656,13.499659538269043,22.023622512817383,9.60332202911377,28.304344177246094,12.761713981628418,24.69110107421875,11.579870223999023,31.094396591186523,19.42995262145996
2012-09-30,113.52523803710938,13.935129165649414,22.608613967895508,9.875714302062988,28.436664581298828,12.904021263122559,24.948728561401367,11.592613220214844,32.11914825439453,19.958890914916992
2012-10-31,112.05428314208984,13.715008735656738,22.24903678894043,10.113934516906738,28.589393615722656,12.133573532104492,24.816287994384766,11.879460334777832,32.206382751464844,19.72035789489746
2012-11-30,112.68846130371094,13.97005558013916,21.97687339782715,10.024881362915039,29.090818405151367,12.24284553527832,25.2720947265625,11.37079906463623,32.37532424926758,20.345304489135742
2012-12-31,112.89456176757812,14.289799690246582,22.088211059570312,10.425623893737793,29.694110870361328,12.125167846679688,24.472700119018555,11.242021560668945,32.085697174072266,20.306785583496094
2013-01-31,119.51538848876953,14.984477043151855,24.044092178344727,11.124639511108398,31.63246726989746,12.427409172058105,26.14419174194336,11.9093599319458,34.7099494934082,21.595884323120117
2013-02-28,121.04026794433594,14.780943870544434,24.149776458740234,11.259055137634277,32.334869384765625,12.524627685546875,27.009288787841797,12.186090469360352,35.14674758911133,21.940532684326172
2013-03-31,125.07990264892578,15.045921325683594,24.653358459472656,11.65590763092041,32.95835494995117,12.795158386230469,28.2005558013916,12.729796409606934,37.169010162353516,22.832273483276367
2013-04-30,128.050048828125,15.250569343566895,24.43910026550293,12.009907722473145,32.855682373046875,13.072426795959473,29.17361831665039,13.605520248413086,38.45096969604492,23.596275329589844
2013-05-31,131.07327270507812,15.539767265319824,25.135400772094727,12.742058753967285,34.504398345947266,13.437433242797852,28.53941535949707,12.374027252197266,39.084659576416016,24.248722076416016
2013-06-30,128.64352416992188,14.787837982177734,24.448474884033203,12.491583824157715,33.798927307128906,12.983296394348145,28.268625259399414,12.357605934143066,38.678462982177734,24.369709014892578
2013-07-31,136.0072784423828,15.728676795959473,25.85824966430664,13.212562561035156,35.979331970214844,13.535151481628418,29.686798095703125,13.0255126953125,41.63640594482422,25.735191345214844
2013-08-31,131.92811584472656,15.709254264831543,25.59156036376953,12.535490036010742,35.08702850341797,13.394378662109375,28.33837890625,12.375229835510254,40.16744613647461,25.002628326416016
2013-09-30,135.44290161132812,16.323171615600586,26.01197624206543,12.838558197021484,36.97522735595703,13.667386054992676,28.546375274658203,12.398455619812012,41.28548049926758,26.2813663482666
2013-10-31,142.40562438964844,17.092214584350586,27.22949981689453,13.316458702087402,38.914390563964844,14.423648834228516,30.567459106445312,12.989500999450684,43.24216842651367,27.567087173461914
2013-11-30,146.62620544433594,17.314796447753906,27.24526023864746,13.90556526184082,40.33905792236328,14.869429588317871,31.043834686279297,12.738287925720215,45.28258514404297,28.519176483154297
2013-12-31,149.61544799804688,18.048938751220703,27.897701263427734,14.151569366455078,41.827762603759766,15.31950569152832,31.022192001342773,12.718194007873535,45.430084228515625,29.053916931152344
2014-01-31,145.12538146972656,17.305932998657227,26.40318489074707,13.697779655456543,40.24686813354492,14.998727798461914,29.643468856811523,13.236886024475098,46.0450553894043,27.420019149780273
2014-02-28,151.73089599609375,18.50052833557129,27.755332946777344,14.114048957824707,41.879913330078125,15.657773971557617,30.799823760986328,13.693915367126465,48.9084587097168,29.1746826171875
2014-03-31,152.31732177734375,18.57911491394043,28.20181655883789,14.53031063079834,42.09711456298828,15.657773971557617,31.31618881225586,14.035843849182129,48.126792907714844,28.249340057373047
2014-04-30,154.05303955078125,18.807191848754883,29.829774856567383,14.336089134216309,42.84609603881836,15.768404960632324,32.33779525756836,14.750173568725586,47.987789154052734,27.952919006347656
2014-05-31,157.62808227539062,19.36347770690918,30.329378128051758,14.551515579223633,43.67021942138672,16.361061096191406,32.92255783081055,14.58973217010498,49.36664581298828,28.75857162475586
2014-06-30,160.1150665283203,19.584415435791016,31.8536434173584,14.84528636932373,43.67828369140625,16.590341567993164,32.615562438964844,15.108598709106445,50.225364685058594,29.222700119018555
2014-07-31,158.7204132080078,19.283693313598633,30.892200469970703,14.687763214111328,42.067626953125,16.949323654174805,31.74994659423828,14.201519012451172,50.48029327392578,28.9427433013916
2014-08-31,164.98406982421875,20.02887535095215,31.566749572753906,15.310402870178223,43.84513854980469,17.5056095123291,33.21454620361328,14.900403022766113,52.92515563964844,30.229774475097656
2014-09-30,161.95086669921875,19.656288146972656,28.970829010009766,15.185871124267578,43.13899612426758,17.34046173095703,33.1998176574707,14.49071216583252,52.96658706665039,29.29414939880371
2014-10-31,166.53985595703125,19.273576736450195,28.091611862182617,15.689571380615234,45.022369384765625,17.694438934326172,34.595115661621094,15.795476913452148,55.949974060058594,30.013568878173828
2014-11-30,171.11502075195312,19.576217651367188,25.649425506591797,16.058128356933594,46.40867614746094,18.545555114746094,36.51335144042969,15.979581832885742,57.89620590209961,31.648664474487305
2014-12-31,169.74407958984375,19.345247268676758,25.43733787536621,16.275299072265625,46.13957214355469,18.047977447509766,35.91343307495117,16.403396606445312,56.873191833496094,31.798494338989258
2015-01-31,165.62379455566406,19.110551834106445,24.428110122680664,15.22069263458252,44.750335693359375,17.505685806274414,35.82109451293945,16.93512725830078,57.8266716003418,30.974424362182617
2015-02-28,174.93258666992188,20.633302688598633,25.55007553100586,16.107088088989258,47.14490509033203,18.9052677154541,37.30556106567383,15.852147102355957,60.306034088134766,33.620880126953125
2015-03-31,171.41998291015625,19.54733657836914,25.0844783782959,15.948328971862793,45.73441696166992,18.18134307861328,36.358192443847656,15.57176685333252,60.52308654785156,33.34651184082031
2015-04-30,173.87844848632812,20.280946731567383,26.915138244628906,16.021135330200195,45.82921600341797,18.757972717285156,36.30315017700195,15.620196342468262,60.03103256225586,33.440738677978516
2015-05-31,176.1138458251953,20.35736846923828,25.51859474182129,16.333200454711914,45.977516174316406,19.105995178222656,36.618385314941406,15.719094276428223,62.734989166259766,33.88034439086914
2015-06-30,171.7013702392578,19.46439552307129,24.467126846313477,16.18712615966797,44.53582000732422,18.238140106201172,35.72524642944336,14.645255088806152,62.27455139160156,33.96027374267578
2015-07-31,176.43411254882812,18.56740379333496,22.735578536987305,16.81138038635254,44.88941192626953,18.842369079589844,37.99320983886719,15.680298805236816,64.33712005615234,35.734188079833984
2015-08-31,165.680419921875,17.520824432373047,21.768877029418945,15.624383926391602,42.463626861572266,17.802446365356445,35.7276611328125,15.134915351867676,59.212989807128906,33.400020599365234
2015-09-30,160.61782836914062,16.130796432495117,20.055023193359375,15.110906600952148,41.3045539855957,17.479415893554688,35.637027740478516,15.430771827697754,55.6345100402832,33.07929229736328
2015-10-31,175.18605041503906,18.398439407348633,22.457630157470703,16.136363983154297,45.17357635498047,19.402956008911133,37.91147994995117,15.741987228393555,60.14421844482422,36.20420455932617
2015-11-30,175.82635498046875,18.58129119873047,22.454326629638672,16.458023071289062,45.564796447753906,19.540748596191406,37.56186294555664,15.407357215881348,59.9503173828125,36.119266510009766
2015-12-31,171.76541137695312,17.64267921447754,19.912456512451172,15.968841552734375,44.12476348876953,19.038454055786133,38.37512969970703,15.572875022888184,60.7259407043457,34.94778060913086
2016-01-31,164.18511962890625,15.871281623840332,19.389968872070312,14.646090507507324,41.86360549926758,18.423757553100586,38.86452102661133,16.511838912963867,56.27587890625,33.273983001708984
2016-02-29,164.04954528808594,17.11166763305664,18.847009658813477,14.221277236938477,43.647335052490234,18.303129196166992,38.98702621459961,16.831741333007812,56.07269287109375,33.42213821411133
2016-03-31,174.18609619140625,18.3438777923584,20.615785598754883,15.172054290771484,46.4527702331543,19.817598342895508,40.625518798828125,18.03868865966797,57.3849983215332,35.51438522338867
2016-04-30,175.7745361328125,19.348251342773438,22.645036697387695,15.788018226623535,47.27190017700195,18.91650390625,40.24947738647461,17.734798431396484,59.29868698120117,35.70564270019531
2016-05-31,178.7647247314453,19.282529830932617,22.433677673339844,16.086036682128906,47.069881439208984,19.84145164489746,40.52652359008789,18.00217628479004,60.62418746948242,35.723670959472656
2016-06-30,178.45803833007812,19.03605842590332,22.893285751342773,15.483227729797363,47.145633697509766,19.473264694213867,42.44279861450195,19.21819305419922,60.93006896972656,35.19170379638672
2016-07-31,185.92855834960938,20.1014347076416,22.753618240356445,16.10395622253418,49.12371826171875,20.957735061645508,42.349754333496094,19.24614906311035,64.15264892578125,36.927242279052734
2016-08-31,186.1511993408203,20.04776382446289,23.135208129882812,16.72359848022461,49.58921813964844,21.201374053955078,42.10200119018555,18.178970336914062,62.07109832763672,36.447654724121094
2016-09-30,185.22633361816406,19.713361740112305,23.844362258911133,16.177696228027344,49.41149139404297,21.557811737060547,41.196163177490234,18.090349197387695,61.51658248901367,36.212398529052734
2016-10-31,182.9344940185547,19.400005340576172,23.312416076660156,16.6256160736084,48.68586349487305,21.483888626098633,41.13189697265625,18.408483505249023,57.686885833740234,35.46940994262695
2016-11-30,189.6734619140625,20.723764419555664,25.28626823425293,18.95859718322754,53.111080169677734,21.52013397216797,39.40248107910156,17.410402297973633,58.87726593017578,37.17250061035156
2016-12-31,192.3845977783203,20.624177932739258,25.588621139526367,19.58184814453125,52.94939422607422,21.90975570678711,40.28278732299805,18.088197708129883,59.03998947143555,36.9681282043457
2017-01-31,196.9815216064453,21.70440673828125,24.89740562438965,19.721529006958008,54.266845703125,22.78915023803711,41.27387237548828,18.492671966552734,60.65803146362305,38.75397872924805
2017-02-28,204.72117614746094,21.825542449951172,24.378280639648438,20.76218605041504,56.3902587890625,23.82211685180664,43.2437858581543,19.466569900512695,64.50291442871094,39.45751953125
2017-03-31,204.08921813964844,21.892375946044922,23.872819900512695,20.076868057250977,55.70528793334961,24.25897216796875,42.835662841796875,19.29360008239746,63.96104431152344,40.1793212890625
2017-04-30,207.01173400878906,22.237823486328125,23.308252334594727,19.978612899780273,57.05949020385742,24.841197967529297,43.534366607666016,19.587984085083008,65.17706298828125,41.2663459777832
2017-05-31,209.93328857421875,22.24201774597168,22.483673095703125,19.740877151489258,58.07441711425781,25.823333740234375,44.68622970581055,20.39878273010254,65.67774963378906,41.7199592590332
2017-06-30,210.2462615966797,22.547908782958984,22.305011749267578,20.946552276611328,58.58189010620117,24.996511459350586,43.34501266479492,19.686491012573242,68.40567779541016,41.06930923461914
2017-07-31,215.6140899658203,23.002965927124023,23.046663284301758,21.38463592529297,59.031978607177734,26.216327667236328,43.981361389160156,20.32747459411621,69.24070739746094,41.98966598510742
2017-08-31,216.24317932128906,23.18399429321289,21.783979415893555,21.052236557006836,59.161617279052734,26.982271194458008,43.496376037597656,20.99588966369629,70.45406341552734,41.208335876464844
2017-09-30,219.51101684570312,23.912303924560547,23.690114974975586,22.040916442871094,61.35664749145508,27.106101989746094,42.916015625,20.262540817260742,70.83541107177734,41.40138626098633
2017-10-31,225.79861450195312,24.97227668762207,23.80230712890625,22.766183853149414,62.0973014831543,28.975046157836914,42.473358154296875,21.21375274658203,70.55683135986328,42.42880630493164
2017-11-30,232.70034790039062,25.209304809570312,24.21939468383789,23.5535888671875,64.68433380126953,29.38469886779785,44.841434478759766,21.78335952758789,72.60978698730469,44.57815933227539
2017-12-31,234.3247528076172,25.619869232177734,25.32697296142578,23.887378692626953,65.69136810302734,29.435335159301758,45.51346206665039,20.274682998657227,71.92257690429688,45.51906967163086
2018-01-31,248.79638671875,26.774805068969727,26.409460067749023,25.57183074951172,69.59197998046875,31.62409210205078,46.60126495361328,19.82661247253418,76.9437255859375,49.89475631713867
2018-02-28,239.75010681152344,25.362699508666992,23.547990798950195,24.82376480102539,66.90361022949219,31.49474334716797,43.046932220458984,19.057483673095703,73.48519134521484,48.16386413574219
2018-03-31,232.24815368652344,24.218542098999023,23.784385681152344,23.705965042114258,64.84370422363281,30.22422981262207,42.41828918457031,19.628507614135742,71.09215545654297,46.877281188964844
2018-04-30,234.3834686279297,24.340961456298828,26.227928161621094,23.688703536987305,63.29098129272461,30.337324142456055,40.88966369628906,20.18421745300293,72.09566497802734,48.13392639160156
2018-05-31,240.08108520507812,24.840505599975586,27.013235092163086,23.455699920654297,65.23650360107422,32.39502716064453,40.24936294555664,19.96108055114746,72.22713470458984,49.090118408203125
2018-06-30,240.38235473632812,24.793537139892578,26.98480796813965,22.946542739868164,62.77390670776367,32.195743560791016,41.76499557495117,20.340803146362305,73.14740753173828,50.73326873779297
2018-07-31,250.40711975097656,25.621009826660156,27.58922576904297,24.22467803955078,67.68021392822266,32.984169006347656,43.754600524902344,20.85057830810547,78.2302474975586,51.78333282470703
2018-08-31,258.40008544921875,25.42369270324707,26.63046646118164,24.554025650024414,67.8386001586914,35.16078186035156,43.926116943359375,21.119159698486328,81.6170425415039,54.42670822143555
2018-09-30,258.7649841308594,24.84890365600586,27.09553337097168,23.903989791870117,68.982421875,35.03522491455078,44.048641204833984,20.795286178588867,83.70188903808594,54.5523681640625
2018-10-31,241.9736785888672,22.674360275268555,24.191295623779297,22.878311157226562,61.782894134521484,32.340003967285156,45.24810791015625,21.396703720092773,78.33209991455078,49.18878173828125
2018-11-30,246.4621124267578,23.536344528198242,23.813079833984375,23.478994369506836,64.13468933105469,31.705347061157227,46.276283264160156,22.153894424438477,84.6640396118164,50.407081604003906
2018-12-31,223.45657348632812,21.77359390258789,20.65769386291504,20.736740112304688,56.94672775268555,28.924013137817383,41.768741607666016,21.089832305908203,76.39808654785156,46.21543884277344
2019-01-31,242.75723266601562,23.142860412597656,23.18869972229004,22.72313117980957,63.84595489501953,31.064924240112305,44.31745529174805,22.008474349975586,80.4352798461914,50.9748420715332
2019-02-28,250.6262969970703,23.880306243896484,23.723161697387695,23.231201171875,67.91136932373047,33.21154022216797,45.106021881103516,22.912769317626953,81.30464935302734,51.64493179321289
2019-03-31,254.04383850097656,24.075511932373047,24.039466857910156,22.521648406982422,66.74600219726562,34.683231353759766,46.575252532958984,23.378976821899414,81.39337921142578,53.35066223144531
2019-04-30,265.5867614746094,25.029064178466797,24.224346160888672,24.67048454284668,69.7970199584961,37.00996017456055,48.165802001953125,23.771005630493164,79.47932434082031,56.45738983154297
2019-05-31,248.65000915527344,22.98141860961914,21.534786224365234,22.900760650634766,64.46449279785156,33.80315017700195,46.41311264038086,23.584760665893555,77.71627807617188,52.16442108154297
2019-06-30,264.6654968261719,25.486513137817383,23.344926834106445,24.30069351196289,69.2691421508789,36.694915771484375,48.46627426147461,24.143505096435547,82.48895263671875,56.048309326171875
2019-07-31,269.9737854003906,25.568809509277344,23.184545516967773,24.999723434448242,69.92979431152344,38.11277389526367,49.97939682006836,24.303590774536133,81.49958038330078,56.9587287902832
2019-08-31,265.4535827636719,24.845659255981445,21.254344940185547,23.82274055480957,68.07865905761719,37.52766418457031,51.06425857543945,25.540197372436523,81.01668548583984,56.42084503173828
2019-09-30,269.3746337890625,25.5074520111084,21.890348434448242,24.778484344482422,69.75907135009766,37.99952697753906,51.6529426574707,26.421735763549805,80.59639739990234,56.949283599853516
2019-10-31,276.6007080078125,25.631288528442383,21.627853393554688,25.52742576599121,70.92375183105469,39.604190826416016,51.73857498168945,26.424545288085938,85.07962036132812,57.20921325683594
2019-11-30,286.6130065917969,26.446170806884766,21.974882125854492,26.817140579223633,74.11264038085938,41.729488372802734,52.44917678833008,25.93101692199707,89.33587646484375,57.966644287109375
2019-12-31,293.4976806640625,27.054027557373047,22.404001235961914,27.37749671936035,73.59772491455078,43.390907287597656,53.278221130371094,26.57671356201172,91.4639892578125,59.37260437011719
2020-01-31,294.82159423828125,25.524568557739258,20.737937927246094,26.783802032470703,73.63676452636719,45.27052307128906,53.885215759277344,28.59145736694336,89.97205352783203,59.52085876464844
2020-02-29,271.48187255859375,23.349905014038086,17.567485809326172,23.771074295043945,66.34661865234375,41.96534729003906,49.4587516784668,25.772930145263672,84.04593658447266,55.01356887817383
2020-03-31,236.19271850585938,19.948400497436523,11.277030944824219,18.612777709960938,53.573001861572266,38.166290283203125,46.456600189208984,22.96684455871582,80.38859558105469,46.58319854736328
2020-04-30,267.75048828125,23.13139533996582,15.076262474060059,20.546688079833984,58.74647521972656,43.635658264160156,49.973594665527344,23.971250534057617,90.94676208496094,55.64798355102539
2020-05-31,280.50762939453125,24.72312355041504,15.377790451049805,21.105661392211914,61.91206741333008,46.76714324951172,50.805625915527344,24.98854637145996,93.93789672851562,59.270355224609375
2020-06-30,284.23138427734375,25.12440299987793,15.016751289367676,20.86223602294922,62.85441589355469,49.87956237792969,50.2995491027832,23.623783111572266,91.25682830810547,60.95030212402344
2020-07-31,302.29486083984375,27.06018829345703,14.477984428405762,21.802833557128906,65.91796875,52.86036682128906,54.20119094848633,25.678403854370117,96.6436538696289,65.53629302978516
2020-08-31,323.39404296875,28.23925018310547,14.325288772583008,22.73736572265625,71.50534057617188,59.14060974121094,56.69081497192383,25.01143455505371,99.14374542236328,71.79808807373047
2020-09-30,310.0439147949219,28.530654907226562,12.034850120544434,21.83912467956543,70.74259185791016,55.86167526245117,55.41142272949219,25.066308975219727,96.59785461425781,70.31038665771484
2020-10-31,303.5235595703125,28.457801818847656,11.730462074279785,21.767658233642578,69.9935073852539,53.18373107910156,54.14131546020508,26.559181213378906,93.4697265625,68.53790283203125
2020-11-30,336.53985595703125,31.975608825683594,15.014335632324219,25.435136795043945,81.21166229248047,59.23802947998047,58.1849479675293,26.755029678344727,100.89875030517578,75.38832092285156
2020-12-31,347.5267333984375,32.60620880126953,15.479960441589355,26.89482879638672,81.69139099121094,62.37551498413086,58.654537200927734,26.695425033569336,104.30066680908203,77.0757827758789
2021-01-31,345.45166015625,31.97694206237793,16.27474594116211,26.55297088623047,78.52767181396484,61.996646881103516,56.199283599853516,26.684877395629883,106.19863891601562,77.80935668945312
2021-02-28,355.05706787109375,33.294219970703125,19.929523468017578,29.634763717651367,83.93763732910156,62.84297561645508,55.506553649902344,25.05759620666504,103.96443939208984,77.39634704589844
2021-03-31,369.9646301269531,35.67076873779297,20.306180953979492,31.230688095092773,91.2002944946289,63.86236572265625,59.89972686767578,27.496376037597656,107.77735900878906,80.71985626220703
2021-04-30,390.8154602050781,37.748844146728516,20.659666061401367,33.40510559082031,94.71466064453125,67.31724548339844,61.343284606933594,28.860973358154297,112.40371704101562,86.06733703613281
2021-05-31,393.381591796875,39.66720199584961,21.839262008666992,34.9989013671875,97.6788558959961,66.69082641601562,62.42765808105469,28.186166763305664,114.50672912597656,83.14261627197266
2021-06-30,400.8926086425781,37.416996002197266,22.533634185791016,33.8012580871582,95.15140533447266,71.1529541015625,61.68709182739258,27.351303100585938,116.683837890625,85.88935089111328
2021-07-31,412.02294921875,38.36015319824219,20.870805740356445,33.77790832519531,96.3471450805664,74.05438232421875,63.454315185546875,28.758176803588867,122.90544891357422,86.92243194580078
2021-08-31,424.2846984863281,39.086082458496094,20.45246124267578,35.51675796508789,97.41912841796875,76.69022369384766,64.11981201171875,29.878509521484375,125.75140380859375,88.47368621826172
2021-09-30,403.21893310546875,36.11845016479492,22.011749267578125,34.712074279785156,91.20167541503906,72.08475494384766,61.085079193115234,27.847084045410156,118.39474487304688,86.4503173828125
2021-10-31,432.89263916015625,39.03226852416992,24.580224990844727,37.39830780029297,97.7150650024414,78.11634826660156,63.6176643371582,29.388805389404297,124.89718627929688,97.0492935180664
2021-11-30,429.4143981933594,38.816741943359375,23.34843635559082,35.26179504394531,94.23626708984375,81.59344482421875,62.7604866027832,28.888078689575195,121.07987213134766,98.63664245605469
2021-12-31,447.7010192871094,41.54973220825195,23.737648010253906,36.274314880371094,98.9494857788086,84.0840072631836,68.84990692138672,31.440004348754883,131.49578857421875,98.63664245605469
2022-01-31,425.5786437988281,38.92127990722656,28.559404373168945,36.45743942260742,94.56361389160156,78.47732543945312,68.29703521728516,30.655675888061523,122.95054626464844,89.36688232421875
2022-02-28,413.0168151855469,38.42813491821289,30.578319549560547,35.95341110229492,93.76570892333984,74.64964294433594,67.3351058959961,30.071346282958984,121.76070404052734,85.7332534790039
2022-03-31,427.21502685546875,40.626529693603516,33.11713409423828,35.76675033569336,96.66626739501953,77.00436401367188,68.22511291503906,32.96205139160156,128.34713745117188,89.39103698730469
2022-04-30,390.92950439453125,39.33615493774414,32.86967849731445,32.336631774902344,89.60406494140625,68.64710235595703,70.11495208740234,31.756254196166992,122.45064544677734,78.82369232177734
2022-05-31,391.8118896484375,39.79877471923828,38.140201568603516,33.236175537109375,89.18965911865234,68.1762466430664,67.25220489501953,33.124359130859375,124.27391815185547,74.78765106201172
2022-06-30,357.9566650390625,34.048465728759766,31.277587890625,29.469348907470703,82.25792694091797,61.705684661865234,65.18416595458984,31.252683639526367,120.52400970458984,66.53167724609375
2022-07-31,392.6086730957031,36.394287109375,34.6845817565918,31.755399703979492,90.4704360961914,70.18816375732422,67.77539825439453,33.21874237060547,124.95899200439453,78.98171997070312
2022-08-31,376.5895080566406,35.127262115478516,35.60454559326172,31.1336612701416,87.90691375732422,65.82756805419922,66.51979064941406,33.39392852783203,117.74838256835938,75.43109893798828
2022-09-30,340.3771057128906,31.680213928222656,31.853904724121094,28.59963607788086,78.36229705810547,57.80716323852539,60.714900970458984,29.427457809448242,114.30350494384766,69.09625244140625
2022-10-31,369.5532531738281,34.70289993286133,40.240333557128906,32.17812728881836,89.67738342285156,62.38469314575195,66.6136703491211,30.201122283935547,125.78874206542969,70.00892639160156
2022-11-30,390.0973815917969,38.764381408691406,40.754520416259766,34.384578704833984,96.68240356445312,66.33159637451172,70.68888854980469,32.3040771484375,131.72994995117188,71.04910278320312
2022-12-31,365.9363708496094,36.389320373535156,39.109134674072266,32.38645553588867,93.34620666503906,60.71128463745117,68.27122497558594,31.88347816467285,128.72616577148438,62.78104019165039
2023-01-31,390.7351989746094,39.91132354736328,40.623165130615234,34.83840560913086,97.26798248291016,66.52206420898438,68.0136947631836,31.50146484375,126.88728332519531,72.47696685791016
2023-02-28,380.9110107421875,38.58173370361328,37.80443572998047,34.0379638671875,96.4275894165039,66.79607391357422,66.43649291992188,29.636638641357422,120.99773406982422,70.93678283691406
2023-03-31,393.53240966796875,38.030094146728516,37.415958404541016,30.636075973510742,96.62814331054688,73.88568115234375,68.90837860107422,30.86314582824707,123.17658233642578,72.88638305664062
2023-04-30,401.344970703125,38.14340591430664,38.85624694824219,31.764915466308594,95.89305114746094,73.96053314208984,71.76974487304688,31.683134078979492,127.5445785522461,72.28746795654297
2023-05-31,403.19769287109375,35.52475357055664,34.95830154418945,30.414642333984375,92.87242126464844,80.55582427978516,67.34901428222656,29.822933197021484,122.10008239746094,74.12081146240234
2023-06-30,427.7359313964844,39.24201965332031,37.04876708984375,32.28204345703125,102.91242218017578,85.25342559814453,68.73918914794922,30.05718231201172,126.7804183959961,83.01863861083984
2023-07-31,443.3780212402344,40.790687561035156,40.28056716918945,33.985233306884766,106.30850982666016,87.6383285522461,70.70153045654297,31.05363655090332,128.66427612304688,85.11083984375
2023-08-31,436.1722412109375,39.44400405883789,40.94362258911133,33.07139587402344,104.2000732421875,86.31651306152344,67.91082000732422,29.150693893432617,127.76272583007812,83.62651824951172
2023-09-30,414.02227783203125,37.3787727355957,41.620487213134766,31.907453536987305,97.60511016845703,80.55255889892578,64.22406005859375,27.2847900390625,123.47549438476562,78.86003112792969
2023-10-31,406.463134765625,36.36835861206055,39.51558303833008,31.267423629760742,95.08333587646484,80.76402282714844,63.76660919189453,27.860620498657227,119.93718719482422,74.64247131347656
2023-11-30,443.5910339355469,39.404632568359375,39.23263931274414,34.68790817260742,103.4838638305664,91.17900848388672,66.3977279663086,29.29355812072754,126.45699310302734,82.82810974121094
2023-12-31,461.97021484375,40.9012565612793,38.88938522338867,36.330501556396484,110.1926498413086,94.78360748291016,67.68507385253906,29.55961036682129,131.33958435058594,87.75028991699219
2024-01-31,471.2306823730469,39.583675384521484,39.061546325683594,37.63675308227539,109.72637939453125,97.55901336669922,69.04084777832031,28.952308654785156,135.7970733642578,84.0283432006836
2024-02-29,495.8226623535156,42.15967559814453,40.340023040771484,39.17096710205078,117.6091079711914,102.14875793457031,70.48945617675781,29.258554458618164,140.09214782714844,90.66036224365234
2024-03-31,510.4510803222656,44.72603988647461,44.21293258666992,40.899375915527344,122.43010711669922,102.785400390625,72.2978515625,30.93114471435547,142.9071044921875,90.40472412109375
2024-04-30,491.3919677734375,42.82816696166992,44.15006637573242,39.33793640136719,118.47956848144531,97.02310943603516,72.00988006591797,31.704490661621094,136.2388916015625,86.52704620361328
2024-05-31,516.2464599609375,44.229522705078125,43.99899673461914,40.58551788330078,120.41978454589844,103.8894271850586,73.76480865478516,34.54526138305664,139.51063537597656,86.69950103759766
2024-06-30,532.740966796875,42.67353439331055,43.031211853027344,40.068946838378906,118.82081604003906,111.83338928222656,73.0399398803711,32.36955261230469,141.50086975097656,89.86751556396484
2024-07-31,540.9314575195312,44.736392974853516,44.35709762573242,42.801143646240234,125.08918762207031,108.35023498535156,74.81181335449219,34.85731506347656,145.8369598388672,92.5740737915039
2024-08-31,553.5706176757812,45.775421142578125,43.438636779785156,44.758216857910156,128.61117553710938,109.10789489746094,79.28996276855469,36.53337860107422,153.21507263183594,92.39137268066406
2024-09-30,563.4698486328125,46.795021057128906,41.78256607055664,44.347232818603516,132.5049285888672,111.79683685302734,79.76083374023438,38.683528900146484,150.1156768798828,98.93363189697266
2024-10-31,560.1546020507812,45.545684814453125,42.50666809082031,45.64728927612305,131.3549041748047,110.25141906738281,77.40238189697266,38.526214599609375,143.68080139160156,97.41594696044922
2024-11-30,593.5585327148438,46.22357177734375,45.83657455444336,50.42021942138672,141.32701110839844,115.95149230957031,80.39723205566406,39.98221969604492,144.20909118652344,109.98814392089844
2024-12-31,577.3343505859375,41.034515380859375,41.1008186340332,47.464141845703125,129.3231964111328,115.35123443603516,75.94359588623047,36.49167251586914,134.58277893066406,111.00242614746094
