Date,Mkt-RF,SMB,HML,RMW,CMA,RF
2000-01-07,-0.047400000000000005,0.0421,-0.011200000000000002,-0.061500000000000006,0.045599999999999995,0.0040999999999999995
2000-01-14,-0.047400000000000005,0.0421,-0.011200000000000002,-0.061500000000000006,0.045599999999999995,0.0040999999999999995
2000-01-21,-0.047400000000000005,0.0421,-0.011200000000000002,-0.061500000000000006,0.045599999999999995,0.0040999999999999995
2000-01-28,-0.047400000000000005,0.0421,-0.011200000000000002,-0.061500000000000006,0.045599999999999995,0.0040999999999999995
2000-02-04,0.0245,0.18460000000000001,-0.0977,-0.1895,-0.0113,0.0043
2000-02-11,0.0245,0.18460000000000001,-0.0977,-0.1895,-0.0113,0.0043
2000-02-18,0.0245,0.18460000000000001,-0.0977,-0.1895,-0.0113,0.0043
2000-02-25,0.0245,0.18460000000000001,-0.0977,-0.1895,-0.0113,0.0043
2000-03-03,0.0521,-0.15539999999999998,0.085,0.1165,-0.012,0.004699999999999999
2000-03-10,0.0521,-0.15539999999999998,0.085,0.1165,-0.012,0.004699999999999999
2000-03-17,0.0521,-0.15539999999999998,0.085,0.1165,-0.012,0.004699999999999999
2000-03-24,0.0521,-0.15539999999999998,0.085,0.1165,-0.012,0.004699999999999999
2000-03-31,0.0521,-0.15539999999999998,0.085,0.1165,-0.012,0.004699999999999999
2000-04-07,-0.0635,-0.0475,0.0645,0.08070000000000001,0.056299999999999996,0.0046
2000-04-14,-0.0635,-0.0475,0.0645,0.08070000000000001,0.056299999999999996,0.0046
2000-04-21,-0.0635,-0.0475,0.0645,0.08070000000000001,0.056299999999999996,0.0046
2000-04-28,-0.0635,-0.0475,0.0645,0.08070000000000001,0.056299999999999996,0.0046
2000-05-05,-0.043899999999999995,-0.038599999999999995,0.045899999999999996,0.0405,0.0147,0.005
2000-05-12,-0.043899999999999995,-0.038599999999999995,0.045899999999999996,0.0405,0.0147,0.005
2000-05-19,-0.043899999999999995,-0.038599999999999995,0.045899999999999996,0.0405,0.0147,0.005
2000-05-26,-0.043899999999999995,-0.038599999999999995,0.045899999999999996,0.0405,0.0147,0.005
2000-06-02,0.046799999999999994,0.09949999999999999,-0.08039999999999999,-0.08310000000000001,-0.0317,0.004
2000-06-09,0.046799999999999994,0.09949999999999999,-0.08039999999999999,-0.08310000000000001,-0.0317,0.004
2000-06-16,0.046799999999999994,0.09949999999999999,-0.08039999999999999,-0.08310000000000001,-0.0317,0.004
2000-06-23,0.046799999999999994,0.09949999999999999,-0.08039999999999999,-0.08310000000000001,-0.0317,0.004
2000-06-30,0.046799999999999994,0.09949999999999999,-0.08039999999999999,-0.08310000000000001,-0.0317,0.004
2000-07-07,-0.0248,-0.009399999999999999,0.0806,0.0572,0.0298,0.0048
2000-07-14,-0.0248,-0.009399999999999999,0.0806,0.0572,0.0298,0.0048
2000-07-21,-0.0248,-0.009399999999999999,0.0806,0.0572,0.0298,0.0048
2000-07-28,-0.0248,-0.009399999999999999,0.0806,0.0572,0.0298,0.0048
2000-08-04,0.0703,-0.0095,-0.0137,-0.030600000000000002,0.0121,0.005
2000-08-11,0.0703,-0.0095,-0.0137,-0.030600000000000002,0.0121,0.005
2000-08-18,0.0703,-0.0095,-0.0137,-0.030600000000000002,0.0121,0.005
2000-08-25,0.0703,-0.0095,-0.0137,-0.030600000000000002,0.0121,0.005
2000-09-01,-0.054400000000000004,0.0027,0.0724,0.027000000000000003,0.0554,0.0051
2000-09-08,-0.054400000000000004,0.0027,0.0724,0.027000000000000003,0.0554,0.0051
2000-09-15,-0.054400000000000004,0.0027,0.0724,0.027000000000000003,0.0554,0.0051
2000-09-22,-0.054400000000000004,0.0027,0.0724,0.027000000000000003,0.0554,0.0051
2000-09-29,-0.054400000000000004,0.0027,0.0724,0.027000000000000003,0.0554,0.0051
2000-10-06,-0.0278,-0.0258,0.0558,0.09539999999999998,0.0371,0.005600000000000001
2000-10-13,-0.0278,-0.0258,0.0558,0.09539999999999998,0.0371,0.005600000000000001
2000-10-20,-0.0278,-0.0258,0.0558,0.09539999999999998,0.0371,0.005600000000000001
2000-10-27,-0.0278,-0.0258,0.0558,0.09539999999999998,0.0371,0.005600000000000001
2000-11-03,-0.107,-0.0034999999999999996,0.12240000000000001,0.1305,0.08349999999999999,0.0051
2000-11-10,-0.107,-0.0034999999999999996,0.12240000000000001,0.1305,0.08349999999999999,0.0051
2000-11-17,-0.107,-0.0034999999999999996,0.12240000000000001,0.1305,0.08349999999999999,0.0051
2000-11-24,-0.107,-0.0034999999999999996,0.12240000000000001,0.1305,0.08349999999999999,0.0051
2000-12-01,0.0118,0.0326,0.0755,0.0192,0.0482,0.005
2000-12-08,0.0118,0.0326,0.0755,0.0192,0.0482,0.005
2000-12-15,0.0118,0.0326,0.0755,0.0192,0.0482,0.005
2000-12-22,0.0118,0.0326,0.0755,0.0192,0.0482,0.005
2000-12-29,0.0118,0.0326,0.0755,0.0192,0.0482,0.005
2001-01-05,0.0325,0.052300000000000006,-0.050499999999999996,-0.052000000000000005,-0.0521,0.0054
2001-01-12,0.0325,0.052300000000000006,-0.050499999999999996,-0.052000000000000005,-0.0521,0.0054
2001-01-19,0.0325,0.052300000000000006,-0.050499999999999996,-0.052000000000000005,-0.0521,0.0054
2001-01-26,0.0325,0.052300000000000006,-0.050499999999999996,-0.052000000000000005,-0.0521,0.0054
2001-02-02,-0.1003,0.0287,0.1223,0.09119999999999999,0.0901,0.0038
2001-02-09,-0.1003,0.0287,0.1223,0.09119999999999999,0.0901,0.0038
2001-02-16,-0.1003,0.0287,0.1223,0.09119999999999999,0.0901,0.0038
2001-02-23,-0.1003,0.0287,0.1223,0.09119999999999999,0.0901,0.0038
2001-03-02,-0.0725,0.0233,0.0647,0.0334,0.037200000000000004,0.0042
2001-03-09,-0.0725,0.0233,0.0647,0.0334,0.037200000000000004,0.0042
2001-03-16,-0.0725,0.0233,0.0647,0.0334,0.037200000000000004,0.0042
2001-03-23,-0.0725,0.0233,0.0647,0.0334,0.037200000000000004,0.0042
2001-03-30,-0.0725,0.0233,0.0647,0.0334,0.037200000000000004,0.0042
2001-04-06,0.0794,-0.0088,-0.0464,-0.0318,-0.0319,0.0039000000000000003
2001-04-13,0.0794,-0.0088,-0.0464,-0.0318,-0.0319,0.0039000000000000003
2001-04-20,0.0794,-0.0088,-0.0464,-0.0318,-0.0319,0.0039000000000000003
2001-04-27,0.0794,-0.0088,-0.0464,-0.0318,-0.0319,0.0039000000000000003
2001-05-04,0.0068000000000000005,0.0355,0.0338,0.0029,0.0195,0.0032
2001-05-11,0.0068000000000000005,0.0355,0.0338,0.0029,0.0195,0.0032
2001-05-18,0.0068000000000000005,0.0355,0.0338,0.0029,0.0195,0.0032
2001-05-25,0.0068000000000000005,0.0355,0.0338,0.0029,0.0195,0.0032
2001-06-01,-0.0194,0.0669,-0.0126,0.015700000000000002,-0.0167,0.0028000000000000004
2001-06-08,-0.0194,0.0669,-0.0126,0.015700000000000002,-0.0167,0.0028000000000000004
2001-06-15,-0.0194,0.0669,-0.0126,0.015700000000000002,-0.0167,0.0028000000000000004
2001-06-22,-0.0194,0.0669,-0.0126,0.015700000000000002,-0.0167,0.0028000000000000004
2001-06-29,-0.0194,0.0669,-0.0126,0.015700000000000002,-0.0167,0.0028000000000000004
2001-07-06,-0.0213,-0.0286,0.0495,0.0729,0.028999999999999998,0.003
2001-07-13,-0.0213,-0.0286,0.0495,0.0729,0.028999999999999998,0.003
2001-07-20,-0.0213,-0.0286,0.0495,0.0729,0.028999999999999998,0.003
2001-07-27,-0.0213,-0.0286,0.0495,0.0729,0.028999999999999998,0.003
2001-08-03,-0.064,0.0254,0.0286,0.0381,0.0653,0.0031
2001-08-10,-0.064,0.0254,0.0286,0.0381,0.0653,0.0031
2001-08-17,-0.064,0.0254,0.0286,0.0381,0.0653,0.0031
2001-08-24,-0.064,0.0254,0.0286,0.0381,0.0653,0.0031
2001-08-31,-0.064,0.0254,0.0286,0.0381,0.0653,0.0031
2001-09-07,-0.0924,-0.0574,0.0152,0.050300000000000004,0.0335,0.0028000000000000004
2001-09-14,-0.0924,-0.0574,0.0152,0.050300000000000004,0.0335,0.0028000000000000004
2001-09-21,-0.0924,-0.0574,0.0152,0.050300000000000004,0.0335,0.0028000000000000004
2001-09-28,-0.0924,-0.0574,0.0152,0.050300000000000004,0.0335,0.0028000000000000004
2001-10-05,0.0248,0.053399999999999996,-0.0731,-0.0298,-0.0436,0.0022
2001-10-12,0.0248,0.053399999999999996,-0.0731,-0.0298,-0.0436,0.0022
2001-10-19,0.0248,0.053399999999999996,-0.0731,-0.0298,-0.0436,0.0022
2001-10-26,0.0248,0.053399999999999996,-0.0731,-0.0298,-0.0436,0.0022
2001-11-02,0.0753,-0.0036,0.0217,-0.0349,-0.0168,0.0017000000000000001
2001-11-09,0.0753,-0.0036,0.0217,-0.0349,-0.0168,0.0017000000000000001
2001-11-16,0.0753,-0.0036,0.0217,-0.0349,-0.0168,0.0017000000000000001
2001-11-23,0.0753,-0.0036,0.0217,-0.0349,-0.0168,0.0017000000000000001
2001-11-30,0.0753,-0.0036,0.0217,-0.0349,-0.0168,0.0017000000000000001
2001-12-07,0.0161,0.051100000000000007,0.0083,0.0026,-0.0028000000000000004,0.0015
2001-12-14,0.0161,0.051100000000000007,0.0083,0.0026,-0.0028000000000000004,0.0015
2001-12-21,0.0161,0.051100000000000007,0.0083,0.0026,-0.0028000000000000004,0.0015
2001-12-28,0.0161,0.051100000000000007,0.0083,0.0026,-0.0028000000000000004,0.0015
2002-01-04,-0.0144,0.0128,0.0342,0.0473,0.028300000000000002,0.0014000000000000002
2002-01-11,-0.0144,0.0128,0.0342,0.0473,0.028300000000000002,0.0014000000000000002
2002-01-18,-0.0144,0.0128,0.0342,0.0473,0.028300000000000002,0.0014000000000000002
2002-01-25,-0.0144,0.0128,0.0342,0.0473,0.028300000000000002,0.0014000000000000002
2002-02-01,-0.022799999999999997,-0.0038,0.023399999999999997,0.0803,0.051,0.0013
2002-02-08,-0.022799999999999997,-0.0038,0.023399999999999997,0.0803,0.051,0.0013
2002-02-15,-0.022799999999999997,-0.0038,0.023399999999999997,0.0803,0.051,0.0013
2002-02-22,-0.022799999999999997,-0.0038,0.023399999999999997,0.0803,0.051,0.0013
2002-03-01,0.0424,0.0415,0.0108,-0.0183,0.0066,0.0013
2002-03-08,0.0424,0.0415,0.0108,-0.0183,0.0066,0.0013
2002-03-15,0.0424,0.0415,0.0108,-0.0183,0.0066,0.0013
2002-03-22,0.0424,0.0415,0.0108,-0.0183,0.0066,0.0013
2002-03-29,0.0424,0.0415,0.0108,-0.0183,0.0066,0.0013
2002-04-05,-0.0521,0.0663,0.0401,0.045899999999999996,0.0535,0.0015
2002-04-12,-0.0521,0.0663,0.0401,0.045899999999999996,0.0535,0.0015
2002-04-19,-0.0521,0.0663,0.0401,0.045899999999999996,0.0535,0.0015
2002-04-26,-0.0521,0.0663,0.0401,0.045899999999999996,0.0535,0.0015
2002-05-03,-0.013600000000000001,-0.030699999999999998,0.0152,0.0231,0.0253,0.0014000000000000002
2002-05-10,-0.013600000000000001,-0.030699999999999998,0.0152,0.0231,0.0253,0.0014000000000000002
2002-05-17,-0.013600000000000001,-0.030699999999999998,0.0152,0.0231,0.0253,0.0014000000000000002
2002-05-24,-0.013600000000000001,-0.030699999999999998,0.0152,0.0231,0.0253,0.0014000000000000002
2002-05-31,-0.013600000000000001,-0.030699999999999998,0.0152,0.0231,0.0253,0.0014000000000000002
2002-06-07,-0.0723,0.037599999999999995,0.0037,0.0392,0.026600000000000002,0.0013
2002-06-14,-0.0723,0.037599999999999995,0.0037,0.0392,0.026600000000000002,0.0013
2002-06-21,-0.0723,0.037599999999999995,0.0037,0.0392,0.026600000000000002,0.0013
2002-06-28,-0.0723,0.037599999999999995,0.0037,0.0392,0.026600000000000002,0.0013
2002-07-05,-0.0819,-0.0633,-0.0351,0.0384,-0.011000000000000001,0.0015
2002-07-12,-0.0819,-0.0633,-0.0351,0.0384,-0.011000000000000001,0.0015
2002-07-19,-0.0819,-0.0633,-0.0351,0.0384,-0.011000000000000001,0.0015
2002-07-26,-0.0819,-0.0633,-0.0351,0.0384,-0.011000000000000001,0.0015
2002-08-02,0.005,-0.0128,0.0301,0.0137,-0.013999999999999999,0.0014000000000000002
2002-08-09,0.005,-0.0128,0.0301,0.0137,-0.013999999999999999,0.0014000000000000002
2002-08-16,0.005,-0.0128,0.0301,0.0137,-0.013999999999999999,0.0014000000000000002
2002-08-23,0.005,-0.0128,0.0301,0.0137,-0.013999999999999999,0.0014000000000000002
2002-08-30,0.005,-0.0128,0.0301,0.0137,-0.013999999999999999,0.0014000000000000002
2002-09-06,-0.10339999999999999,0.0305,0.0126,0.0329,-0.0229,0.0014000000000000002
2002-09-13,-0.10339999999999999,0.0305,0.0126,0.0329,-0.0229,0.0014000000000000002
2002-09-20,-0.10339999999999999,0.0305,0.0126,0.0329,-0.0229,0.0014000000000000002
2002-09-27,-0.10339999999999999,0.0305,0.0126,0.0329,-0.0229,0.0014000000000000002
2002-10-04,0.0784,-0.0429,-0.037599999999999995,-0.0316,0.0073,0.0014000000000000002
2002-10-11,0.0784,-0.0429,-0.037599999999999995,-0.0316,0.0073,0.0014000000000000002
2002-10-18,0.0784,-0.0429,-0.037599999999999995,-0.0316,0.0073,0.0014000000000000002
2002-10-25,0.0784,-0.0429,-0.037599999999999995,-0.0316,0.0073,0.0014000000000000002
2002-11-01,0.0596,0.0294,-0.0116,-0.0925,0.0516,0.0012
2002-11-08,0.0596,0.0294,-0.0116,-0.0925,0.0516,0.0012
2002-11-15,0.0596,0.0294,-0.0116,-0.0925,0.0516,0.0012
2002-11-22,0.0596,0.0294,-0.0116,-0.0925,0.0516,0.0012
2002-11-29,0.0596,0.0294,-0.0116,-0.0925,0.0516,0.0012
2002-12-06,-0.0576,0.0055000000000000005,0.021099999999999997,0.0632,-0.0179,0.0011
2002-12-13,-0.0576,0.0055000000000000005,0.021099999999999997,0.0632,-0.0179,0.0011
2002-12-20,-0.0576,0.0055000000000000005,0.021099999999999997,0.0632,-0.0179,0.0011
2002-12-27,-0.0576,0.0055000000000000005,0.021099999999999997,0.0632,-0.0179,0.0011
2003-01-03,-0.025699999999999997,0.0070999999999999995,-0.0079,-0.009300000000000001,0.0069,0.001
2003-01-10,-0.025699999999999997,0.0070999999999999995,-0.0079,-0.009300000000000001,0.0069,0.001
2003-01-17,-0.025699999999999997,0.0070999999999999995,-0.0079,-0.009300000000000001,0.0069,0.001
2003-01-24,-0.025699999999999997,0.0070999999999999995,-0.0079,-0.009300000000000001,0.0069,0.001
2003-01-31,-0.025699999999999997,0.0070999999999999995,-0.0079,-0.009300000000000001,0.0069,0.001
2003-02-07,-0.018799999999999997,-0.0087,-0.013600000000000001,0.0079,-0.0068000000000000005,0.0009
2003-02-14,-0.018799999999999997,-0.0087,-0.013600000000000001,0.0079,-0.0068000000000000005,0.0009
2003-02-21,-0.018799999999999997,-0.0087,-0.013600000000000001,0.0079,-0.0068000000000000005,0.0009
2003-02-28,-0.018799999999999997,-0.0087,-0.013600000000000001,0.0079,-0.0068000000000000005,0.0009
2003-03-07,0.0109,0.0077,-0.021099999999999997,0.0168,-0.008100000000000001,0.001
2003-03-14,0.0109,0.0077,-0.021099999999999997,0.0168,-0.008100000000000001,0.001
2003-03-21,0.0109,0.0077,-0.021099999999999997,0.0168,-0.008100000000000001,0.001
2003-03-28,0.0109,0.0077,-0.021099999999999997,0.0168,-0.008100000000000001,0.001
2003-04-04,0.0818,0.011399999999999999,0.012199999999999999,-0.046799999999999994,0.0098,0.001
2003-04-11,0.0818,0.011399999999999999,0.012199999999999999,-0.046799999999999994,0.0098,0.001
2003-04-18,0.0818,0.011399999999999999,0.012199999999999999,-0.046799999999999994,0.0098,0.001
2003-04-25,0.0818,0.011399999999999999,0.012199999999999999,-0.046799999999999994,0.0098,0.001
2003-05-02,0.0605,0.0478,0.006999999999999999,-0.0694,0.030699999999999998,0.0009
2003-05-09,0.0605,0.0478,0.006999999999999999,-0.0694,0.030699999999999998,0.0009
2003-05-16,0.0605,0.0478,0.006999999999999999,-0.0694,0.030699999999999998,0.0009
2003-05-23,0.0605,0.0478,0.006999999999999999,-0.0694,0.030699999999999998,0.0009
2003-05-30,0.0605,0.0478,0.006999999999999999,-0.0694,0.030699999999999998,0.0009
2003-06-06,0.014199999999999999,0.0165,0.0014000000000000002,0.0044,-0.004,0.001
2003-06-13,0.014199999999999999,0.0165,0.0014000000000000002,0.0044,-0.004,0.001
2003-06-20,0.014199999999999999,0.0165,0.0014000000000000002,0.0044,-0.004,0.001
2003-06-27,0.014199999999999999,0.0165,0.0014000000000000002,0.0044,-0.004,0.001
2003-07-04,0.0233,0.044000000000000004,-0.015300000000000001,-0.038900000000000004,0.0152,0.0007000000000000001
2003-07-11,0.0233,0.044000000000000004,-0.015300000000000001,-0.038900000000000004,0.0152,0.0007000000000000001
2003-07-18,0.0233,0.044000000000000004,-0.015300000000000001,-0.038900000000000004,0.0152,0.0007000000000000001
2003-07-25,0.0233,0.044000000000000004,-0.015300000000000001,-0.038900000000000004,0.0152,0.0007000000000000001
2003-08-01,0.0233,0.023700000000000002,0.016399999999999998,-0.0229,0.0215,0.0007000000000000001
2003-08-08,0.0233,0.023700000000000002,0.016399999999999998,-0.0229,0.0215,0.0007000000000000001
2003-08-15,0.0233,0.023700000000000002,0.016399999999999998,-0.0229,0.0215,0.0007000000000000001
2003-08-22,0.0233,0.023700000000000002,0.016399999999999998,-0.0229,0.0215,0.0007000000000000001
2003-08-29,0.0233,0.023700000000000002,0.016399999999999998,-0.0229,0.0215,0.0007000000000000001
2003-09-05,-0.0124,0.005699999999999999,0.0014000000000000002,0.009000000000000001,0.0040999999999999995,0.0008
2003-09-12,-0.0124,0.005699999999999999,0.0014000000000000002,0.009000000000000001,0.0040999999999999995,0.0008
2003-09-19,-0.0124,0.005699999999999999,0.0014000000000000002,0.009000000000000001,0.0040999999999999995,0.0008
2003-09-26,-0.0124,0.005699999999999999,0.0014000000000000002,0.009000000000000001,0.0040999999999999995,0.0008
2003-10-03,0.0608,0.0263,0.022099999999999998,-0.0138,0.0165,0.0007000000000000001
2003-10-10,0.0608,0.0263,0.022099999999999998,-0.0138,0.0165,0.0007000000000000001
2003-10-17,0.0608,0.0263,0.022099999999999998,-0.0138,0.0165,0.0007000000000000001
2003-10-24,0.0608,0.0263,0.022099999999999998,-0.0138,0.0165,0.0007000000000000001
2003-10-31,0.0608,0.0263,0.022099999999999998,-0.0138,0.0165,0.0007000000000000001
2003-11-07,0.013500000000000002,0.0231,0.0172,0.0021,0.0168,0.0007000000000000001
2003-11-14,0.013500000000000002,0.0231,0.0172,0.0021,0.0168,0.0007000000000000001
2003-11-21,0.013500000000000002,0.0231,0.0172,0.0021,0.0168,0.0007000000000000001
2003-11-28,0.013500000000000002,0.0231,0.0172,0.0021,0.0168,0.0007000000000000001
2003-12-05,0.0429,-0.025099999999999997,0.0151,0.005699999999999999,0.0085,0.0008
2003-12-12,0.0429,-0.025099999999999997,0.0151,0.005699999999999999,0.0085,0.0008
2003-12-19,0.0429,-0.025099999999999997,0.0151,0.005699999999999999,0.0085,0.0008
2003-12-26,0.0429,-0.025099999999999997,0.0151,0.005699999999999999,0.0085,0.0008
2004-01-02,0.0215,0.0246,0.0242,-0.036000000000000004,0.0333,0.0007000000000000001
2004-01-09,0.0215,0.0246,0.0242,-0.036000000000000004,0.0333,0.0007000000000000001
2004-01-16,0.0215,0.0246,0.0242,-0.036000000000000004,0.0333,0.0007000000000000001
2004-01-23,0.0215,0.0246,0.0242,-0.036000000000000004,0.0333,0.0007000000000000001
2004-01-30,0.0215,0.0246,0.0242,-0.036000000000000004,0.0333,0.0007000000000000001
2004-02-06,0.013999999999999999,-0.0092,0.0095,0.0213,-0.011699999999999999,0.0006
2004-02-13,0.013999999999999999,-0.0092,0.0095,0.0213,-0.011699999999999999,0.0006
2004-02-20,0.013999999999999999,-0.0092,0.0095,0.0213,-0.011699999999999999,0.0006
2004-02-27,0.013999999999999999,-0.0092,0.0095,0.0213,-0.011699999999999999,0.0006
2004-03-05,-0.0132,0.021099999999999997,0.0023,0.0165,-0.0098,0.0009
2004-03-12,-0.0132,0.021099999999999997,0.0023,0.0165,-0.0098,0.0009
2004-03-19,-0.0132,0.021099999999999997,0.0023,0.0165,-0.0098,0.0009
2004-03-26,-0.0132,0.021099999999999997,0.0023,0.0165,-0.0098,0.0009
2004-04-02,-0.0182,-0.0206,-0.0323,0.0346,-0.028300000000000002,0.0008
2004-04-09,-0.0182,-0.0206,-0.0323,0.0346,-0.028300000000000002,0.0008
2004-04-16,-0.0182,-0.0206,-0.0323,0.0346,-0.028300000000000002,0.0008
2004-04-23,-0.0182,-0.0206,-0.0323,0.0346,-0.028300000000000002,0.0008
2004-04-30,-0.0182,-0.0206,-0.0323,0.0346,-0.028300000000000002,0.0008
2004-05-07,0.0118,-0.004,-0.0018,-0.011699999999999999,0.0001,0.0006
2004-05-14,0.0118,-0.004,-0.0018,-0.011699999999999999,0.0001,0.0006
2004-05-21,0.0118,-0.004,-0.0018,-0.011699999999999999,0.0001,0.0006
2004-05-28,0.0118,-0.004,-0.0018,-0.011699999999999999,0.0001,0.0006
2004-06-04,0.018600000000000002,0.0252,0.0121,0.011200000000000002,-0.0031,0.0008
2004-06-11,0.018600000000000002,0.0252,0.0121,0.011200000000000002,-0.0031,0.0008
2004-06-18,0.018600000000000002,0.0252,0.0121,0.011200000000000002,-0.0031,0.0008
2004-06-25,0.018600000000000002,0.0252,0.0121,0.011200000000000002,-0.0031,0.0008
2004-07-02,-0.0404,-0.0292,0.0322,0.0521,-0.0168,0.001
2004-07-09,-0.0404,-0.0292,0.0322,0.0521,-0.0168,0.001
2004-07-16,-0.0404,-0.0292,0.0322,0.0521,-0.0168,0.001
2004-07-23,-0.0404,-0.0292,0.0322,0.0521,-0.0168,0.001
2004-07-30,-0.0404,-0.0292,0.0322,0.0521,-0.0168,0.001
2004-08-06,0.0008,-0.0118,0.0108,0.0121,-0.013500000000000002,0.0011
2004-08-13,0.0008,-0.0118,0.0108,0.0121,-0.013500000000000002,0.0011
2004-08-20,0.0008,-0.0118,0.0108,0.0121,-0.013500000000000002,0.0011
2004-08-27,0.0008,-0.0118,0.0108,0.0121,-0.013500000000000002,0.0011
2004-09-03,0.016,0.0322,-0.0005,-0.0149,-0.0172,0.0011
2004-09-10,0.016,0.0322,-0.0005,-0.0149,-0.0172,0.0011
2004-09-17,0.016,0.0322,-0.0005,-0.0149,-0.0172,0.0011
2004-09-24,0.016,0.0322,-0.0005,-0.0149,-0.0172,0.0011
2004-10-01,0.014199999999999999,0.0015,-0.0026,-0.0053,0.0040999999999999995,0.0011
2004-10-08,0.014199999999999999,0.0015,-0.0026,-0.0053,0.0040999999999999995,0.0011
2004-10-15,0.014199999999999999,0.0015,-0.0026,-0.0053,0.0040999999999999995,0.0011
2004-10-22,0.014199999999999999,0.0015,-0.0026,-0.0053,0.0040999999999999995,0.0011
2004-10-29,0.014199999999999999,0.0015,-0.0026,-0.0053,0.0040999999999999995,0.0011
2004-11-05,0.0453,0.0412,0.015700000000000002,-0.0052,-0.0018,0.0015
2004-11-12,0.0453,0.0412,0.015700000000000002,-0.0052,-0.0018,0.0015
2004-11-19,0.0453,0.0412,0.015700000000000002,-0.0052,-0.0018,0.0015
2004-11-26,0.0453,0.0412,0.015700000000000002,-0.0052,-0.0018,0.0015
2004-12-03,0.0341,-0.0004,-0.0023,-0.010700000000000001,0.0039000000000000003,0.0016
2004-12-10,0.0341,-0.0004,-0.0023,-0.010700000000000001,0.0039000000000000003,0.0016
2004-12-17,0.0341,-0.0004,-0.0023,-0.010700000000000001,0.0039000000000000003,0.0016
2004-12-24,0.0341,-0.0004,-0.0023,-0.010700000000000001,0.0039000000000000003,0.0016
2004-12-31,0.0341,-0.0004,-0.0023,-0.010700000000000001,0.0039000000000000003,0.0016
2005-01-07,-0.0275,-0.0111,0.0206,0.027999999999999997,-0.0141,0.0016
2005-01-14,-0.0275,-0.0111,0.0206,0.027999999999999997,-0.0141,0.0016
2005-01-21,-0.0275,-0.0111,0.0206,0.027999999999999997,-0.0141,0.0016
2005-01-28,-0.0275,-0.0111,0.0206,0.027999999999999997,-0.0141,0.0016
2005-02-04,0.018799999999999997,-0.003,0.0141,0.0132,-0.0021,0.0016
2005-02-11,0.018799999999999997,-0.003,0.0141,0.0132,-0.0021,0.0016
2005-02-18,0.018799999999999997,-0.003,0.0141,0.0132,-0.0021,0.0016
2005-02-25,0.018799999999999997,-0.003,0.0141,0.0132,-0.0021,0.0016
2005-03-04,-0.019299999999999998,-0.0141,0.0207,0.0044,0.0134,0.0021
2005-03-11,-0.019299999999999998,-0.0141,0.0207,0.0044,0.0134,0.0021
2005-03-18,-0.019299999999999998,-0.0141,0.0207,0.0044,0.0134,0.0021
2005-03-25,-0.019299999999999998,-0.0141,0.0207,0.0044,0.0134,0.0021
2005-04-01,-0.026000000000000002,-0.0397,0.0005,0.0097,-0.0085,0.0021
2005-04-08,-0.026000000000000002,-0.0397,0.0005,0.0097,-0.0085,0.0021
2005-04-15,-0.026000000000000002,-0.0397,0.0005,0.0097,-0.0085,0.0021
2005-04-22,-0.026000000000000002,-0.0397,0.0005,0.0097,-0.0085,0.0021
2005-04-29,-0.026000000000000002,-0.0397,0.0005,0.0097,-0.0085,0.0021
2005-05-06,0.0365,0.0276,-0.0058,-0.0102,0.0028000000000000004,0.0024
2005-05-13,0.0365,0.0276,-0.0058,-0.0102,0.0028000000000000004,0.0024
2005-05-20,0.0365,0.0276,-0.0058,-0.0102,0.0028000000000000004,0.0024
2005-05-27,0.0365,0.0276,-0.0058,-0.0102,0.0028000000000000004,0.0024
2005-06-03,0.0058,0.0326,0.027999999999999997,0.0087,-0.0052,0.0023
2005-06-10,0.0058,0.0326,0.027999999999999997,0.0087,-0.0052,0.0023
2005-06-17,0.0058,0.0326,0.027999999999999997,0.0087,-0.0052,0.0023
2005-06-24,0.0058,0.0326,0.027999999999999997,0.0087,-0.0052,0.0023
2005-07-01,0.0392,0.0276,-0.0078000000000000005,-0.011899999999999999,-0.0078000000000000005,0.0024
2005-07-08,0.0392,0.0276,-0.0078000000000000005,-0.011899999999999999,-0.0078000000000000005,0.0024
2005-07-15,0.0392,0.0276,-0.0078000000000000005,-0.011899999999999999,-0.0078000000000000005,0.0024
2005-07-22,0.0392,0.0276,-0.0078000000000000005,-0.011899999999999999,-0.0078000000000000005,0.0024
2005-07-29,0.0392,0.0276,-0.0078000000000000005,-0.011899999999999999,-0.0078000000000000005,0.0024
2005-08-05,-0.012,-0.009399999999999999,0.0134,-0.0196,0.0038,0.003
2005-08-12,-0.012,-0.009399999999999999,0.0134,-0.0196,0.0038,0.003
2005-08-19,-0.012,-0.009399999999999999,0.0134,-0.0196,0.0038,0.003
2005-08-26,-0.012,-0.009399999999999999,0.0134,-0.0196,0.0038,0.003
2005-09-02,0.0048,-0.0031,0.0078000000000000005,0.0026,-0.0060999999999999995,0.0029
2005-09-09,0.0048,-0.0031,0.0078000000000000005,0.0026,-0.0060999999999999995,0.0029
2005-09-16,0.0048,-0.0031,0.0078000000000000005,0.0026,-0.0060999999999999995,0.0029
2005-09-23,0.0048,-0.0031,0.0078000000000000005,0.0026,-0.0060999999999999995,0.0029
2005-09-30,0.0048,-0.0031,0.0078000000000000005,0.0026,-0.0060999999999999995,0.0029
2005-10-07,-0.0204,-0.015,0.0043,-0.006999999999999999,-0.0126,0.0027
2005-10-14,-0.0204,-0.015,0.0043,-0.006999999999999999,-0.0126,0.0027
2005-10-21,-0.0204,-0.015,0.0043,-0.006999999999999999,-0.0126,0.0027
2005-10-28,-0.0204,-0.015,0.0043,-0.006999999999999999,-0.0126,0.0027
2005-11-04,0.0361,0.009000000000000001,-0.011899999999999999,-0.0079,-0.0109,0.0031
2005-11-11,0.0361,0.009000000000000001,-0.011899999999999999,-0.0079,-0.0109,0.0031
2005-11-18,0.0361,0.009000000000000001,-0.011899999999999999,-0.0079,-0.0109,0.0031
2005-11-25,0.0361,0.009000000000000001,-0.011899999999999999,-0.0079,-0.0109,0.0031
2005-12-02,-0.0024,-0.0025,0.0015,0.0018,0.002,0.0032
2005-12-09,-0.0024,-0.0025,0.0015,0.0018,0.002,0.0032
2005-12-16,-0.0024,-0.0025,0.0015,0.0018,0.002,0.0032
2005-12-23,-0.0024,-0.0025,0.0015,0.0018,0.002,0.0032
2005-12-30,-0.0024,-0.0025,0.0015,0.0018,0.002,0.0032
2006-01-06,0.030299999999999997,0.0583,0.009899999999999999,-0.0066,-0.0034999999999999996,0.0034999999999999996
2006-01-13,0.030299999999999997,0.0583,0.009899999999999999,-0.0066,-0.0034999999999999996,0.0034999999999999996
2006-01-20,0.030299999999999997,0.0583,0.009899999999999999,-0.0066,-0.0034999999999999996,0.0034999999999999996
2006-01-27,0.030299999999999997,0.0583,0.009899999999999999,-0.0066,-0.0034999999999999996,0.0034999999999999996
2006-02-03,-0.003,-0.0046,-0.0031,-0.0054,0.019799999999999998,0.0034000000000000002
2006-02-10,-0.003,-0.0046,-0.0031,-0.0054,0.019799999999999998,0.0034000000000000002
2006-02-17,-0.003,-0.0046,-0.0031,-0.0054,0.019799999999999998,0.0034000000000000002
2006-02-24,-0.003,-0.0046,-0.0031,-0.0054,0.019799999999999998,0.0034000000000000002
2006-03-03,0.0147,0.0334,0.0060999999999999995,0.0003,-0.0044,0.0037
2006-03-10,0.0147,0.0334,0.0060999999999999995,0.0003,-0.0044,0.0037
2006-03-17,0.0147,0.0334,0.0060999999999999995,0.0003,-0.0044,0.0037
2006-03-24,0.0147,0.0334,0.0060999999999999995,0.0003,-0.0044,0.0037
2006-03-31,0.0147,0.0334,0.0060999999999999995,0.0003,-0.0044,0.0037
2006-04-07,0.0073,-0.0079,0.0226,0.0174,-0.0013,0.0036
2006-04-14,0.0073,-0.0079,0.0226,0.0174,-0.0013,0.0036
2006-04-21,0.0073,-0.0079,0.0226,0.0174,-0.0013,0.0036
2006-04-28,0.0073,-0.0079,0.0226,0.0174,-0.0013,0.0036
2006-05-05,-0.0356,-0.028999999999999998,0.023799999999999998,0.0087,0.015300000000000001,0.0043
2006-05-12,-0.0356,-0.028999999999999998,0.023799999999999998,0.0087,0.015300000000000001,0.0043
2006-05-19,-0.0356,-0.028999999999999998,0.023799999999999998,0.0087,0.015300000000000001,0.0043
2006-05-26,-0.0356,-0.028999999999999998,0.023799999999999998,0.0087,0.015300000000000001,0.0043
2006-06-02,-0.0034000000000000002,-0.0024,0.0085,0.0132,-0.0013,0.004
2006-06-09,-0.0034000000000000002,-0.0024,0.0085,0.0132,-0.0013,0.004
2006-06-16,-0.0034000000000000002,-0.0024,0.0085,0.0132,-0.0013,0.004
2006-06-23,-0.0034000000000000002,-0.0024,0.0085,0.0132,-0.0013,0.004
2006-06-30,-0.0034000000000000002,-0.0024,0.0085,0.0132,-0.0013,0.004
2006-07-07,-0.0077,-0.036000000000000004,0.0262,0.0163,0.0084,0.004
2006-07-14,-0.0077,-0.036000000000000004,0.0262,0.0163,0.0084,0.004
2006-07-21,-0.0077,-0.036000000000000004,0.0262,0.0163,0.0084,0.004
2006-07-28,-0.0077,-0.036000000000000004,0.0262,0.0163,0.0084,0.004
2006-08-04,0.0203,0.0045000000000000005,-0.0195,-0.0181,0.021400000000000002,0.0042
2006-08-11,0.0203,0.0045000000000000005,-0.0195,-0.0181,0.021400000000000002,0.0042
2006-08-18,0.0203,0.0045000000000000005,-0.0195,-0.0181,0.021400000000000002,0.0042
2006-08-25,0.0203,0.0045000000000000005,-0.0195,-0.0181,0.021400000000000002,0.0042
2006-09-01,0.0184,-0.0139,0.0006,0.0078000000000000005,0.0046,0.0040999999999999995
2006-09-08,0.0184,-0.0139,0.0006,0.0078000000000000005,0.0046,0.0040999999999999995
2006-09-15,0.0184,-0.0139,0.0006,0.0078000000000000005,0.0046,0.0040999999999999995
2006-09-22,0.0184,-0.0139,0.0006,0.0078000000000000005,0.0046,0.0040999999999999995
2006-09-29,0.0184,-0.0139,0.0006,0.0078000000000000005,0.0046,0.0040999999999999995
2006-10-06,0.0322,0.019799999999999998,-0.0033,-0.0011,0.0032,0.0040999999999999995
2006-10-13,0.0322,0.019799999999999998,-0.0033,-0.0011,0.0032,0.0040999999999999995
2006-10-20,0.0322,0.019799999999999998,-0.0033,-0.0011,0.0032,0.0040999999999999995
2006-10-27,0.0322,0.019799999999999998,-0.0033,-0.0011,0.0032,0.0040999999999999995
2006-11-03,0.017,0.0063,0.0004,0.002,-0.008,0.0042
2006-11-10,0.017,0.0063,0.0004,0.002,-0.008,0.0042
2006-11-17,0.017,0.0063,0.0004,0.002,-0.008,0.0042
2006-11-24,0.017,0.0063,0.0004,0.002,-0.008,0.0042
2006-12-01,0.0085,-0.008100000000000001,0.0274,-0.006500000000000001,0.018799999999999997,0.004
2006-12-08,0.0085,-0.008100000000000001,0.0274,-0.006500000000000001,0.018799999999999997,0.004
2006-12-15,0.0085,-0.008100000000000001,0.0274,-0.006500000000000001,0.018799999999999997,0.004
2006-12-22,0.0085,-0.008100000000000001,0.0274,-0.006500000000000001,0.018799999999999997,0.004
2006-12-29,0.0085,-0.008100000000000001,0.0274,-0.006500000000000001,0.018799999999999997,0.004
2007-01-05,0.0138,0.0002,-0.0068000000000000005,0.0019,0.004,0.0044
2007-01-12,0.0138,0.0002,-0.0068000000000000005,0.0019,0.004,0.0044
2007-01-19,0.0138,0.0002,-0.0068000000000000005,0.0019,0.004,0.0044
2007-01-26,0.0138,0.0002,-0.0068000000000000005,0.0019,0.004,0.0044
2007-02-02,-0.0196,0.013300000000000001,-0.0008,-0.0052,-0.0066,0.0038
2007-02-09,-0.0196,0.013300000000000001,-0.0008,-0.0052,-0.0066,0.0038
2007-02-16,-0.0196,0.013300000000000001,-0.0008,-0.0052,-0.0066,0.0038
2007-02-23,-0.0196,0.013300000000000001,-0.0008,-0.0052,-0.0066,0.0038
2007-03-02,0.0070999999999999995,0.0014000000000000002,-0.0088,0.0055000000000000005,-0.0067,0.0043
2007-03-09,0.0070999999999999995,0.0014000000000000002,-0.0088,0.0055000000000000005,-0.0067,0.0043
2007-03-16,0.0070999999999999995,0.0014000000000000002,-0.0088,0.0055000000000000005,-0.0067,0.0043
2007-03-23,0.0070999999999999995,0.0014000000000000002,-0.0088,0.0055000000000000005,-0.0067,0.0043
2007-03-30,0.0070999999999999995,0.0014000000000000002,-0.0088,0.0055000000000000005,-0.0067,0.0043
2007-04-06,0.0349,-0.0208,-0.0144,0.0118,0.0101,0.0044
2007-04-13,0.0349,-0.0208,-0.0144,0.0118,0.0101,0.0044
2007-04-20,0.0349,-0.0208,-0.0144,0.0118,0.0101,0.0044
2007-04-27,0.0349,-0.0208,-0.0144,0.0118,0.0101,0.0044
2007-05-04,0.032400000000000005,0.0033,-0.0059,0.0147,-0.0126,0.0040999999999999995
2007-05-11,0.032400000000000005,0.0033,-0.0059,0.0147,-0.0126,0.0040999999999999995
2007-05-18,0.032400000000000005,0.0033,-0.0059,0.0147,-0.0126,0.0040999999999999995
2007-05-25,0.032400000000000005,0.0033,-0.0059,0.0147,-0.0126,0.0040999999999999995
2007-06-01,-0.0196,0.006999999999999999,-0.0105,0.0049,0.0006,0.004
2007-06-08,-0.0196,0.006999999999999999,-0.0105,0.0049,0.0006,0.004
2007-06-15,-0.0196,0.006999999999999999,-0.0105,0.0049,0.0006,0.004
2007-06-22,-0.0196,0.006999999999999999,-0.0105,0.0049,0.0006,0.004
2007-06-29,-0.0196,0.006999999999999999,-0.0105,0.0049,0.0006,0.004
2007-07-06,-0.037200000000000004,-0.0305,-0.0368,0.0026,-0.0116,0.004
2007-07-13,-0.037200000000000004,-0.0305,-0.0368,0.0026,-0.0116,0.004
2007-07-20,-0.037200000000000004,-0.0305,-0.0368,0.0026,-0.0116,0.004
2007-07-27,-0.037200000000000004,-0.0305,-0.0368,0.0026,-0.0116,0.004
2007-08-03,0.009399999999999999,-0.0033,-0.0187,-0.0127,-0.005699999999999999,0.0042
2007-08-10,0.009399999999999999,-0.0033,-0.0187,-0.0127,-0.005699999999999999,0.0042
2007-08-17,0.009399999999999999,-0.0033,-0.0187,-0.0127,-0.005699999999999999,0.0042
2007-08-24,0.009399999999999999,-0.0033,-0.0187,-0.0127,-0.005699999999999999,0.0042
2007-08-31,0.009399999999999999,-0.0033,-0.0187,-0.0127,-0.005699999999999999,0.0042
2007-09-07,0.0322,-0.024399999999999998,-0.0217,-0.0049,-0.0294,0.0032
2007-09-14,0.0322,-0.024399999999999998,-0.0217,-0.0049,-0.0294,0.0032
2007-09-21,0.0322,-0.024399999999999998,-0.0217,-0.0049,-0.0294,0.0032
2007-09-28,0.0322,-0.024399999999999998,-0.0217,-0.0049,-0.0294,0.0032
2007-10-05,0.0179,-0.0003,-0.0287,-0.0033,0.0006,0.0032
2007-10-12,0.0179,-0.0003,-0.0287,-0.0033,0.0006,0.0032
2007-10-19,0.0179,-0.0003,-0.0287,-0.0033,0.0006,0.0032
2007-10-26,0.0179,-0.0003,-0.0287,-0.0033,0.0006,0.0032
2007-11-02,-0.048,-0.0291,-0.0109,0.0175,-0.0036,0.0034000000000000002
2007-11-09,-0.048,-0.0291,-0.0109,0.0175,-0.0036,0.0034000000000000002
2007-11-16,-0.048,-0.0291,-0.0109,0.0175,-0.0036,0.0034000000000000002
2007-11-23,-0.048,-0.0291,-0.0109,0.0175,-0.0036,0.0034000000000000002
2007-11-30,-0.048,-0.0291,-0.0109,0.0175,-0.0036,0.0034000000000000002
2007-12-07,-0.0087,0.0018,-0.0051,0.009000000000000001,-0.010700000000000001,0.0027
2007-12-14,-0.0087,0.0018,-0.0051,0.009000000000000001,-0.010700000000000001,0.0027
2007-12-21,-0.0087,0.0018,-0.0051,0.009000000000000001,-0.010700000000000001,0.0027
2007-12-28,-0.0087,0.0018,-0.0051,0.009000000000000001,-0.010700000000000001,0.0027
2008-01-04,-0.0632,-0.0063,0.04,0.0212,0.0206,0.0021
2008-01-11,-0.0632,-0.0063,0.04,0.0212,0.0206,0.0021
2008-01-18,-0.0632,-0.0063,0.04,0.0212,0.0206,0.0021
2008-01-25,-0.0632,-0.0063,0.04,0.0212,0.0206,0.0021
2008-02-01,-0.030899999999999997,-0.0064,-0.0072,0.010700000000000001,-0.0097,0.0013
2008-02-08,-0.030899999999999997,-0.0064,-0.0072,0.010700000000000001,-0.0097,0.0013
2008-02-15,-0.030899999999999997,-0.0064,-0.0072,0.010700000000000001,-0.0097,0.0013
2008-02-22,-0.030899999999999997,-0.0064,-0.0072,0.010700000000000001,-0.0097,0.0013
2008-02-29,-0.030899999999999997,-0.0064,-0.0072,0.010700000000000001,-0.0097,0.0013
2008-03-07,-0.009399999999999999,0.0059,0.0031,0.0089,0.004699999999999999,0.0017000000000000001
2008-03-14,-0.009399999999999999,0.0059,0.0031,0.0089,0.004699999999999999,0.0017000000000000001
2008-03-21,-0.009399999999999999,0.0059,0.0031,0.0089,0.004699999999999999,0.0017000000000000001
2008-03-28,-0.009399999999999999,0.0059,0.0031,0.0089,0.004699999999999999,0.0017000000000000001
2008-04-04,0.0461,-0.0116,-0.0096,0.0181,-0.0256,0.0018
2008-04-11,0.0461,-0.0116,-0.0096,0.0181,-0.0256,0.0018
2008-04-18,0.0461,-0.0116,-0.0096,0.0181,-0.0256,0.0018
2008-04-25,0.0461,-0.0116,-0.0096,0.0181,-0.0256,0.0018
2008-05-02,0.0187,0.0304,-0.015,0.0092,0.0014000000000000002,0.0018
2008-05-09,0.0187,0.0304,-0.015,0.0092,0.0014000000000000002,0.0018
2008-05-16,0.0187,0.0304,-0.015,0.0092,0.0014000000000000002,0.0018
2008-05-23,0.0187,0.0304,-0.015,0.0092,0.0014000000000000002,0.0018
2008-05-30,0.0187,0.0304,-0.015,0.0092,0.0014000000000000002,0.0018
2008-06-06,-0.0843,0.0116,-0.025099999999999997,0.049800000000000004,-0.0069,0.0017000000000000001
2008-06-13,-0.0843,0.0116,-0.025099999999999997,0.049800000000000004,-0.0069,0.0017000000000000001
2008-06-20,-0.0843,0.0116,-0.025099999999999997,0.049800000000000004,-0.0069,0.0017000000000000001
2008-06-27,-0.0843,0.0116,-0.025099999999999997,0.049800000000000004,-0.0069,0.0017000000000000001
2008-07-04,-0.0075,0.0371,0.052000000000000005,-0.013600000000000001,0.009899999999999999,0.0015
2008-07-11,-0.0075,0.0371,0.052000000000000005,-0.013600000000000001,0.009899999999999999,0.0015
2008-07-18,-0.0075,0.0371,0.052000000000000005,-0.013600000000000001,0.009899999999999999,0.0015
2008-07-25,-0.0075,0.0371,0.052000000000000005,-0.013600000000000001,0.009899999999999999,0.0015
2008-08-01,0.015300000000000001,0.032799999999999996,0.0152,0.0183,0.0066,0.0013
2008-08-08,0.015300000000000001,0.032799999999999996,0.0152,0.0183,0.0066,0.0013
2008-08-15,0.015300000000000001,0.032799999999999996,0.0152,0.0183,0.0066,0.0013
2008-08-22,0.015300000000000001,0.032799999999999996,0.0152,0.0183,0.0066,0.0013
2008-08-29,0.015300000000000001,0.032799999999999996,0.0152,0.0183,0.0066,0.0013
2008-09-05,-0.0935,0.0038,0.056600000000000004,0.024,0.017,0.0015
2008-09-12,-0.0935,0.0038,0.056600000000000004,0.024,0.017,0.0015
2008-09-19,-0.0935,0.0038,0.056600000000000004,0.024,0.017,0.0015
2008-09-26,-0.0935,0.0038,0.056600000000000004,0.024,0.017,0.0015
2008-10-03,-0.172,-0.030600000000000002,-0.0189,0.0273,0.0138,0.0008
2008-10-10,-0.172,-0.030600000000000002,-0.0189,0.0273,0.0138,0.0008
2008-10-17,-0.172,-0.030600000000000002,-0.0189,0.0273,0.0138,0.0008
2008-10-24,-0.172,-0.030600000000000002,-0.0189,0.0273,0.0138,0.0008
2008-10-31,-0.172,-0.030600000000000002,-0.0189,0.0273,0.0138,0.0008
2008-11-07,-0.0774,-0.04,-0.0621,0.0467,0.0239,0.0003
2008-11-14,-0.0774,-0.04,-0.0621,0.0467,0.0239,0.0003
2008-11-21,-0.0774,-0.04,-0.0621,0.0467,0.0239,0.0003
2008-11-28,-0.0774,-0.04,-0.0621,0.0467,0.0239,0.0003
2008-12-05,0.0177,0.0333,0.0005,0.0003,-0.0152,0.0
2008-12-12,0.0177,0.0333,0.0005,0.0003,-0.0152,0.0
2008-12-19,0.0177,0.0333,0.0005,0.0003,-0.0152,0.0
2008-12-26,0.0177,0.0333,0.0005,0.0003,-0.0152,0.0
2009-01-02,-0.0809,-0.0209,-0.11019999999999999,0.0,-0.0116,0.0
2009-01-09,-0.0809,-0.0209,-0.11019999999999999,0.0,-0.0116,0.0
2009-01-16,-0.0809,-0.0209,-0.11019999999999999,0.0,-0.0116,0.0
2009-01-23,-0.0809,-0.0209,-0.11019999999999999,0.0,-0.0116,0.0
2009-01-30,-0.0809,-0.0209,-0.11019999999999999,0.0,-0.0116,0.0
2009-02-06,-0.1014,-0.011699999999999999,-0.066,0.0101,-0.0062,0.0001
2009-02-13,-0.1014,-0.011699999999999999,-0.066,0.0101,-0.0062,0.0001
2009-02-20,-0.1014,-0.011699999999999999,-0.066,0.0101,-0.0062,0.0001
2009-02-27,-0.1014,-0.011699999999999999,-0.066,0.0101,-0.0062,0.0001
2009-03-06,0.0901,0.0059,0.0348,-0.0258,-0.02,0.0002
2009-03-13,0.0901,0.0059,0.0348,-0.0258,-0.02,0.0002
2009-03-20,0.0901,0.0059,0.0348,-0.0258,-0.02,0.0002
2009-03-27,0.0901,0.0059,0.0348,-0.0258,-0.02,0.0002
2009-04-03,0.1017,0.07139999999999999,0.0538,0.0134,0.005,0.0001
2009-04-10,0.1017,0.07139999999999999,0.0538,0.0134,0.005,0.0001
2009-04-17,0.1017,0.07139999999999999,0.0538,0.0134,0.005,0.0001
2009-04-24,0.1017,0.07139999999999999,0.0538,0.0134,0.005,0.0001
2009-05-01,0.052000000000000005,-0.022400000000000003,0.0040999999999999995,-0.008100000000000001,-0.0199,0.0
2009-05-08,0.052000000000000005,-0.022400000000000003,0.0040999999999999995,-0.008100000000000001,-0.0199,0.0
2009-05-15,0.052000000000000005,-0.022400000000000003,0.0040999999999999995,-0.008100000000000001,-0.0199,0.0
2009-05-22,0.052000000000000005,-0.022400000000000003,0.0040999999999999995,-0.008100000000000001,-0.0199,0.0
2009-05-29,0.052000000000000005,-0.022400000000000003,0.0040999999999999995,-0.008100000000000001,-0.0199,0.0
2009-06-05,0.0042,0.0227,-0.0276,-0.0141,-0.0037,0.0001
2009-06-12,0.0042,0.0227,-0.0276,-0.0141,-0.0037,0.0001
2009-06-19,0.0042,0.0227,-0.0276,-0.0141,-0.0037,0.0001
2009-06-26,0.0042,0.0227,-0.0276,-0.0141,-0.0037,0.0001
2009-07-03,0.0774,0.0231,0.0489,-0.0026,0.0308,0.0001
2009-07-10,0.0774,0.0231,0.0489,-0.0026,0.0308,0.0001
2009-07-17,0.0774,0.0231,0.0489,-0.0026,0.0308,0.0001
2009-07-24,0.0774,0.0231,0.0489,-0.0026,0.0308,0.0001
2009-07-31,0.0774,0.0231,0.0489,-0.0026,0.0308,0.0001
2009-08-07,0.0333,-0.001,0.076,-0.0285,0.033,0.0001
2009-08-14,0.0333,-0.001,0.076,-0.0285,0.033,0.0001
2009-08-21,0.0333,-0.001,0.076,-0.0285,0.033,0.0001
2009-08-28,0.0333,-0.001,0.076,-0.0285,0.033,0.0001
2009-09-04,0.0408,0.027200000000000002,0.0115,0.0115,0.0034000000000000002,0.0001
2009-09-11,0.0408,0.027200000000000002,0.0115,0.0115,0.0034000000000000002,0.0001
2009-09-18,0.0408,0.027200000000000002,0.0115,0.0115,0.0034000000000000002,0.0001
2009-09-25,0.0408,0.027200000000000002,0.0115,0.0115,0.0034000000000000002,0.0001
2009-10-02,-0.0255,-0.048499999999999995,-0.0417,0.042199999999999994,-0.0148,0.0
2009-10-09,-0.0255,-0.048499999999999995,-0.0417,0.042199999999999994,-0.0148,0.0
2009-10-16,-0.0255,-0.048499999999999995,-0.0417,0.042199999999999994,-0.0148,0.0
2009-10-23,-0.0255,-0.048499999999999995,-0.0417,0.042199999999999994,-0.0148,0.0
2009-10-30,-0.0255,-0.048499999999999995,-0.0417,0.042199999999999994,-0.0148,0.0
2009-11-06,0.0558,-0.0276,-0.0033,0.009000000000000001,0.0,0.0
2009-11-13,0.0558,-0.0276,-0.0033,0.009000000000000001,0.0,0.0
2009-11-20,0.0558,-0.0276,-0.0033,0.009000000000000001,0.0,0.0
2009-11-27,0.0558,-0.0276,-0.0033,0.009000000000000001,0.0,0.0
2009-12-04,0.0274,0.061399999999999996,-0.0011,0.0070999999999999995,-0.0009,0.0001
2009-12-11,0.0274,0.061399999999999996,-0.0011,0.0070999999999999995,-0.0009,0.0001
2009-12-18,0.0274,0.061399999999999996,-0.0011,0.0070999999999999995,-0.0009,0.0001
2009-12-25,0.0274,0.061399999999999996,-0.0011,0.0070999999999999995,-0.0009,0.0001
2010-01-01,-0.0335,0.004,0.0033,-0.0108,0.0051,0.0
2010-01-08,-0.0335,0.004,0.0033,-0.0108,0.0051,0.0
2010-01-15,-0.0335,0.004,0.0033,-0.0108,0.0051,0.0
2010-01-22,-0.0335,0.004,0.0033,-0.0108,0.0051,0.0
2010-01-29,-0.0335,0.004,0.0033,-0.0108,0.0051,0.0
2010-02-05,0.0339,0.0149,0.0318,-0.0029,0.014199999999999999,0.0
2010-02-12,0.0339,0.0149,0.0318,-0.0029,0.014199999999999999,0.0
2010-02-19,0.0339,0.0149,0.0318,-0.0029,0.014199999999999999,0.0
2010-02-26,0.0339,0.0149,0.0318,-0.0029,0.014199999999999999,0.0
2010-03-05,0.063,0.0183,0.0219,-0.0060999999999999995,0.0174,0.0001
2010-03-12,0.063,0.0183,0.0219,-0.0060999999999999995,0.0174,0.0001
2010-03-19,0.063,0.0183,0.0219,-0.0060999999999999995,0.0174,0.0001
2010-03-26,0.063,0.0183,0.0219,-0.0060999999999999995,0.0174,0.0001
2010-04-02,0.02,0.0496,0.0296,0.0060999999999999995,0.0175,0.0001
2010-04-09,0.02,0.0496,0.0296,0.0060999999999999995,0.0175,0.0001
2010-04-16,0.02,0.0496,0.0296,0.0060999999999999995,0.0175,0.0001
2010-04-23,0.02,0.0496,0.0296,0.0060999999999999995,0.0175,0.0001
2010-04-30,0.02,0.0496,0.0296,0.0060999999999999995,0.0175,0.0001
2010-05-07,-0.079,0.0008,-0.0248,0.013000000000000001,-0.0024,0.0001
2010-05-14,-0.079,0.0008,-0.0248,0.013000000000000001,-0.0024,0.0001
2010-05-21,-0.079,0.0008,-0.0248,0.013000000000000001,-0.0024,0.0001
2010-05-28,-0.079,0.0008,-0.0248,0.013000000000000001,-0.0024,0.0001
2010-06-04,-0.0557,-0.0242,-0.0473,-0.001,-0.0158,0.0001
2010-06-11,-0.0557,-0.0242,-0.0473,-0.001,-0.0158,0.0001
2010-06-18,-0.0557,-0.0242,-0.0473,-0.001,-0.0158,0.0001
2010-06-25,-0.0557,-0.0242,-0.0473,-0.001,-0.0158,0.0001
2010-07-02,0.0692,0.0004,-0.005,0.0017000000000000001,0.0202,0.0001
2010-07-09,0.0692,0.0004,-0.005,0.0017000000000000001,0.0202,0.0001
2010-07-16,0.0692,0.0004,-0.005,0.0017000000000000001,0.0202,0.0001
2010-07-23,0.0692,0.0004,-0.005,0.0017000000000000001,0.0202,0.0001
2010-07-30,0.0692,0.0004,-0.005,0.0017000000000000001,0.0202,0.0001
2010-08-06,-0.04769999999999999,-0.030600000000000002,-0.0173,0.006,-0.016,0.0001
2010-08-13,-0.04769999999999999,-0.030600000000000002,-0.0173,0.006,-0.016,0.0001
2010-08-20,-0.04769999999999999,-0.030600000000000002,-0.0173,0.006,-0.016,0.0001
2010-08-27,-0.04769999999999999,-0.030600000000000002,-0.0173,0.006,-0.016,0.0001
2010-09-03,0.0955,0.0365,-0.0302,-0.0019,0.0038,0.0001
2010-09-10,0.0955,0.0365,-0.0302,-0.0019,0.0038,0.0001
2010-09-17,0.0955,0.0365,-0.0302,-0.0019,0.0038,0.0001
2010-09-24,0.0955,0.0365,-0.0302,-0.0019,0.0038,0.0001
2010-10-01,0.0387,0.0073,-0.0246,0.0128,-0.0038,0.0001
2010-10-08,0.0387,0.0073,-0.0246,0.0128,-0.0038,0.0001
2010-10-15,0.0387,0.0073,-0.0246,0.0128,-0.0038,0.0001
2010-10-22,0.0387,0.0073,-0.0246,0.0128,-0.0038,0.0001
2010-10-29,0.0387,0.0073,-0.0246,0.0128,-0.0038,0.0001
2010-11-05,0.0059,0.0354,-0.009000000000000001,0.0032,0.0179,0.0001
2010-11-12,0.0059,0.0354,-0.009000000000000001,0.0032,0.0179,0.0001
2010-11-19,0.0059,0.0354,-0.009000000000000001,0.0032,0.0179,0.0001
2010-11-26,0.0059,0.0354,-0.009000000000000001,0.0032,0.0179,0.0001
2010-12-03,0.0682,0.0097,0.0356,-0.0342,0.0317,0.0001
2010-12-10,0.0682,0.0097,0.0356,-0.0342,0.0317,0.0001
2010-12-17,0.0682,0.0097,0.0356,-0.0342,0.0317,0.0001
2010-12-24,0.0682,0.0097,0.0356,-0.0342,0.0317,0.0001
2010-12-31,0.0682,0.0097,0.0356,-0.0342,0.0317,0.0001
2011-01-07,0.019799999999999998,-0.0231,0.0060999999999999995,-0.0064,0.008100000000000001,0.0001
2011-01-14,0.019799999999999998,-0.0231,0.0060999999999999995,-0.0064,0.008100000000000001,0.0001
2011-01-21,0.019799999999999998,-0.0231,0.0060999999999999995,-0.0064,0.008100000000000001,0.0001
2011-01-28,0.019799999999999998,-0.0231,0.0060999999999999995,-0.0064,0.008100000000000001,0.0001
2011-02-04,0.0348,0.0165,0.0118,-0.0183,0.0084,0.0001
2011-02-11,0.0348,0.0165,0.0118,-0.0183,0.0084,0.0001
2011-02-18,0.0348,0.0165,0.0118,-0.0183,0.0084,0.0001
2011-02-25,0.0348,0.0165,0.0118,-0.0183,0.0084,0.0001
2011-03-04,0.0046,0.0256,-0.0184,0.0173,-0.0007000000000000001,0.0001
2011-03-11,0.0046,0.0256,-0.0184,0.0173,-0.0007000000000000001,0.0001
2011-03-18,0.0046,0.0256,-0.0184,0.0173,-0.0007000000000000001,0.0001
2011-03-25,0.0046,0.0256,-0.0184,0.0173,-0.0007000000000000001,0.0001
2011-04-01,0.028999999999999998,-0.0053,-0.024399999999999998,0.011200000000000002,-0.0086,0.0
2011-04-08,0.028999999999999998,-0.0053,-0.024399999999999998,0.011200000000000002,-0.0086,0.0
2011-04-15,0.028999999999999998,-0.0053,-0.024399999999999998,0.011200000000000002,-0.0086,0.0
2011-04-22,0.028999999999999998,-0.0053,-0.024399999999999998,0.011200000000000002,-0.0086,0.0
2011-04-29,0.028999999999999998,-0.0053,-0.024399999999999998,0.011200000000000002,-0.0086,0.0
2011-05-06,-0.0127,-0.0072,-0.018500000000000003,0.0192,-0.0143,0.0
2011-05-13,-0.0127,-0.0072,-0.018500000000000003,0.0192,-0.0143,0.0
2011-05-20,-0.0127,-0.0072,-0.018500000000000003,0.0192,-0.0143,0.0
2011-05-27,-0.0127,-0.0072,-0.018500000000000003,0.0192,-0.0143,0.0
2011-06-03,-0.0174,0.0006,-0.002,0.0227,-0.014199999999999999,0.0
2011-06-10,-0.0174,0.0006,-0.002,0.0227,-0.014199999999999999,0.0
2011-06-17,-0.0174,0.0006,-0.002,0.0227,-0.014199999999999999,0.0
2011-06-24,-0.0174,0.0006,-0.002,0.0227,-0.014199999999999999,0.0
2011-07-01,-0.0235,-0.0111,-0.0091,0.0268,-0.0173,0.0
2011-07-08,-0.0235,-0.0111,-0.0091,0.0268,-0.0173,0.0
2011-07-15,-0.0235,-0.0111,-0.0091,0.0268,-0.0173,0.0
2011-07-22,-0.0235,-0.0111,-0.0091,0.0268,-0.0173,0.0
2011-07-29,-0.0235,-0.0111,-0.0091,0.0268,-0.0173,0.0
2011-08-05,-0.0596,-0.030899999999999997,-0.024300000000000002,0.0341,-0.0026,0.0001
2011-08-12,-0.0596,-0.030899999999999997,-0.024300000000000002,0.0341,-0.0026,0.0001
2011-08-19,-0.0596,-0.030899999999999997,-0.024300000000000002,0.0341,-0.0026,0.0001
2011-08-26,-0.0596,-0.030899999999999997,-0.024300000000000002,0.0341,-0.0026,0.0001
2011-09-02,-0.0757,-0.0349,-0.015300000000000001,0.0199,0.0015,0.0
2011-09-09,-0.0757,-0.0349,-0.015300000000000001,0.0199,0.0015,0.0
2011-09-16,-0.0757,-0.0349,-0.015300000000000001,0.0199,0.0015,0.0
2011-09-23,-0.0757,-0.0349,-0.015300000000000001,0.0199,0.0015,0.0
2011-09-30,-0.0757,-0.0349,-0.015300000000000001,0.0199,0.0015,0.0
2011-10-07,0.1134,0.0325,0.0006,-0.0225,-0.0073,0.0
2011-10-14,0.1134,0.0325,0.0006,-0.0225,-0.0073,0.0
2011-10-21,0.1134,0.0325,0.0006,-0.0225,-0.0073,0.0
2011-10-28,0.1134,0.0325,0.0006,-0.0225,-0.0073,0.0
2011-11-04,-0.0027,-0.003,-0.0052,0.0194,0.0144,0.0
2011-11-11,-0.0027,-0.003,-0.0052,0.0194,0.0144,0.0
2011-11-18,-0.0027,-0.003,-0.0052,0.0194,0.0144,0.0
2011-11-25,-0.0027,-0.003,-0.0052,0.0194,0.0144,0.0
2011-12-02,0.0075,-0.0029,0.0154,0.0106,0.024700000000000003,0.0
2011-12-09,0.0075,-0.0029,0.0154,0.0106,0.024700000000000003,0.0
2011-12-16,0.0075,-0.0029,0.0154,0.0106,0.024700000000000003,0.0
2011-12-23,0.0075,-0.0029,0.0154,0.0106,0.024700000000000003,0.0
2011-12-30,0.0075,-0.0029,0.0154,0.0106,0.024700000000000003,0.0
2012-01-06,0.050499999999999996,0.0202,-0.009300000000000001,-0.0206,-0.0148,0.0
2012-01-13,0.050499999999999996,0.0202,-0.009300000000000001,-0.0206,-0.0148,0.0
2012-01-20,0.050499999999999996,0.0202,-0.009300000000000001,-0.0206,-0.0148,0.0
2012-01-27,0.050499999999999996,0.0202,-0.009300000000000001,-0.0206,-0.0148,0.0
2012-02-03,0.044000000000000004,-0.0167,0.0042,-0.0036,-0.0008,0.0
2012-02-10,0.044000000000000004,-0.0167,0.0042,-0.0036,-0.0008,0.0
2012-02-17,0.044000000000000004,-0.0167,0.0042,-0.0036,-0.0008,0.0
2012-02-24,0.044000000000000004,-0.0167,0.0042,-0.0036,-0.0008,0.0
2012-03-02,0.0311,-0.0048,0.011899999999999999,-0.0060999999999999995,0.006999999999999999,0.0
2012-03-09,0.0311,-0.0048,0.011899999999999999,-0.0060999999999999995,0.006999999999999999,0.0
2012-03-16,0.0311,-0.0048,0.011899999999999999,-0.0060999999999999995,0.006999999999999999,0.0
2012-03-23,0.0311,-0.0048,0.011899999999999999,-0.0060999999999999995,0.006999999999999999,0.0
2012-03-30,0.0311,-0.0048,0.011899999999999999,-0.0060999999999999995,0.006999999999999999,0.0
2012-04-06,-0.0084,-0.005,-0.0077,0.013000000000000001,0.0066,0.0
2012-04-13,-0.0084,-0.005,-0.0077,0.013000000000000001,0.0066,0.0
2012-04-20,-0.0084,-0.005,-0.0077,0.013000000000000001,0.0066,0.0
2012-04-27,-0.0084,-0.005,-0.0077,0.013000000000000001,0.0066,0.0
2012-05-04,-0.0617,-0.0008,-0.0095,0.0203,0.0236,0.0001
2012-05-11,-0.0617,-0.0008,-0.0095,0.0203,0.0236,0.0001
2012-05-18,-0.0617,-0.0008,-0.0095,0.0203,0.0236,0.0001
2012-05-25,-0.0617,-0.0008,-0.0095,0.0203,0.0236,0.0001
2012-06-01,0.039,0.0089,0.0055000000000000005,-0.0106,0.0045000000000000005,0.0
2012-06-08,0.039,0.0089,0.0055000000000000005,-0.0106,0.0045000000000000005,0.0
2012-06-15,0.039,0.0089,0.0055000000000000005,-0.0106,0.0045000000000000005,0.0
2012-06-22,0.039,0.0089,0.0055000000000000005,-0.0106,0.0045000000000000005,0.0
2012-06-29,0.039,0.0089,0.0055000000000000005,-0.0106,0.0045000000000000005,0.0
2012-07-06,0.0079,-0.0281,-0.0006,0.0104,0.0001,0.0
2012-07-13,0.0079,-0.0281,-0.0006,0.0104,0.0001,0.0
2012-07-20,0.0079,-0.0281,-0.0006,0.0104,0.0001,0.0
2012-07-27,0.0079,-0.0281,-0.0006,0.0104,0.0001,0.0
2012-08-03,0.0254,0.0044,0.0123,-0.015,-0.0086,0.0001
2012-08-10,0.0254,0.0044,0.0123,-0.015,-0.0086,0.0001
2012-08-17,0.0254,0.0044,0.0123,-0.015,-0.0086,0.0001
2012-08-24,0.0254,0.0044,0.0123,-0.015,-0.0086,0.0001
2012-08-31,0.0254,0.0044,0.0123,-0.015,-0.0086,0.0001
2012-09-07,0.0273,0.005699999999999999,0.016200000000000003,-0.013000000000000001,0.015600000000000001,0.0001
2012-09-14,0.0273,0.005699999999999999,0.016200000000000003,-0.013000000000000001,0.015600000000000001,0.0001
2012-09-21,0.0273,0.005699999999999999,0.016200000000000003,-0.013000000000000001,0.015600000000000001,0.0001
2012-09-28,0.0273,0.005699999999999999,0.016200000000000003,-0.013000000000000001,0.015600000000000001,0.0001
2012-10-05,-0.0176,-0.0083,0.0352,-0.013999999999999999,0.0252,0.0001
2012-10-12,-0.0176,-0.0083,0.0352,-0.013999999999999999,0.0252,0.0001
2012-10-19,-0.0176,-0.0083,0.0352,-0.013999999999999999,0.0252,0.0001
2012-10-26,-0.0176,-0.0083,0.0352,-0.013999999999999999,0.0252,0.0001
2012-11-02,0.0078000000000000005,0.004,-0.0086,0.0038,0.008100000000000001,0.0001
2012-11-09,0.0078000000000000005,0.004,-0.0086,0.0038,0.008100000000000001,0.0001
2012-11-16,0.0078000000000000005,0.004,-0.0086,0.0038,0.008100000000000001,0.0001
2012-11-23,0.0078000000000000005,0.004,-0.0086,0.0038,0.008100000000000001,0.0001
2012-11-30,0.0078000000000000005,0.004,-0.0086,0.0038,0.008100000000000001,0.0001
2012-12-07,0.0118,0.0192,0.0348,-0.0172,0.008,0.0001
2012-12-14,0.0118,0.0192,0.0348,-0.0172,0.008,0.0001
2012-12-21,0.0118,0.0192,0.0348,-0.0172,0.008,0.0001
2012-12-28,0.0118,0.0192,0.0348,-0.0172,0.008,0.0001
2013-01-04,0.0557,0.0042,0.0101,-0.020099999999999996,0.0152,0.0
2013-01-11,0.0557,0.0042,0.0101,-0.020099999999999996,0.0152,0.0
2013-01-18,0.0557,0.0042,0.0101,-0.020099999999999996,0.0152,0.0
2013-01-25,0.0557,0.0042,0.0101,-0.020099999999999996,0.0152,0.0
2013-02-01,0.0129,-0.0025,0.0021,-0.0059,0.0060999999999999995,0.0
2013-02-08,0.0129,-0.0025,0.0021,-0.0059,0.0060999999999999995,0.0
2013-02-15,0.0129,-0.0025,0.0021,-0.0059,0.0060999999999999995,0.0
2013-02-22,0.0129,-0.0025,0.0021,-0.0059,0.0060999999999999995,0.0
2013-03-01,0.0403,0.0088,-0.0022,0.0027,0.0141,0.0
2013-03-08,0.0403,0.0088,-0.0022,0.0027,0.0141,0.0
2013-03-15,0.0403,0.0088,-0.0022,0.0027,0.0141,0.0
2013-03-22,0.0403,0.0088,-0.0022,0.0027,0.0141,0.0
2013-03-29,0.0403,0.0088,-0.0022,0.0027,0.0141,0.0
2013-04-05,0.015600000000000001,-0.022400000000000003,0.0044,0.0039000000000000003,0.0043,0.0
2013-04-12,0.015600000000000001,-0.022400000000000003,0.0044,0.0039000000000000003,0.0043,0.0
2013-04-19,0.015600000000000001,-0.022400000000000003,0.0044,0.0039000000000000003,0.0043,0.0
2013-04-26,0.015600000000000001,-0.022400000000000003,0.0044,0.0039000000000000003,0.0043,0.0
2013-05-03,0.0281,0.0204,0.026699999999999998,-0.02,-0.0095,0.0
2013-05-10,0.0281,0.0204,0.026699999999999998,-0.02,-0.0095,0.0
2013-05-17,0.0281,0.0204,0.026699999999999998,-0.02,-0.0095,0.0
2013-05-24,0.0281,0.0204,0.026699999999999998,-0.02,-0.0095,0.0
2013-05-31,0.0281,0.0204,0.026699999999999998,-0.02,-0.0095,0.0
2013-06-07,-0.012,0.0154,-0.0005,-0.0028000000000000004,-0.0006,0.0
2013-06-14,-0.012,0.0154,-0.0005,-0.0028000000000000004,-0.0006,0.0
2013-06-21,-0.012,0.0154,-0.0005,-0.0028000000000000004,-0.0006,0.0
2013-06-28,-0.012,0.0154,-0.0005,-0.0028000000000000004,-0.0006,0.0
2013-07-05,0.0565,0.0175,0.0058,-0.013500000000000002,0.005699999999999999,0.0
2013-07-12,0.0565,0.0175,0.0058,-0.013500000000000002,0.005699999999999999,0.0
2013-07-19,0.0565,0.0175,0.0058,-0.013500000000000002,0.005699999999999999,0.0
2013-07-26,0.0565,0.0175,0.0058,-0.013500000000000002,0.005699999999999999,0.0
2013-08-02,-0.0271,-0.0003,-0.0273,0.0070999999999999995,-0.0217,0.0
2013-08-09,-0.0271,-0.0003,-0.0273,0.0070999999999999995,-0.0217,0.0
2013-08-16,-0.0271,-0.0003,-0.0273,0.0070999999999999995,-0.0217,0.0
2013-08-23,-0.0271,-0.0003,-0.0273,0.0070999999999999995,-0.0217,0.0
2013-08-30,-0.0271,-0.0003,-0.0273,0.0070999999999999995,-0.0217,0.0
2013-09-06,0.0377,0.0265,-0.0118,-0.0054,-0.0132,0.0
2013-09-13,0.0377,0.0265,-0.0118,-0.0054,-0.0132,0.0
2013-09-20,0.0377,0.0265,-0.0118,-0.0054,-0.0132,0.0
2013-09-27,0.0377,0.0265,-0.0118,-0.0054,-0.0132,0.0
2013-10-04,0.0417,-0.015,0.012199999999999999,0.0275,0.0089,0.0
2013-10-11,0.0417,-0.015,0.012199999999999999,0.0275,0.0089,0.0
2013-10-18,0.0417,-0.015,0.012199999999999999,0.0275,0.0089,0.0
2013-10-25,0.0417,-0.015,0.012199999999999999,0.0275,0.0089,0.0
2013-11-01,0.031200000000000002,0.0144,0.0019,0.0026,0.0006,0.0
2013-11-08,0.031200000000000002,0.0144,0.0019,0.0026,0.0006,0.0
2013-11-15,0.031200000000000002,0.0144,0.0019,0.0026,0.0006,0.0
2013-11-22,0.031200000000000002,0.0144,0.0019,0.0026,0.0006,0.0
2013-11-29,0.031200000000000002,0.0144,0.0019,0.0026,0.0006,0.0
2013-12-06,0.027999999999999997,-0.0044,0.0,-0.0058,0.0008,0.0
2013-12-13,0.027999999999999997,-0.0044,0.0,-0.0058,0.0008,0.0
2013-12-20,0.027999999999999997,-0.0044,0.0,-0.0058,0.0008,0.0
2013-12-27,0.027999999999999997,-0.0044,0.0,-0.0058,0.0008,0.0
2014-01-03,-0.033,0.006,-0.0199,-0.0391,-0.0154,0.0
2014-01-10,-0.033,0.006,-0.0199,-0.0391,-0.0154,0.0
2014-01-17,-0.033,0.006,-0.0199,-0.0391,-0.0154,0.0
2014-01-24,-0.033,0.006,-0.0199,-0.0391,-0.0154,0.0
2014-01-31,-0.033,0.006,-0.0199,-0.0391,-0.0154,0.0
2014-02-07,0.046799999999999994,0.0013,-0.0034999999999999996,-0.0025,-0.0054,0.0
2014-02-14,0.046799999999999994,0.0013,-0.0034999999999999996,-0.0025,-0.0054,0.0
2014-02-21,0.046799999999999994,0.0013,-0.0034999999999999996,-0.0025,-0.0054,0.0
2014-02-28,0.046799999999999994,0.0013,-0.0034999999999999996,-0.0025,-0.0054,0.0
2014-03-07,0.0040999999999999995,-0.0113,0.049,0.0202,0.0192,0.0
2014-03-14,0.0040999999999999995,-0.0113,0.049,0.0202,0.0192,0.0
2014-03-21,0.0040999999999999995,-0.0113,0.049,0.0202,0.0192,0.0
2014-03-28,0.0040999999999999995,-0.0113,0.049,0.0202,0.0192,0.0
2014-04-04,-0.0019,-0.0407,0.012199999999999999,0.034,0.009300000000000001,0.0
2014-04-11,-0.0019,-0.0407,0.012199999999999999,0.034,0.009300000000000001,0.0
2014-04-18,-0.0019,-0.0407,0.012199999999999999,0.034,0.009300000000000001,0.0
2014-04-25,-0.0019,-0.0407,0.012199999999999999,0.034,0.009300000000000001,0.0
2014-05-02,0.0204,-0.018600000000000002,-0.001,-0.0009,-0.0096,0.0
2014-05-09,0.0204,-0.018600000000000002,-0.001,-0.0009,-0.0096,0.0
2014-05-16,0.0204,-0.018600000000000002,-0.001,-0.0009,-0.0096,0.0
2014-05-23,0.0204,-0.018600000000000002,-0.001,-0.0009,-0.0096,0.0
2014-05-30,0.0204,-0.018600000000000002,-0.001,-0.0009,-0.0096,0.0
2014-06-06,0.026099999999999998,0.030600000000000002,-0.0070999999999999995,-0.0183,-0.0191,0.0
2014-06-13,0.026099999999999998,0.030600000000000002,-0.0070999999999999995,-0.0183,-0.0191,0.0
2014-06-20,0.026099999999999998,0.030600000000000002,-0.0070999999999999995,-0.0183,-0.0191,0.0
2014-06-27,0.026099999999999998,0.030600000000000002,-0.0070999999999999995,-0.0183,-0.0191,0.0
2014-07-04,-0.0203,-0.042,-0.0008,0.009300000000000001,0.0051,0.0
2014-07-11,-0.0203,-0.042,-0.0008,0.009300000000000001,0.0051,0.0
2014-07-18,-0.0203,-0.042,-0.0008,0.009300000000000001,0.0051,0.0
2014-07-25,-0.0203,-0.042,-0.0008,0.009300000000000001,0.0051,0.0
2014-08-01,0.0424,0.0029,-0.005699999999999999,-0.0064,-0.0069,0.0
2014-08-08,0.0424,0.0029,-0.005699999999999999,-0.0064,-0.0069,0.0
2014-08-15,0.0424,0.0029,-0.005699999999999999,-0.0064,-0.0069,0.0
2014-08-22,0.0424,0.0029,-0.005699999999999999,-0.0064,-0.0069,0.0
2014-08-29,0.0424,0.0029,-0.005699999999999999,-0.0064,-0.0069,0.0
2014-09-05,-0.0196,-0.0366,-0.0147,0.012,-0.0059,0.0
2014-09-12,-0.0196,-0.0366,-0.0147,0.012,-0.0059,0.0
2014-09-19,-0.0196,-0.0366,-0.0147,0.012,-0.0059,0.0
2014-09-26,-0.0196,-0.0366,-0.0147,0.012,-0.0059,0.0
2014-10-03,0.025099999999999997,0.0366,-0.0163,-0.0039000000000000003,0.0021,0.0
2014-10-10,0.025099999999999997,0.0366,-0.0163,-0.0039000000000000003,0.0021,0.0
2014-10-17,0.025099999999999997,0.0366,-0.0163,-0.0039000000000000003,0.0021,0.0
2014-10-24,0.025099999999999997,0.0366,-0.0163,-0.0039000000000000003,0.0021,0.0
2014-10-31,0.025099999999999997,0.0366,-0.0163,-0.0039000000000000003,0.0021,0.0
2014-11-07,0.0256,-0.023,-0.0313,0.015700000000000002,0.0014000000000000002,0.0
2014-11-14,0.0256,-0.023,-0.0313,0.015700000000000002,0.0014000000000000002,0.0
2014-11-21,0.0256,-0.023,-0.0313,0.015700000000000002,0.0014000000000000002,0.0
2014-11-28,0.0256,-0.023,-0.0313,0.015700000000000002,0.0014000000000000002,0.0
2014-12-05,-0.0005,0.028300000000000002,0.0212,-0.0121,0.009000000000000001,0.0
2014-12-12,-0.0005,0.028300000000000002,0.0212,-0.0121,0.009000000000000001,0.0
2014-12-19,-0.0005,0.028300000000000002,0.0212,-0.0121,0.009000000000000001,0.0
2014-12-26,-0.0005,0.028300000000000002,0.0212,-0.0121,0.009000000000000001,0.0
2015-01-02,-0.030899999999999997,-0.009300000000000001,-0.0345,0.0158,-0.016399999999999998,0.0
2015-01-09,-0.030899999999999997,-0.009300000000000001,-0.0345,0.0158,-0.016399999999999998,0.0
2015-01-16,-0.030899999999999997,-0.009300000000000001,-0.0345,0.0158,-0.016399999999999998,0.0
2015-01-23,-0.030899999999999997,-0.009300000000000001,-0.0345,0.0158,-0.016399999999999998,0.0
2015-01-30,-0.030899999999999997,-0.009300000000000001,-0.0345,0.0158,-0.016399999999999998,0.0
2015-02-06,0.061399999999999996,0.0036,-0.0179,-0.011000000000000001,-0.0175,0.0
2015-02-13,0.061399999999999996,0.0036,-0.0179,-0.011000000000000001,-0.0175,0.0
2015-02-20,0.061399999999999996,0.0036,-0.0179,-0.011000000000000001,-0.0175,0.0
2015-02-27,0.061399999999999996,0.0036,-0.0179,-0.011000000000000001,-0.0175,0.0
2015-03-06,-0.0109,0.0308,-0.0038,0.0007000000000000001,-0.0062,0.0
2015-03-13,-0.0109,0.0308,-0.0038,0.0007000000000000001,-0.0062,0.0
2015-03-20,-0.0109,0.0308,-0.0038,0.0007000000000000001,-0.0062,0.0
2015-03-27,-0.0109,0.0308,-0.0038,0.0007000000000000001,-0.0062,0.0
2015-04-03,0.006,-0.0301,0.018000000000000002,0.0005,-0.0062,0.0
2015-04-10,0.006,-0.0301,0.018000000000000002,0.0005,-0.0062,0.0
2015-04-17,0.006,-0.0301,0.018000000000000002,0.0005,-0.0062,0.0
2015-04-24,0.006,-0.0301,0.018000000000000002,0.0005,-0.0062,0.0
2015-05-01,0.0138,0.008199999999999999,-0.0111,-0.0176,-0.0083,0.0
2015-05-08,0.0138,0.008199999999999999,-0.0111,-0.0176,-0.0083,0.0
2015-05-15,0.0138,0.008199999999999999,-0.0111,-0.0176,-0.0083,0.0
2015-05-22,0.0138,0.008199999999999999,-0.0111,-0.0176,-0.0083,0.0
2015-05-29,0.0138,0.008199999999999999,-0.0111,-0.0176,-0.0083,0.0
2015-06-05,-0.0154,0.028999999999999998,-0.008199999999999999,0.0034999999999999996,-0.0154,0.0
2015-06-12,-0.0154,0.028999999999999998,-0.008199999999999999,0.0034999999999999996,-0.0154,0.0
2015-06-19,-0.0154,0.028999999999999998,-0.008199999999999999,0.0034999999999999996,-0.0154,0.0
2015-06-26,-0.0154,0.028999999999999998,-0.008199999999999999,0.0034999999999999996,-0.0154,0.0
2015-07-03,0.015700000000000002,-0.0458,-0.0416,0.0031,-0.024399999999999998,0.0
2015-07-10,0.015700000000000002,-0.0458,-0.0416,0.0031,-0.024399999999999998,0.0
2015-07-17,0.015700000000000002,-0.0458,-0.0416,0.0031,-0.024399999999999998,0.0
2015-07-24,0.015700000000000002,-0.0458,-0.0416,0.0031,-0.024399999999999998,0.0
2015-07-31,0.015700000000000002,-0.0458,-0.0416,0.0031,-0.024399999999999998,0.0
2015-08-07,-0.0602,0.0029,0.0275,0.0066,0.0129,0.0
2015-08-14,-0.0602,0.0029,0.0275,0.0066,0.0129,0.0
2015-08-21,-0.0602,0.0029,0.0275,0.0066,0.0129,0.0
2015-08-28,-0.0602,0.0029,0.0275,0.0066,0.0129,0.0
2015-09-04,-0.030600000000000002,-0.027999999999999997,0.0055000000000000005,0.018000000000000002,-0.0059,0.0
2015-09-11,-0.030600000000000002,-0.027999999999999997,0.0055000000000000005,0.018000000000000002,-0.0059,0.0
2015-09-18,-0.030600000000000002,-0.027999999999999997,0.0055000000000000005,0.018000000000000002,-0.0059,0.0
2015-09-25,-0.030600000000000002,-0.027999999999999997,0.0055000000000000005,0.018000000000000002,-0.0059,0.0
2015-10-02,0.0775,-0.0206,-0.004699999999999999,0.0095,0.0060999999999999995,0.0
2015-10-09,0.0775,-0.0206,-0.004699999999999999,0.0095,0.0060999999999999995,0.0
2015-10-16,0.0775,-0.0206,-0.004699999999999999,0.0095,0.0060999999999999995,0.0
2015-10-23,0.0775,-0.0206,-0.004699999999999999,0.0095,0.0060999999999999995,0.0
2015-10-30,0.0775,-0.0206,-0.004699999999999999,0.0095,0.0060999999999999995,0.0
2015-11-06,0.005699999999999999,0.033,-0.0043,-0.0265,-0.0106,0.0
2015-11-13,0.005699999999999999,0.033,-0.0043,-0.0265,-0.0106,0.0
2015-11-20,0.005699999999999999,0.033,-0.0043,-0.0265,-0.0106,0.0
2015-11-27,0.005699999999999999,0.033,-0.0043,-0.0265,-0.0106,0.0
2015-12-04,-0.0215,-0.029500000000000002,-0.025699999999999997,0.0034000000000000002,0.0012,0.0001
2015-12-11,-0.0215,-0.029500000000000002,-0.025699999999999997,0.0034000000000000002,0.0012,0.0001
2015-12-18,-0.0215,-0.029500000000000002,-0.025699999999999997,0.0034000000000000002,0.0012,0.0001
2015-12-25,-0.0215,-0.029500000000000002,-0.025699999999999997,0.0034000000000000002,0.0012,0.0001
2016-01-01,-0.0574,-0.0344,0.0208,0.0278,0.0305,0.0001
2016-01-08,-0.0574,-0.0344,0.0208,0.0278,0.0305,0.0001
2016-01-15,-0.0574,-0.0344,0.0208,0.0278,0.0305,0.0001
2016-01-22,-0.0574,-0.0344,0.0208,0.0278,0.0305,0.0001
2016-01-29,-0.0574,-0.0344,0.0208,0.0278,0.0305,0.0001
2016-02-05,-0.0007000000000000001,0.0087,-0.0060999999999999995,0.0331,0.0194,0.0002
2016-02-12,-0.0007000000000000001,0.0087,-0.0060999999999999995,0.0331,0.0194,0.0002
2016-02-19,-0.0007000000000000001,0.0087,-0.0060999999999999995,0.0331,0.0194,0.0002
2016-02-26,-0.0007000000000000001,0.0087,-0.0060999999999999995,0.0331,0.0194,0.0002
2016-03-04,0.0695,0.01,0.012199999999999999,0.0068000000000000005,0.0001,0.0002
2016-03-11,0.0695,0.01,0.012199999999999999,0.0068000000000000005,0.0001,0.0002
2016-03-18,0.0695,0.01,0.012199999999999999,0.0068000000000000005,0.0001,0.0002
2016-03-25,0.0695,0.01,0.012199999999999999,0.0068000000000000005,0.0001,0.0002
2016-04-01,0.0091,0.0123,0.0322,-0.0285,0.0177,0.0001
2016-04-08,0.0091,0.0123,0.0322,-0.0285,0.0177,0.0001
2016-04-15,0.0091,0.0123,0.0322,-0.0285,0.0177,0.0001
2016-04-22,0.0091,0.0123,0.0322,-0.0285,0.0177,0.0001
2016-04-29,0.0091,0.0123,0.0322,-0.0285,0.0177,0.0001
2016-05-06,0.0178,-0.0062,-0.016200000000000003,-0.011000000000000001,-0.0254,0.0001
2016-05-13,0.0178,-0.0062,-0.016200000000000003,-0.011000000000000001,-0.0254,0.0001
2016-05-20,0.0178,-0.0062,-0.016200000000000003,-0.011000000000000001,-0.0254,0.0001
2016-05-27,0.0178,-0.0062,-0.016200000000000003,-0.011000000000000001,-0.0254,0.0001
2016-06-03,-0.0003,0.0042,-0.0149,0.014499999999999999,0.019,0.0002
2016-06-10,-0.0003,0.0042,-0.0149,0.014499999999999999,0.019,0.0002
2016-06-17,-0.0003,0.0042,-0.0149,0.014499999999999999,0.019,0.0002
2016-06-24,-0.0003,0.0042,-0.0149,0.014499999999999999,0.019,0.0002
2016-07-01,0.0394,0.024700000000000003,-0.0124,0.0131,-0.0116,0.0002
2016-07-08,0.0394,0.024700000000000003,-0.0124,0.0131,-0.0116,0.0002
2016-07-15,0.0394,0.024700000000000003,-0.0124,0.0131,-0.0116,0.0002
2016-07-22,0.0394,0.024700000000000003,-0.0124,0.0131,-0.0116,0.0002
2016-07-29,0.0394,0.024700000000000003,-0.0124,0.0131,-0.0116,0.0002
2016-08-05,0.0049,0.0166,0.0317,-0.018500000000000003,-0.0036,0.0002
2016-08-12,0.0049,0.0166,0.0317,-0.018500000000000003,-0.0036,0.0002
2016-08-19,0.0049,0.0166,0.0317,-0.018500000000000003,-0.0036,0.0002
2016-08-26,0.0049,0.0166,0.0317,-0.018500000000000003,-0.0036,0.0002
2016-09-02,0.0027,0.0181,-0.011899999999999999,-0.0218,0.0003,0.0002
2016-09-09,0.0027,0.0181,-0.011899999999999999,-0.0218,0.0003,0.0002
2016-09-16,0.0027,0.0181,-0.011899999999999999,-0.0218,0.0003,0.0002
2016-09-23,0.0027,0.0181,-0.011899999999999999,-0.0218,0.0003,0.0002
2016-09-30,0.0027,0.0181,-0.011899999999999999,-0.0218,0.0003,0.0002
2016-10-07,-0.020099999999999996,-0.04019999999999999,0.041100000000000005,0.009899999999999999,0.0025,0.0002
2016-10-14,-0.020099999999999996,-0.04019999999999999,0.041100000000000005,0.009899999999999999,0.0025,0.0002
2016-10-21,-0.020099999999999996,-0.04019999999999999,0.041100000000000005,0.009899999999999999,0.0025,0.0002
2016-10-28,-0.020099999999999996,-0.04019999999999999,0.041100000000000005,0.009899999999999999,0.0025,0.0002
2016-11-04,0.048499999999999995,0.0696,0.08289999999999999,-0.0024,0.0371,0.0001
2016-11-11,0.048499999999999995,0.0696,0.08289999999999999,-0.0024,0.0371,0.0001
2016-11-18,0.048499999999999995,0.0696,0.08289999999999999,-0.0024,0.0371,0.0001
2016-11-25,0.048499999999999995,0.0696,0.08289999999999999,-0.0024,0.0371,0.0001
2016-12-02,0.0181,0.0044,0.0347,0.0124,-0.0032,0.0003
2016-12-09,0.0181,0.0044,0.0347,0.0124,-0.0032,0.0003
2016-12-16,0.0181,0.0044,0.0347,0.0124,-0.0032,0.0003
2016-12-23,0.0181,0.0044,0.0347,0.0124,-0.0032,0.0003
2016-12-30,0.0181,0.0044,0.0347,0.0124,-0.0032,0.0003
2017-01-06,0.0194,-0.0144,-0.0276,-0.0051,-0.0106,0.0004
2017-01-13,0.0194,-0.0144,-0.0276,-0.0051,-0.0106,0.0004
2017-01-20,0.0194,-0.0144,-0.0276,-0.0051,-0.0106,0.0004
2017-01-27,0.0194,-0.0144,-0.0276,-0.0051,-0.0106,0.0004
2017-02-03,0.0355,-0.023,-0.015,0.0045000000000000005,-0.018000000000000002,0.0004
2017-02-10,0.0355,-0.023,-0.015,0.0045000000000000005,-0.018000000000000002,0.0004
2017-02-17,0.0355,-0.023,-0.015,0.0045000000000000005,-0.018000000000000002,0.0004
2017-02-24,0.0355,-0.023,-0.015,0.0045000000000000005,-0.018000000000000002,0.0004
2017-03-03,0.0017000000000000001,0.0075,-0.0333,0.0063,-0.0095,0.0003
2017-03-10,0.0017000000000000001,0.0075,-0.0333,0.0063,-0.0095,0.0003
2017-03-17,0.0017000000000000001,0.0075,-0.0333,0.0063,-0.0095,0.0003
2017-03-24,0.0017000000000000001,0.0075,-0.0333,0.0063,-0.0095,0.0003
2017-03-31,0.0017000000000000001,0.0075,-0.0333,0.0063,-0.0095,0.0003
2017-04-07,0.0108,0.0040999999999999995,-0.020499999999999997,0.0179,-0.016,0.0005
2017-04-14,0.0108,0.0040999999999999995,-0.020499999999999997,0.0179,-0.016,0.0005
2017-04-21,0.0108,0.0040999999999999995,-0.020499999999999997,0.0179,-0.016,0.0005
2017-04-28,0.0108,0.0040999999999999995,-0.020499999999999997,0.0179,-0.016,0.0005
2017-05-05,0.010700000000000001,-0.029900000000000003,-0.0382,0.009899999999999999,-0.0166,0.0006
2017-05-12,0.010700000000000001,-0.029900000000000003,-0.0382,0.009899999999999999,-0.0166,0.0006
2017-05-19,0.010700000000000001,-0.029900000000000003,-0.0382,0.009899999999999999,-0.0166,0.0006
2017-05-26,0.010700000000000001,-0.029900000000000003,-0.0382,0.009899999999999999,-0.0166,0.0006
2017-06-02,0.0078000000000000005,0.0252,0.015,-0.0226,0.0004,0.0006
2017-06-09,0.0078000000000000005,0.0252,0.015,-0.0226,0.0004,0.0006
2017-06-16,0.0078000000000000005,0.0252,0.015,-0.0226,0.0004,0.0006
2017-06-23,0.0078000000000000005,0.0252,0.015,-0.0226,0.0004,0.0006
2017-06-30,0.0078000000000000005,0.0252,0.015,-0.0226,0.0004,0.0006
2017-07-07,0.018799999999999997,-0.016399999999999998,-0.0023,-0.0075,-0.0015,0.0007000000000000001
2017-07-14,0.018799999999999997,-0.016399999999999998,-0.0023,-0.0075,-0.0015,0.0007000000000000001
2017-07-21,0.018799999999999997,-0.016399999999999998,-0.0023,-0.0075,-0.0015,0.0007000000000000001
2017-07-28,0.018799999999999997,-0.016399999999999998,-0.0023,-0.0075,-0.0015,0.0007000000000000001
2017-08-04,0.0018,-0.0183,-0.0213,0.002,-0.023799999999999998,0.0009
2017-08-11,0.0018,-0.0183,-0.0213,0.002,-0.023799999999999998,0.0009
2017-08-18,0.0018,-0.0183,-0.0213,0.002,-0.023799999999999998,0.0009
2017-08-25,0.0018,-0.0183,-0.0213,0.002,-0.023799999999999998,0.0009
2017-09-01,0.024900000000000002,0.047599999999999996,0.0315,-0.0154,0.0163,0.0009
2017-09-08,0.024900000000000002,0.047599999999999996,0.0315,-0.0154,0.0163,0.0009
2017-09-15,0.024900000000000002,0.047599999999999996,0.0315,-0.0154,0.0163,0.0009
2017-09-22,0.024900000000000002,0.047599999999999996,0.0315,-0.0154,0.0163,0.0009
2017-09-29,0.024900000000000002,0.047599999999999996,0.0315,-0.0154,0.0163,0.0009
2017-10-06,0.0225,-0.0191,0.0013,0.0092,-0.031400000000000004,0.0009
2017-10-13,0.0225,-0.0191,0.0013,0.0092,-0.031400000000000004,0.0009
2017-10-20,0.0225,-0.0191,0.0013,0.0092,-0.031400000000000004,0.0009
2017-10-27,0.0225,-0.0191,0.0013,0.0092,-0.031400000000000004,0.0009
2017-11-03,0.031200000000000002,-0.0038,-0.0009,0.0319,-0.001,0.0008
2017-11-10,0.031200000000000002,-0.0038,-0.0009,0.0319,-0.001,0.0008
2017-11-17,0.031200000000000002,-0.0038,-0.0009,0.0319,-0.001,0.0008
2017-11-24,0.031200000000000002,-0.0038,-0.0009,0.0319,-0.001,0.0008
2017-12-01,0.0106,-0.0105,0.0005,0.0073,0.0179,0.0009
2017-12-08,0.0106,-0.0105,0.0005,0.0073,0.0179,0.0009
2017-12-15,0.0106,-0.0105,0.0005,0.0073,0.0179,0.0009
2017-12-22,0.0106,-0.0105,0.0005,0.0073,0.0179,0.0009
2017-12-29,0.0106,-0.0105,0.0005,0.0073,0.0179,0.0009
2018-01-05,0.0558,-0.0321,-0.0132,-0.0075,-0.0105,0.0011
2018-01-12,0.0558,-0.0321,-0.0132,-0.0075,-0.0105,0.0011
2018-01-19,0.0558,-0.0321,-0.0132,-0.0075,-0.0105,0.0011
2018-01-26,0.0558,-0.0321,-0.0132,-0.0075,-0.0105,0.0011
2018-02-02,-0.0364,0.0034000000000000002,-0.011000000000000001,0.0053,-0.0236,0.0011
2018-02-09,-0.0364,0.0034000000000000002,-0.011000000000000001,0.0053,-0.0236,0.0011
2018-02-16,-0.0364,0.0034000000000000002,-0.011000000000000001,0.0053,-0.0236,0.0011
2018-02-23,-0.0364,0.0034000000000000002,-0.011000000000000001,0.0053,-0.0236,0.0011
2018-03-02,-0.0235,0.0361,-0.0021,-0.0040999999999999995,0.0008,0.0012
2018-03-09,-0.0235,0.0361,-0.0021,-0.0040999999999999995,0.0008,0.0012
2018-03-16,-0.0235,0.0361,-0.0021,-0.0040999999999999995,0.0008,0.0012
2018-03-23,-0.0235,0.0361,-0.0021,-0.0040999999999999995,0.0008,0.0012
2018-03-30,-0.0235,0.0361,-0.0021,-0.0040999999999999995,0.0008,0.0012
2018-04-06,0.0029,0.0089,0.0053,-0.0242,0.0124,0.0014000000000000002
2018-04-13,0.0029,0.0089,0.0053,-0.0242,0.0124,0.0014000000000000002
2018-04-20,0.0029,0.0089,0.0053,-0.0242,0.0124,0.0014000000000000002
2018-04-27,0.0029,0.0089,0.0053,-0.0242,0.0124,0.0014000000000000002
2018-05-04,0.0263,0.0471,-0.031400000000000004,-0.019799999999999998,-0.0149,0.0014000000000000002
2018-05-11,0.0263,0.0471,-0.031400000000000004,-0.019799999999999998,-0.0149,0.0014000000000000002
2018-05-18,0.0263,0.0471,-0.031400000000000004,-0.019799999999999998,-0.0149,0.0014000000000000002
2018-05-25,0.0263,0.0471,-0.031400000000000004,-0.019799999999999998,-0.0149,0.0014000000000000002
2018-06-01,0.0049,0.0077,-0.0233,0.0083,0.002,0.0014000000000000002
2018-06-08,0.0049,0.0077,-0.0233,0.0083,0.002,0.0014000000000000002
2018-06-15,0.0049,0.0077,-0.0233,0.0083,0.002,0.0014000000000000002
2018-06-22,0.0049,0.0077,-0.0233,0.0083,0.002,0.0014000000000000002
2018-06-29,0.0049,0.0077,-0.0233,0.0083,0.002,0.0014000000000000002
2018-07-06,0.032,-0.019299999999999998,0.0049,0.015300000000000001,0.0031,0.0016
2018-07-13,0.032,-0.019299999999999998,0.0049,0.015300000000000001,0.0031,0.0016
2018-07-20,0.032,-0.019299999999999998,0.0049,0.015300000000000001,0.0031,0.0016
2018-07-27,0.032,-0.019299999999999998,0.0049,0.015300000000000001,0.0031,0.0016
2018-08-03,0.0346,0.006500000000000001,-0.0391,-0.0029,-0.025699999999999997,0.0016
2018-08-10,0.0346,0.006500000000000001,-0.0391,-0.0029,-0.025699999999999997,0.0016
2018-08-17,0.0346,0.006500000000000001,-0.0391,-0.0029,-0.025699999999999997,0.0016
2018-08-24,0.0346,0.006500000000000001,-0.0391,-0.0029,-0.025699999999999997,0.0016
2018-08-31,0.0346,0.006500000000000001,-0.0391,-0.0029,-0.025699999999999997,0.0016
2018-09-07,0.0006,-0.024900000000000002,-0.016200000000000003,0.006500000000000001,0.013600000000000001,0.0015
2018-09-14,0.0006,-0.024900000000000002,-0.016200000000000003,0.006500000000000001,0.013600000000000001,0.0015
2018-09-21,0.0006,-0.024900000000000002,-0.016200000000000003,0.006500000000000001,0.013600000000000001,0.0015
2018-09-28,0.0006,-0.024900000000000002,-0.016200000000000003,0.006500000000000001,0.013600000000000001,0.0015
2018-10-05,-0.0764,-0.0438,0.0338,0.0103,0.036000000000000004,0.0019
2018-10-12,-0.0764,-0.0438,0.0338,0.0103,0.036000000000000004,0.0019
2018-10-19,-0.0764,-0.0438,0.0338,0.0103,0.036000000000000004,0.0019
2018-10-26,-0.0764,-0.0438,0.0338,0.0103,0.036000000000000004,0.0019
2018-11-02,0.0171,-0.008100000000000001,0.0036,-0.0060999999999999995,0.004,0.0018
2018-11-09,0.0171,-0.008100000000000001,0.0036,-0.0060999999999999995,0.004,0.0018
2018-11-16,0.0171,-0.008100000000000001,0.0036,-0.0060999999999999995,0.004,0.0018
2018-11-23,0.0171,-0.008100000000000001,0.0036,-0.0060999999999999995,0.004,0.0018
2018-11-30,0.0171,-0.008100000000000001,0.0036,-0.0060999999999999995,0.004,0.0018
2018-12-07,-0.0955,-0.0281,-0.0192,-0.0003,0.0024,0.0019
2018-12-14,-0.0955,-0.0281,-0.0192,-0.0003,0.0024,0.0019
2018-12-21,-0.0955,-0.0281,-0.0192,-0.0003,0.0024,0.0019
2018-12-28,-0.0955,-0.0281,-0.0192,-0.0003,0.0024,0.0019
2019-01-04,0.0836,0.0291,-0.0039000000000000003,-0.0073,-0.0165,0.0021
2019-01-11,0.0836,0.0291,-0.0039000000000000003,-0.0073,-0.0165,0.0021
2019-01-18,0.0836,0.0291,-0.0039000000000000003,-0.0073,-0.0165,0.0021
2019-01-25,0.0836,0.0291,-0.0039000000000000003,-0.0073,-0.0165,0.0021
2019-02-01,0.0342,0.0172,-0.026600000000000002,0.0016,-0.0154,0.0018
2019-02-08,0.0342,0.0172,-0.026600000000000002,0.0016,-0.0154,0.0018
2019-02-15,0.0342,0.0172,-0.026600000000000002,0.0016,-0.0154,0.0018
2019-02-22,0.0342,0.0172,-0.026600000000000002,0.0016,-0.0154,0.0018
2019-03-01,0.011000000000000001,-0.0352,-0.0414,0.0088,-0.009000000000000001,0.0019
2019-03-08,0.011000000000000001,-0.0352,-0.0414,0.0088,-0.009000000000000001,0.0019
2019-03-15,0.011000000000000001,-0.0352,-0.0414,0.0088,-0.009000000000000001,0.0019
2019-03-22,0.011000000000000001,-0.0352,-0.0414,0.0088,-0.009000000000000001,0.0019
2019-03-29,0.011000000000000001,-0.0352,-0.0414,0.0088,-0.009000000000000001,0.0019
2019-04-05,0.0397,-0.0115,0.0213,0.0161,-0.0218,0.0021
2019-04-12,0.0397,-0.0115,0.0213,0.0161,-0.0218,0.0021
2019-04-19,0.0397,-0.0115,0.0213,0.0161,-0.0218,0.0021
2019-04-26,0.0397,-0.0115,0.0213,0.0161,-0.0218,0.0021
2019-05-03,-0.0692,-0.015600000000000001,-0.0245,-0.0048,0.0176,0.0021
2019-05-10,-0.0692,-0.015600000000000001,-0.0245,-0.0048,0.0176,0.0021
2019-05-17,-0.0692,-0.015600000000000001,-0.0245,-0.0048,0.0176,0.0021
2019-05-24,-0.0692,-0.015600000000000001,-0.0245,-0.0048,0.0176,0.0021
2019-05-31,-0.0692,-0.015600000000000001,-0.0245,-0.0048,0.0176,0.0021
2019-06-07,0.0699,0.0019,-0.0064,0.0045000000000000005,-0.0055000000000000005,0.0018
2019-06-14,0.0699,0.0019,-0.0064,0.0045000000000000005,-0.0055000000000000005,0.0018
2019-06-21,0.0699,0.0019,-0.0064,0.0045000000000000005,-0.0055000000000000005,0.0018
2019-06-28,0.0699,0.0019,-0.0064,0.0045000000000000005,-0.0055000000000000005,0.0018
2019-07-05,0.012199999999999999,-0.0182,0.005,-0.0013,0.0037,0.0019
2019-07-12,0.012199999999999999,-0.0182,0.005,-0.0013,0.0037,0.0019
2019-07-19,0.012199999999999999,-0.0182,0.005,-0.0013,0.0037,0.0019
2019-07-26,0.012199999999999999,-0.0182,0.005,-0.0013,0.0037,0.0019
2019-08-02,-0.0255,-0.0325,-0.04769999999999999,0.0053,-0.0062,0.0016
2019-08-09,-0.0255,-0.0325,-0.04769999999999999,0.0053,-0.0062,0.0016
2019-08-16,-0.0255,-0.0325,-0.04769999999999999,0.0053,-0.0062,0.0016
2019-08-23,-0.0255,-0.0325,-0.04769999999999999,0.0053,-0.0062,0.0016
2019-08-30,-0.0255,-0.0325,-0.04769999999999999,0.0053,-0.0062,0.0016
2019-09-06,0.014199999999999999,0.0029,0.0676,0.0182,0.0338,0.0018
2019-09-13,0.014199999999999999,0.0029,0.0676,0.0182,0.0338,0.0018
2019-09-20,0.014199999999999999,0.0029,0.0676,0.0182,0.0338,0.0018
2019-09-27,0.014199999999999999,0.0029,0.0676,0.0182,0.0338,0.0018
2019-10-04,0.0207,0.0025,-0.0192,0.0043,-0.0103,0.0015
2019-10-11,0.0207,0.0025,-0.0192,0.0043,-0.0103,0.0015
2019-10-18,0.0207,0.0025,-0.0192,0.0043,-0.0103,0.0015
2019-10-25,0.0207,0.0025,-0.0192,0.0043,-0.0103,0.0015
2019-11-01,0.0387,0.0039000000000000003,-0.02,-0.016399999999999998,-0.011399999999999999,0.0012
2019-11-08,0.0387,0.0039000000000000003,-0.02,-0.016399999999999998,-0.011399999999999999,0.0012
2019-11-15,0.0387,0.0039000000000000003,-0.02,-0.016399999999999998,-0.011399999999999999,0.0012
2019-11-22,0.0387,0.0039000000000000003,-0.02,-0.016399999999999998,-0.011399999999999999,0.0012
2019-11-29,0.0387,0.0039000000000000003,-0.02,-0.016399999999999998,-0.011399999999999999,0.0012
2019-12-06,0.0276,0.009899999999999999,0.0173,0.0005,0.011899999999999999,0.0014000000000000002
2019-12-13,0.0276,0.009899999999999999,0.0173,0.0005,0.011899999999999999,0.0014000000000000002
2019-12-20,0.0276,0.009899999999999999,0.0173,0.0005,0.011899999999999999,0.0014000000000000002
2019-12-27,0.0276,0.009899999999999999,0.0173,0.0005,0.011899999999999999,0.0014000000000000002
2020-01-03,-0.0009,-0.0437,-0.0622,-0.011899999999999999,-0.0219,0.0013
2020-01-10,-0.0009,-0.0437,-0.0622,-0.011899999999999999,-0.0219,0.0013
2020-01-17,-0.0009,-0.0437,-0.0622,-0.011899999999999999,-0.0219,0.0013
2020-01-24,-0.0009,-0.0437,-0.0622,-0.011899999999999999,-0.0219,0.0013
2020-01-31,-0.0009,-0.0437,-0.0622,-0.011899999999999999,-0.0219,0.0013
2020-02-07,-0.0815,0.0008,-0.0382,-0.0143,-0.0253,0.0012
2020-02-14,-0.0815,0.0008,-0.0382,-0.0143,-0.0253,0.0012
2020-02-21,-0.0815,0.0008,-0.0382,-0.0143,-0.0253,0.0012
2020-02-28,-0.0815,0.0008,-0.0382,-0.0143,-0.0253,0.0012
2020-03-06,-0.1335,-0.0818,-0.1383,-0.0161,0.011899999999999999,0.0012
2020-03-13,-0.1335,-0.0818,-0.1383,-0.0161,0.011899999999999999,0.0012
2020-03-20,-0.1335,-0.0818,-0.1383,-0.0161,0.011899999999999999,0.0012
2020-03-27,-0.1335,-0.0818,-0.1383,-0.0161,0.011899999999999999,0.0012
2020-04-03,0.1358,0.025699999999999997,-0.0134,0.0276,-0.0102,0.0
2020-04-10,0.1358,0.025699999999999997,-0.0134,0.0276,-0.0102,0.0
2020-04-17,0.1358,0.025699999999999997,-0.0134,0.0276,-0.0102,0.0
2020-04-24,0.1358,0.025699999999999997,-0.0134,0.0276,-0.0102,0.0
2020-05-01,0.0559,0.0192,-0.05,0.0096,-0.0316,0.0001
2020-05-08,0.0559,0.0192,-0.05,0.0096,-0.0316,0.0001
2020-05-15,0.0559,0.0192,-0.05,0.0096,-0.0316,0.0001
2020-05-22,0.0559,0.0192,-0.05,0.0096,-0.0316,0.0001
2020-05-29,0.0559,0.0192,-0.05,0.0096,-0.0316,0.0001
2020-06-05,0.024399999999999998,0.0195,-0.0217,0.0014000000000000002,0.0055000000000000005,0.0001
2020-06-12,0.024399999999999998,0.0195,-0.0217,0.0014000000000000002,0.0055000000000000005,0.0001
2020-06-19,0.024399999999999998,0.0195,-0.0217,0.0014000000000000002,0.0055000000000000005,0.0001
2020-06-26,0.024399999999999998,0.0195,-0.0217,0.0014000000000000002,0.0055000000000000005,0.0001
2020-07-03,0.0583,-0.0319,-0.0144,0.0038,0.0097,0.0001
2020-07-10,0.0583,-0.0319,-0.0144,0.0038,0.0097,0.0001
2020-07-17,0.0583,-0.0319,-0.0144,0.0038,0.0097,0.0001
2020-07-24,0.0583,-0.0319,-0.0144,0.0038,0.0097,0.0001
2020-07-31,0.0583,-0.0319,-0.0144,0.0038,0.0097,0.0001
2020-08-07,0.0762,-0.0089,-0.0302,0.042699999999999995,-0.0151,0.0001
2020-08-14,0.0762,-0.0089,-0.0302,0.042699999999999995,-0.0151,0.0001
2020-08-21,0.0762,-0.0089,-0.0302,0.042699999999999995,-0.0151,0.0001
2020-08-28,0.0762,-0.0089,-0.0302,0.042699999999999995,-0.0151,0.0001
2020-09-04,-0.0364,-0.0001,-0.027200000000000002,-0.0138,-0.019299999999999998,0.0001
2020-09-11,-0.0364,-0.0001,-0.027200000000000002,-0.0138,-0.019299999999999998,0.0001
2020-09-18,-0.0364,-0.0001,-0.027200000000000002,-0.0138,-0.019299999999999998,0.0001
2020-09-25,-0.0364,-0.0001,-0.027200000000000002,-0.0138,-0.019299999999999998,0.0001
2020-10-02,-0.0208,0.0467,0.0425,-0.0077,-0.005699999999999999,0.0001
2020-10-09,-0.0208,0.0467,0.0425,-0.0077,-0.005699999999999999,0.0001
2020-10-16,-0.0208,0.0467,0.0425,-0.0077,-0.005699999999999999,0.0001
2020-10-23,-0.0208,0.0467,0.0425,-0.0077,-0.005699999999999999,0.0001
2020-10-30,-0.0208,0.0467,0.0425,-0.0077,-0.005699999999999999,0.0001
2020-11-06,0.1244,0.0712,0.0209,-0.0225,0.0128,0.0001
2020-11-13,0.1244,0.0712,0.0209,-0.0225,0.0128,0.0001
2020-11-20,0.1244,0.0712,0.0209,-0.0225,0.0128,0.0001
2020-11-27,0.1244,0.0712,0.0209,-0.0225,0.0128,0.0001
2020-12-04,0.0463,0.0493,-0.0168,-0.0197,-0.0006,0.0001
2020-12-11,0.0463,0.0493,-0.0168,-0.0197,-0.0006,0.0001
2020-12-18,0.0463,0.0493,-0.0168,-0.0197,-0.0006,0.0001
2020-12-25,0.0463,0.0493,-0.0168,-0.0197,-0.0006,0.0001
2021-01-01,-0.0007000000000000001,0.0681,0.0322,-0.0365,0.049699999999999994,0.0
2021-01-08,-0.0007000000000000001,0.0681,0.0322,-0.0365,0.049699999999999994,0.0
2021-01-15,-0.0007000000000000001,0.0681,0.0322,-0.0365,0.049699999999999994,0.0
2021-01-22,-0.0007000000000000001,0.0681,0.0322,-0.0365,0.049699999999999994,0.0
2021-01-29,-0.0007000000000000001,0.0681,0.0322,-0.0365,0.049699999999999994,0.0
2021-02-05,0.0281,0.045,0.07200000000000001,0.0033,-0.0199,0.0
2021-02-12,0.0281,0.045,0.07200000000000001,0.0033,-0.0199,0.0
2021-02-19,0.0281,0.045,0.07200000000000001,0.0033,-0.0199,0.0
2021-02-26,0.0281,0.045,0.07200000000000001,0.0033,-0.0199,0.0
2021-03-05,0.0316,-0.0084,0.0735,0.0635,0.0352,0.0
2021-03-12,0.0316,-0.0084,0.0735,0.0635,0.0352,0.0
2021-03-19,0.0316,-0.0084,0.0735,0.0635,0.0352,0.0
2021-03-26,0.0316,-0.0084,0.0735,0.0635,0.0352,0.0
2021-04-02,0.049699999999999994,-0.0316,-0.0102,0.024300000000000002,-0.027200000000000002,0.0
2021-04-09,0.049699999999999994,-0.0316,-0.0102,0.024300000000000002,-0.027200000000000002,0.0
2021-04-16,0.049699999999999994,-0.0316,-0.0102,0.024300000000000002,-0.027200000000000002,0.0
2021-04-23,0.049699999999999994,-0.0316,-0.0102,0.024300000000000002,-0.027200000000000002,0.0
2021-04-30,0.049699999999999994,-0.0316,-0.0102,0.024300000000000002,-0.027200000000000002,0.0
2021-05-07,0.0029,0.0127,0.0704,0.023399999999999997,0.0301,0.0
2021-05-14,0.0029,0.0127,0.0704,0.023399999999999997,0.0301,0.0
2021-05-21,0.0029,0.0127,0.0704,0.023399999999999997,0.0301,0.0
2021-05-28,0.0029,0.0127,0.0704,0.023399999999999997,0.0301,0.0
2021-06-04,0.0273,-0.003,-0.0786,-0.021400000000000002,-0.009300000000000001,0.0
2021-06-11,0.0273,-0.003,-0.0786,-0.021400000000000002,-0.009300000000000001,0.0
2021-06-18,0.0273,-0.003,-0.0786,-0.021400000000000002,-0.009300000000000001,0.0
2021-06-25,0.0273,-0.003,-0.0786,-0.021400000000000002,-0.009300000000000001,0.0
2021-07-02,0.0134,-0.0455,-0.0179,0.055,-0.0059,0.0
2021-07-09,0.0134,-0.0455,-0.0179,0.055,-0.0059,0.0
2021-07-16,0.0134,-0.0455,-0.0179,0.055,-0.0059,0.0
2021-07-23,0.0134,-0.0455,-0.0179,0.055,-0.0059,0.0
2021-07-30,0.0134,-0.0455,-0.0179,0.055,-0.0059,0.0
2021-08-06,0.029500000000000002,-0.0066,-0.0023,-0.0026,-0.0172,0.0
2021-08-13,0.029500000000000002,-0.0066,-0.0023,-0.0026,-0.0172,0.0
2021-08-20,0.029500000000000002,-0.0066,-0.0023,-0.0026,-0.0172,0.0
2021-08-27,0.029500000000000002,-0.0066,-0.0023,-0.0026,-0.0172,0.0
2021-09-03,-0.044000000000000004,0.011200000000000002,0.0512,-0.0192,0.02,0.0
2021-09-10,-0.044000000000000004,0.011200000000000002,0.0512,-0.0192,0.02,0.0
2021-09-17,-0.044000000000000004,0.011200000000000002,0.0512,-0.0192,0.02,0.0
2021-09-24,-0.044000000000000004,0.011200000000000002,0.0512,-0.0192,0.02,0.0
2021-10-01,0.0663,-0.027000000000000003,-0.0053,0.0171,-0.0154,0.0
2021-10-08,0.0663,-0.027000000000000003,-0.0053,0.0171,-0.0154,0.0
2021-10-15,0.0663,-0.027000000000000003,-0.0053,0.0171,-0.0154,0.0
2021-10-22,0.0663,-0.027000000000000003,-0.0053,0.0171,-0.0154,0.0
2021-10-29,0.0663,-0.027000000000000003,-0.0053,0.0171,-0.0154,0.0
2021-11-05,-0.0158,-0.017,-0.0037,0.0719,0.017,0.0
2021-11-12,-0.0158,-0.017,-0.0037,0.0719,0.017,0.0
2021-11-19,-0.0158,-0.017,-0.0037,0.0719,0.017,0.0
2021-11-26,-0.0158,-0.017,-0.0037,0.0719,0.017,0.0
2021-12-03,0.032400000000000005,-0.0078000000000000005,0.0325,0.048799999999999996,0.0429,0.0001
2021-12-10,0.032400000000000005,-0.0078000000000000005,0.0325,0.048799999999999996,0.0429,0.0001
2021-12-17,0.032400000000000005,-0.0078000000000000005,0.0325,0.048799999999999996,0.0429,0.0001
2021-12-24,0.032400000000000005,-0.0078000000000000005,0.0325,0.048799999999999996,0.0429,0.0001
2021-12-31,0.032400000000000005,-0.0078000000000000005,0.0325,0.048799999999999996,0.0429,0.0001
2022-01-07,-0.061500000000000006,-0.0401,0.1286,0.0077,0.07730000000000001,0.0
2022-01-14,-0.061500000000000006,-0.0401,0.1286,0.0077,0.07730000000000001,0.0
2022-01-21,-0.061500000000000006,-0.0401,0.1286,0.0077,0.07730000000000001,0.0
2022-01-28,-0.061500000000000006,-0.0401,0.1286,0.0077,0.07730000000000001,0.0
2022-02-04,-0.022799999999999997,0.0286,0.030600000000000002,-0.0203,0.030299999999999997,0.0
2022-02-11,-0.022799999999999997,0.0286,0.030600000000000002,-0.0203,0.030299999999999997,0.0
2022-02-18,-0.022799999999999997,0.0286,0.030600000000000002,-0.0203,0.030299999999999997,0.0
2022-02-25,-0.022799999999999997,0.0286,0.030600000000000002,-0.0203,0.030299999999999997,0.0
2022-03-04,0.0308,-0.021099999999999997,-0.019,-0.015,0.0321,0.0
2022-03-11,0.0308,-0.021099999999999997,-0.019,-0.015,0.0321,0.0
2022-03-18,0.0308,-0.021099999999999997,-0.019,-0.015,0.0321,0.0
2022-03-25,0.0308,-0.021099999999999997,-0.019,-0.015,0.0321,0.0
2022-04-01,-0.0941,-0.0034999999999999996,0.061799999999999994,0.0341,0.0592,0.0
2022-04-08,-0.0941,-0.0034999999999999996,0.061799999999999994,0.0341,0.0592,0.0
2022-04-15,-0.0941,-0.0034999999999999996,0.061799999999999994,0.0341,0.0592,0.0
2022-04-22,-0.0941,-0.0034999999999999996,0.061799999999999994,0.0341,0.0592,0.0
2022-04-29,-0.0941,-0.0034999999999999996,0.061799999999999994,0.0341,0.0592,0.0
2022-05-06,-0.0033,-0.0003,0.08439999999999999,0.0155,0.0395,0.0003
2022-05-13,-0.0033,-0.0003,0.08439999999999999,0.0155,0.0395,0.0003
2022-05-20,-0.0033,-0.0003,0.08439999999999999,0.0155,0.0395,0.0003
2022-05-27,-0.0033,-0.0003,0.08439999999999999,0.0155,0.0395,0.0003
2022-06-03,-0.084,0.013300000000000001,-0.06,0.0176,-0.0458,0.0006
2022-06-10,-0.084,0.013300000000000001,-0.06,0.0176,-0.0458,0.0006
2022-06-17,-0.084,0.013300000000000001,-0.06,0.0176,-0.0458,0.0006
2022-06-24,-0.084,0.013300000000000001,-0.06,0.0176,-0.0458,0.0006
2022-07-01,0.09570000000000001,0.0178,-0.0415,0.0077,-0.06849999999999999,0.0008
2022-07-08,0.09570000000000001,0.0178,-0.0415,0.0077,-0.06849999999999999,0.0008
2022-07-15,0.09570000000000001,0.0178,-0.0415,0.0077,-0.06849999999999999,0.0008
2022-07-22,0.09570000000000001,0.0178,-0.0415,0.0077,-0.06849999999999999,0.0008
2022-07-29,0.09570000000000001,0.0178,-0.0415,0.0077,-0.06849999999999999,0.0008
2022-08-05,-0.0377,0.0148,0.0018,-0.047400000000000005,0.0132,0.0019
2022-08-12,-0.0377,0.0148,0.0018,-0.047400000000000005,0.0132,0.0019
2022-08-19,-0.0377,0.0148,0.0018,-0.047400000000000005,0.0132,0.0019
2022-08-26,-0.0377,0.0148,0.0018,-0.047400000000000005,0.0132,0.0019
2022-09-02,-0.0934,-0.0098,0.0003,-0.013300000000000001,-0.0077,0.0019
2022-09-09,-0.0934,-0.0098,0.0003,-0.013300000000000001,-0.0077,0.0019
2022-09-16,-0.0934,-0.0098,0.0003,-0.013300000000000001,-0.0077,0.0019
2022-09-23,-0.0934,-0.0098,0.0003,-0.013300000000000001,-0.0077,0.0019
2022-09-30,-0.0934,-0.0098,0.0003,-0.013300000000000001,-0.0077,0.0019
2022-10-07,0.0786,0.0181,0.0797,0.0327,0.0643,0.0023
2022-10-14,0.0786,0.0181,0.0797,0.0327,0.0643,0.0023
2022-10-21,0.0786,0.0181,0.0797,0.0327,0.0643,0.0023
2022-10-28,0.0786,0.0181,0.0797,0.0327,0.0643,0.0023
2022-11-04,0.046900000000000004,-0.0275,0.0148,0.0629,0.0315,0.0029
2022-11-11,0.046900000000000004,-0.0275,0.0148,0.0629,0.0315,0.0029
2022-11-18,0.046900000000000004,-0.0275,0.0148,0.0629,0.0315,0.0029
2022-11-25,0.046900000000000004,-0.0275,0.0148,0.0629,0.0315,0.0029
2022-12-02,-0.0638,-0.002,0.0134,0.0034000000000000002,0.042800000000000005,0.0033
2022-12-09,-0.0638,-0.002,0.0134,0.0034000000000000002,0.042800000000000005,0.0033
2022-12-16,-0.0638,-0.002,0.0134,0.0034000000000000002,0.042800000000000005,0.0033
2022-12-23,-0.0638,-0.002,0.0134,0.0034000000000000002,0.042800000000000005,0.0033
2022-12-30,-0.0638,-0.002,0.0134,0.0034000000000000002,0.042800000000000005,0.0033
2023-01-06,0.066,0.044000000000000004,-0.0394,-0.024399999999999998,-0.0443,0.0034999999999999996
2023-01-13,0.066,0.044000000000000004,-0.0394,-0.024399999999999998,-0.0443,0.0034999999999999996
2023-01-20,0.066,0.044000000000000004,-0.0394,-0.024399999999999998,-0.0443,0.0034999999999999996
2023-01-27,0.066,0.044000000000000004,-0.0394,-0.024399999999999998,-0.0443,0.0034999999999999996
2023-02-03,-0.025699999999999997,0.005699999999999999,-0.008,0.009899999999999999,-0.0151,0.0034000000000000002
2023-02-10,-0.025699999999999997,0.005699999999999999,-0.008,0.009899999999999999,-0.0151,0.0034000000000000002
2023-02-17,-0.025699999999999997,0.005699999999999999,-0.008,0.009899999999999999,-0.0151,0.0034000000000000002
2023-02-24,-0.025699999999999997,0.005699999999999999,-0.008,0.009899999999999999,-0.0151,0.0034000000000000002
2023-03-03,0.024900000000000002,-0.0689,-0.09050000000000001,0.0227,-0.021,0.0036
2023-03-10,0.024900000000000002,-0.0689,-0.09050000000000001,0.0227,-0.021,0.0036
2023-03-17,0.024900000000000002,-0.0689,-0.09050000000000001,0.0227,-0.021,0.0036
2023-03-24,0.024900000000000002,-0.0689,-0.09050000000000001,0.0227,-0.021,0.0036
2023-03-31,0.024900000000000002,-0.0689,-0.09050000000000001,0.0227,-0.021,0.0036
2023-04-07,0.0063,-0.025699999999999997,-0.0012,0.0241,0.0285,0.0034999999999999996
2023-04-14,0.0063,-0.025699999999999997,-0.0012,0.0241,0.0285,0.0034999999999999996
2023-04-21,0.0063,-0.025699999999999997,-0.0012,0.0241,0.0285,0.0034999999999999996
2023-04-28,0.0063,-0.025699999999999997,-0.0012,0.0241,0.0285,0.0034999999999999996
2023-05-05,0.0033,-0.0043,-0.0779,-0.0178,-0.0708,0.0036
2023-05-12,0.0033,-0.0043,-0.0779,-0.0178,-0.0708,0.0036
2023-05-19,0.0033,-0.0043,-0.0779,-0.0178,-0.0708,0.0036
2023-05-26,0.0033,-0.0043,-0.0779,-0.0178,-0.0708,0.0036
2023-06-02,0.0646,0.0128,-0.0013,0.0231,-0.0154,0.004
2023-06-09,0.0646,0.0128,-0.0013,0.0231,-0.0154,0.004
2023-06-16,0.0646,0.0128,-0.0013,0.0231,-0.0154,0.004
2023-06-23,0.0646,0.0128,-0.0013,0.0231,-0.0154,0.004
2023-06-30,0.0646,0.0128,-0.0013,0.0231,-0.0154,0.004
2023-07-07,0.0321,0.0294,0.04019999999999999,-0.0058,0.006999999999999999,0.0045000000000000005
2023-07-14,0.0321,0.0294,0.04019999999999999,-0.0058,0.006999999999999999,0.0045000000000000005
2023-07-21,0.0321,0.0294,0.04019999999999999,-0.0058,0.006999999999999999,0.0045000000000000005
2023-07-28,0.0321,0.0294,0.04019999999999999,-0.0058,0.006999999999999999,0.0045000000000000005
2023-08-04,-0.0236,-0.0356,-0.0129,0.0326,-0.023,0.0045000000000000005
2023-08-11,-0.0236,-0.0356,-0.0129,0.0326,-0.023,0.0045000000000000005
2023-08-18,-0.0236,-0.0356,-0.0129,0.0326,-0.023,0.0045000000000000005
2023-08-25,-0.0236,-0.0356,-0.0129,0.0326,-0.023,0.0045000000000000005
2023-09-01,-0.052300000000000006,-0.0174,0.0147,0.0187,-0.0075,0.0043
2023-09-08,-0.052300000000000006,-0.0174,0.0147,0.0187,-0.0075,0.0043
2023-09-15,-0.052300000000000006,-0.0174,0.0147,0.0187,-0.0075,0.0043
2023-09-22,-0.052300000000000006,-0.0174,0.0147,0.0187,-0.0075,0.0043
2023-09-29,-0.052300000000000006,-0.0174,0.0147,0.0187,-0.0075,0.0043
2023-10-06,-0.0315,-0.04019999999999999,0.0021,0.024300000000000002,-0.0072,0.004699999999999999
2023-10-13,-0.0315,-0.04019999999999999,0.0021,0.024300000000000002,-0.0072,0.004699999999999999
2023-10-20,-0.0315,-0.04019999999999999,0.0021,0.024300000000000002,-0.0072,0.004699999999999999
2023-10-27,-0.0315,-0.04019999999999999,0.0021,0.024300000000000002,-0.0072,0.004699999999999999
2023-11-03,0.0888,-0.0023,0.0178,-0.0366,-0.0115,0.0044
2023-11-10,0.0888,-0.0023,0.0178,-0.0366,-0.0115,0.0044
2023-11-17,0.0888,-0.0023,0.0178,-0.0366,-0.0115,0.0044
2023-11-24,0.0888,-0.0023,0.0178,-0.0366,-0.0115,0.0044
2023-12-01,0.048499999999999995,0.0724,0.049400000000000006,-0.029300000000000003,0.0121,0.0043
2023-12-08,0.048499999999999995,0.0724,0.049400000000000006,-0.029300000000000003,0.0121,0.0043
2023-12-15,0.048499999999999995,0.0724,0.049400000000000006,-0.029300000000000003,0.0121,0.0043
2023-12-22,0.048499999999999995,0.0724,0.049400000000000006,-0.029300000000000003,0.0121,0.0043
2023-12-29,0.048499999999999995,0.0724,0.049400000000000006,-0.029300000000000003,0.0121,0.0043
2024-01-05,0.0073,-0.057,-0.0236,0.0068000000000000005,-0.009399999999999999,0.004699999999999999
2024-01-12,0.0073,-0.057,-0.0236,0.0068000000000000005,-0.009399999999999999,0.004699999999999999
2024-01-19,0.0073,-0.057,-0.0236,0.0068000000000000005,-0.009399999999999999,0.004699999999999999
2024-01-26,0.0073,-0.057,-0.0236,0.0068000000000000005,-0.009399999999999999,0.004699999999999999
2024-02-02,0.0507,-0.008100000000000001,-0.0347,-0.0204,-0.022400000000000003,0.0042
2024-02-09,0.0507,-0.008100000000000001,-0.0347,-0.0204,-0.022400000000000003,0.0042
2024-02-16,0.0507,-0.008100000000000001,-0.0347,-0.0204,-0.022400000000000003,0.0042
2024-02-23,0.0507,-0.008100000000000001,-0.0347,-0.0204,-0.022400000000000003,0.0042
2024-03-01,0.028399999999999998,-0.011899999999999999,0.0414,0.0131,0.0118,0.0043
2024-03-08,0.028399999999999998,-0.011899999999999999,0.0414,0.0131,0.0118,0.0043
2024-03-15,0.028399999999999998,-0.011899999999999999,0.0414,0.0131,0.0118,0.0043
2024-03-22,0.028399999999999998,-0.011899999999999999,0.0414,0.0131,0.0118,0.0043
2024-03-29,0.028399999999999998,-0.011899999999999999,0.0414,0.0131,0.0118,0.0043
2024-04-05,-0.04650000000000001,-0.0259,-0.005,0.011000000000000001,-0.0034000000000000002,0.004699999999999999
2024-04-12,-0.04650000000000001,-0.0259,-0.005,0.011000000000000001,-0.0034000000000000002,0.004699999999999999
2024-04-19,-0.04650000000000001,-0.0259,-0.005,0.011000000000000001,-0.0034000000000000002,0.004699999999999999
2024-04-26,-0.04650000000000001,-0.0259,-0.005,0.011000000000000001,-0.0034000000000000002,0.004699999999999999
2024-05-03,0.0432,0.0059,-0.013500000000000002,0.032,-0.0297,0.0044
2024-05-10,0.0432,0.0059,-0.013500000000000002,0.032,-0.0297,0.0044
2024-05-17,0.0432,0.0059,-0.013500000000000002,0.032,-0.0297,0.0044
2024-05-24,0.0432,0.0059,-0.013500000000000002,0.032,-0.0297,0.0044
2024-05-31,0.0432,0.0059,-0.013500000000000002,0.032,-0.0297,0.0044
2024-06-07,0.027999999999999997,-0.0433,-0.0331,0.0058,-0.018000000000000002,0.0040999999999999995
2024-06-14,0.027999999999999997,-0.0433,-0.0331,0.0058,-0.018000000000000002,0.0040999999999999995
2024-06-21,0.027999999999999997,-0.0433,-0.0331,0.0058,-0.018000000000000002,0.0040999999999999995
2024-06-28,0.027999999999999997,-0.0433,-0.0331,0.0058,-0.018000000000000002,0.0040999999999999995
2024-07-05,0.012199999999999999,0.0833,0.055999999999999994,0.0026,0.0027,0.0045000000000000005
2024-07-12,0.012199999999999999,0.0833,0.055999999999999994,0.0026,0.0027,0.0045000000000000005
2024-07-19,0.012199999999999999,0.0833,0.055999999999999994,0.0026,0.0027,0.0045000000000000005
2024-07-26,0.012199999999999999,0.0833,0.055999999999999994,0.0026,0.0027,0.0045000000000000005
2024-08-02,0.0161,-0.035699999999999996,-0.011000000000000001,0.0075,0.0079,0.0048
2024-08-09,0.0161,-0.035699999999999996,-0.011000000000000001,0.0075,0.0079,0.0048
2024-08-16,0.0161,-0.035699999999999996,-0.011000000000000001,0.0075,0.0079,0.0048
2024-08-23,0.0161,-0.035699999999999996,-0.011000000000000001,0.0075,0.0079,0.0048
2024-08-30,0.0161,-0.035699999999999996,-0.011000000000000001,0.0075,0.0079,0.0048
2024-09-06,0.0173,-0.009000000000000001,-0.0277,0.0019,-0.0025,0.004
2024-09-13,0.0173,-0.009000000000000001,-0.0277,0.0019,-0.0025,0.004
2024-09-20,0.0173,-0.009000000000000001,-0.0277,0.0019,-0.0025,0.004
2024-09-27,0.0173,-0.009000000000000001,-0.0277,0.0019,-0.0025,0.004
2024-10-04,-0.01,-0.0086,0.0089,-0.0149,0.0102,0.0039000000000000003
2024-10-11,-0.01,-0.0086,0.0089,-0.0149,0.0102,0.0039000000000000003
2024-10-18,-0.01,-0.0086,0.0089,-0.0149,0.0102,0.0039000000000000003
2024-10-25,-0.01,-0.0086,0.0089,-0.0149,0.0102,0.0039000000000000003
2024-11-01,0.0649,0.04650000000000001,0.0029,-0.0227,-0.019299999999999998,0.004
2024-11-08,0.0649,0.04650000000000001,0.0029,-0.0227,-0.019299999999999998,0.004
2024-11-15,0.0649,0.04650000000000001,0.0029,-0.0227,-0.019299999999999998,0.004
2024-11-22,0.0649,0.04650000000000001,0.0029,-0.0227,-0.019299999999999998,0.004
2024-11-29,0.0649,0.04650000000000001,0.0029,-0.0227,-0.019299999999999998,0.004
2024-12-06,-0.0316,-0.0382,-0.0298,0.018799999999999997,-0.012,0.0037
