date,etf,predicted_return,rank,target,regime,regime_name,model_used,bear_prob,ranging_prob,bull_prob
2020-01-31,XLB,-0.011008330451191222,5,-0.0851988365163488,2,Bull,Bull,0.0002,0.4437,0.5561
2020-01-31,XLE,-0.011629108418027874,6,-0.1528817440308031,2,Bull,Bull,0.0002,0.4437,0.5561
2020-01-31,XLF,-0.010488017538273307,4,-0.1124831991281278,2,Bull,Bull,0.0002,0.4437,0.5561
2020-01-31,XLI,-0.010221539116553794,2,-0.0990014420230678,2,Bull,Bull,0.0002,0.4437,0.5561
2020-01-31,XLK,-0.015470526624298583,9,-0.0730094453745371,2,Bull,Bull,0.0002,0.4437,0.5561
2020-01-31,XLP,-0.010332999437097735,3,-0.082146169750623,2,Bull,Bull,0.0002,0.4437,0.5561
2020-01-31,XLU,-0.015279644125310297,8,-0.0985793478627776,2,Bull,Bull,0.0002,0.4437,0.5561
2020-01-31,XLV,-0.011657705579871246,7,-0.0658661963464709,2,Bull,Bull,0.0002,0.4437,0.5561
2020-01-31,XLY,-0.009858407950458127,1,-0.0757262240502425,2,Bull,Bull,0.0002,0.4437,0.5561
2020-02-29,XLB,0.006368926848235754,3,-0.1456753042274289,1,Ranging,Ranging,0.0863,0.9132,0.0006
2020-02-29,XLE,0.03494939108120748,1,-0.358073712583419,1,Ranging,Ranging,0.0863,0.9132,0.0006
2020-02-29,XLF,0.00887108561822201,2,-0.216998883645678,1,Ranging,Ranging,0.0863,0.9132,0.0006
2020-02-29,XLI,0.004664152679450054,5,-0.1925285274552608,1,Ranging,Ranging,0.0863,0.9132,0.0006
2020-02-29,XLK,0.0016702723310358235,9,-0.0905284300539479,1,Ranging,Ranging,0.0863,0.9132,0.0006
2020-02-29,XLP,0.0032253058296180066,7,-0.0607001063992661,1,Ranging,Ranging,0.0863,0.9132,0.0006
2020-02-29,XLU,0.004925016032580706,4,-0.1088772433220415,1,Ranging,Ranging,0.0863,0.9132,0.0006
2020-02-29,XLV,0.0017913214004289088,8,-0.0435159765248384,1,Ranging,Ranging,0.0863,0.9132,0.0006
2020-02-29,XLY,0.003442257626104672,6,-0.1532416547902826,1,Ranging,Ranging,0.0863,0.9132,0.0006
2020-03-31,XLB,-0.04855602428787131,6,0.1595614065868753,0,Bear,Bear,0.83,0.17,0.0
2020-03-31,XLE,-0.060415333124174866,9,0.3368999826128489,0,Bear,Bear,0.83,0.17,0.0
2020-03-31,XLF,-0.0545115927913426,7,0.1039022976585639,0,Bear,Bear,0.83,0.17,0.0
2020-03-31,XLI,-0.05572320465354303,8,0.0965686666489602,0,Bear,Bear,0.83,0.17,0.0
2020-03-31,XLK,-0.044646607350652685,3,0.143303631041241,0,Bear,Bear,0.83,0.17,0.0
2020-03-31,XLP,-0.04384706008338526,1,0.075704947456213,0,Bear,Bear,0.83,0.17,0.0
2020-03-31,XLU,-0.045371723144058754,4,0.0437328677334836,0,Bear,Bear,0.83,0.17,0.0
2020-03-31,XLV,-0.044088369274620905,2,0.1313391088324289,0,Bear,Bear,0.83,0.17,0.0
2020-03-31,XLY,-0.04735963124262622,5,0.1945934432657201,0,Bear,Bear,0.83,0.17,0.0
2020-04-30,XLB,0.015363132580835232,6,0.0688124597351493,0,Bear,Bear,1.0,0.0,0.0
2020-04-30,XLE,0.010557174246470543,7,0.0200001809141057,0,Bear,Bear,1.0,0.0,0.0
2020-04-30,XLF,0.007017740656990914,8,0.0272050322760557,0,Bear,Bear,1.0,0.0,0.0
2020-04-30,XLI,0.0045035492351441705,9,0.053885653254317,0,Bear,Bear,1.0,0.0,0.0
2020-04-30,XLK,0.015725764420929857,4,0.071764357636002,0,Bear,Bear,1.0,0.0,0.0
2020-04-30,XLP,0.017599468654287173,3,0.0166494176688463,0,Bear,Bear,1.0,0.0,0.0
2020-04-30,XLU,0.015446759227918801,5,0.0424381629968366,0,Bear,Bear,1.0,0.0,0.0
2020-04-30,XLV,0.0177873933685551,2,0.032888852499888,0,Bear,Bear,1.0,0.0,0.0
2020-04-30,XLY,0.01873439412835586,1,0.0650943923289244,0,Bear,Bear,1.0,0.0,0.0
2020-05-31,XLB,0.03905974836079634,5,0.0162309365418413,0,Bear,Bear,1.0,0.0,0.0
2020-05-31,XLE,0.0449727176307764,1,-0.0234779608183229,0,Bear,Bear,1.0,0.0,0.0
2020-05-31,XLF,0.04446472067504862,2,-0.0115336527360627,0,Bear,Bear,1.0,0.0,0.0
2020-05-31,XLI,0.0440663407513832,3,0.0152207561400496,0,Bear,Bear,1.0,0.0,0.0
2020-05-31,XLK,0.03842368954471794,7,0.0665514057981393,0,Bear,Bear,1.0,0.0,0.0
2020-05-31,XLP,0.039361349372912115,4,-0.0099610388342734,0,Bear,Bear,1.0,0.0,0.0
2020-05-31,XLU,0.03841045062010628,8,-0.0546155522454249,0,Bear,Bear,1.0,0.0,0.0
2020-05-31,XLV,0.03763622847868386,9,-0.0285408606513571,0,Bear,Bear,1.0,0.0,0.0
2020-05-31,XLY,0.039049523618722486,6,0.0283437967099704,0,Bear,Bear,1.0,0.0,0.0
2020-06-30,XLB,0.02319531866126888,5,0.0770480115920966,1,Ranging,Ranging,0.0395,0.9605,0.0
2020-06-30,XLE,0.0271460532584473,1,-0.0358777241881456,1,Ranging,Ranging,0.0395,0.9605,0.0
2020-06-30,XLF,0.025447995954254087,2,0.0450861323371565,1,Ranging,Ranging,0.0395,0.9605,0.0
2020-06-30,XLI,0.022968737637218354,7,0.0487404554301085,1,Ranging,Ranging,0.0395,0.9605,0.0
2020-06-30,XLK,0.023064445799828248,6,0.0597600359998005,1,Ranging,Ranging,0.0395,0.9605,0.0
2020-06-30,XLP,0.02171849364962174,9,0.0775681276532007,1,Ranging,Ranging,0.0395,0.9605,0.0
2020-06-30,XLU,0.023693911473440715,3,0.0869725535954224,1,Ranging,Ranging,0.0395,0.9605,0.0
2020-06-30,XLV,0.02344138866458583,4,0.0590292875765545,1,Ranging,Ranging,0.0395,0.9605,0.0
2020-06-30,XLY,0.022715602849958775,8,0.0752414794668288,1,Ranging,Ranging,0.0395,0.9605,0.0
2020-07-31,XLB,0.03137234881618254,5,0.0435718287272053,1,Ranging,Ranging,0.0004,0.7924,0.2073
2020-07-31,XLE,0.04085716809641386,1,-0.0105467481732585,1,Ranging,Ranging,0.0004,0.7924,0.2073
2020-07-31,XLF,0.03704700093017144,2,0.042862876656772,1,Ranging,Ranging,0.0004,0.7924,0.2073
2020-07-31,XLI,0.03666530631605673,3,0.0847625,1,Ranging,Ranging,0.0004,0.7924,0.2073
2020-07-31,XLK,0.030531643057275088,7,0.1188081600181509,1,Ranging,Ranging,0.0004,0.7924,0.2073
2020-07-31,XLP,0.030098177167136298,8,0.0459330132764734,1,Ranging,Ranging,0.0004,0.7924,0.2073
2020-07-31,XLU,0.03545845713233899,4,-0.0259739391552135,1,Ranging,Ranging,0.0004,0.7924,0.2073
2020-07-31,XLV,0.02968449451059228,9,0.0258691745668782,1,Ranging,Ranging,0.0004,0.7924,0.2073
2020-07-31,XLY,0.031100227004555708,6,0.0955469825108878,1,Ranging,Ranging,0.0004,0.7924,0.2073
2020-08-31,XLB,0.013557795421046842,5,0.0103191381581166,1,Ranging,Ranging,0.0003,0.678,0.3218
2020-08-31,XLE,0.013615339457872362,4,-0.1598877822569424,1,Ranging,Ranging,0.0003,0.678,0.3218
2020-08-31,XLF,0.01372738032321939,3,-0.039505062022017,1,Ranging,Ranging,0.0003,0.678,0.3218
2020-08-31,XLI,0.014061902750319504,1,-0.0106670174859063,1,Ranging,Ranging,0.0003,0.678,0.3218
2020-08-31,XLK,0.012300013340969524,7,-0.0554430279482713,1,Ranging,Ranging,0.0003,0.678,0.3218
2020-08-31,XLP,0.010448383602159146,8,-0.0225678929305437,1,Ranging,Ranging,0.0003,0.678,0.3218
2020-08-31,XLU,0.013411541133787577,6,0.002193973322291,1,Ranging,Ranging,0.0003,0.678,0.3218
2020-08-31,XLV,0.01041824446331531,9,-0.0256787838431936,1,Ranging,Ranging,0.0003,0.678,0.3218
2020-08-31,XLY,0.013949848025281653,2,-0.0207206271911848,1,Ranging,Ranging,0.0003,0.678,0.3218
2020-09-30,XLB,0.015781556400766898,3,-0.0025535021406203,1,Ranging,Ranging,0.0929,0.9032,0.0039
2020-09-30,XLE,0.023683699556716283,1,-0.025292217453131,1,Ranging,Ranging,0.0929,0.9032,0.0039
2020-09-30,XLF,0.014525730898496951,8,-0.0032724043189206,1,Ranging,Ranging,0.0929,0.9032,0.0039
2020-09-30,XLI,0.014450184072059969,9,-0.0105888751455534,1,Ranging,Ranging,0.0929,0.9032,0.0039
2020-09-30,XLK,0.015350892134369121,4,-0.0479388448478854,1,Ranging,Ranging,0.0929,0.9032,0.0039
2020-09-30,XLP,0.014979967732667923,6,-0.0229213979126203,1,Ranging,Ranging,0.0929,0.9032,0.0039
2020-09-30,XLU,0.014867305825214056,7,0.0595569231846224,1,Ranging,Ranging,0.0929,0.9032,0.0039
2020-09-30,XLV,0.01606471108295327,2,-0.032382997161265,1,Ranging,Ranging,0.0929,0.9032,0.0039
2020-09-30,XLY,0.015251967980039464,5,-0.0252094165590697,1,Ranging,Ranging,0.0929,0.9032,0.0039
2020-10-31,XLB,0.0031177819016208414,7,0.1236148536429153,1,Ranging,Ranging,0.1755,0.8231,0.0014
2020-10-31,XLE,0.00892355353365226,1,0.2799440923341512,1,Ranging,Ranging,0.1755,0.8231,0.0014
2020-10-31,XLF,0.0035608645740505453,4,0.1684829172727993,1,Ranging,Ranging,0.1755,0.8231,0.0014
2020-10-31,XLI,0.0030748570366159428,9,0.160274221514294,1,Ranging,Ranging,0.1755,0.8231,0.0014
2020-10-31,XLK,0.004548820920866001,2,0.113837413773663,1,Ranging,Ranging,0.1755,0.8231,0.0014
2020-10-31,XLP,0.003612111049956854,3,0.0746866320656056,1,Ranging,Ranging,0.1755,0.8231,0.0014
2020-10-31,XLU,0.003463558417958336,5,0.0073740400124673,1,Ranging,Ranging,0.1755,0.8231,0.0014
2020-10-31,XLV,0.0033007450542855417,6,0.0794805336004513,1,Ranging,Ranging,0.1755,0.8231,0.0014
2020-10-31,XLY,0.0031175118157971975,8,0.0999507981387892,1,Ranging,Ranging,0.1755,0.8231,0.0014
2020-11-30,XLB,0.03053138525087421,8,0.0197212812748515,1,Ranging,Ranging,0.2322,0.7678,0.0
2020-11-30,XLE,0.03192610981139039,4,0.031012015494225,1,Ranging,Ranging,0.2322,0.7678,0.0
2020-11-30,XLF,0.031138925938653358,5,0.057388800897945,1,Ranging,Ranging,0.2322,0.7678,0.0
2020-11-30,XLI,0.03045273872697461,9,0.0059071404917527,1,Ranging,Ranging,0.2322,0.7678,0.0
2020-11-30,XLK,0.03432191749285706,1,0.0529640423844737,1,Ranging,Ranging,0.2322,0.7678,0.0
2020-11-30,XLP,0.0334909591774058,2,0.0080706308040439,1,Ranging,Ranging,0.2322,0.7678,0.0
2020-11-30,XLU,0.030744450197143402,7,-0.0022277921382248,1,Ranging,Ranging,0.2322,0.7678,0.0
2020-11-30,XLV,0.0334909591774058,2,0.0337161411178723,1,Ranging,Ranging,0.2322,0.7678,0.0
2020-11-30,XLY,0.03103308683563049,6,0.0223835977823965,1,Ranging,Ranging,0.2322,0.7678,0.0
2020-12-31,XLB,0.027347245841618427,7,-0.0192989851327671,1,Ranging,Ranging,0.1181,0.8806,0.0013
2020-12-31,XLE,0.029316979942197428,2,0.0513428637348087,1,Ranging,Ranging,0.1181,0.8806,0.0013
2020-12-31,XLF,0.028109755171565855,4,-0.0127109160182562,1,Ranging,Ranging,0.1181,0.8806,0.0013
2020-12-31,XLI,0.02803321853707101,5,-0.0387276938103119,1,Ranging,Ranging,0.1181,0.8806,0.0013
2020-12-31,XLK,0.02881262280101019,3,-0.0060739875754729,1,Ranging,Ranging,0.1181,0.8806,0.0013
2020-12-31,XLP,0.027176543843875137,9,-0.0418595682148758,1,Ranging,Ranging,0.1181,0.8806,0.0013
2020-12-31,XLU,0.029596685643655665,1,-0.0003951103204459,1,Ranging,Ranging,0.1181,0.8806,0.0013
2020-12-31,XLV,0.027210357959877886,8,0.0181971234221132,1,Ranging,Ranging,0.1181,0.8806,0.0013
2020-12-31,XLY,0.02802265503567466,6,0.0095175668303921,1,Ranging,Ranging,0.1181,0.8806,0.0013
2021-01-31,XLB,0.03228465467715157,7,0.0411946178516871,1,Ranging,Ranging,0.0172,0.978,0.0047
2021-01-31,XLE,0.032802422862949834,6,0.2245674089210694,1,Ranging,Ranging,0.0172,0.978,0.0047
2021-01-31,XLF,0.0339746264149317,3,0.1160620724748739,1,Ranging,Ranging,0.0172,0.978,0.0047
2021-01-31,XLI,0.03337145932521432,4,0.0688924730629114,1,Ranging,Ranging,0.0172,0.978,0.0047
2021-01-31,XLK,0.0333701554289076,5,0.0136512017653895,1,Ranging,Ranging,0.0172,0.978,0.0047
2021-01-31,XLP,0.03428245305884906,2,-0.0123263128207027,1,Ranging,Ranging,0.0172,0.978,0.0047
2021-01-31,XLU,0.03466503017546594,1,-0.060981400245494,1,Ranging,Ranging,0.0172,0.978,0.0047
2021-01-31,XLV,0.02928109442721618,9,-0.021037929927639,1,Ranging,Ranging,0.0172,0.978,0.0047
2021-01-31,XLY,0.02955620541291926,8,-0.0053079688758135,1,Ranging,Ranging,0.0172,0.978,0.0047
2021-02-28,XLB,0.012427515040669166,8,0.0713802206263147,1,Ranging,Ranging,0.003,0.83,0.167
2021-02-28,XLE,0.01650772013419835,1,0.018899472762927,1,Ranging,Ranging,0.003,0.83,0.167
2021-02-28,XLF,0.013035768237667014,6,0.0538531163145676,1,Ranging,Ranging,0.003,0.83,0.167
2021-02-28,XLI,0.012748023521504887,7,0.0865244411997447,1,Ranging,Ranging,0.003,0.83,0.167
2021-02-28,XLK,0.012091191505932386,9,0.0162212259397571,1,Ranging,Ranging,0.003,0.83,0.167
2021-02-28,XLP,0.013694256804817971,5,0.0791469282254957,1,Ranging,Ranging,0.003,0.83,0.167
2021-02-28,XLU,0.01478182221664124,4,0.0973269666738396,1,Ranging,Ranging,0.003,0.83,0.167
2021-02-28,XLV,0.01618929292718444,2,0.0366752289436125,1,Ranging,Ranging,0.003,0.83,0.167
2021-02-28,XLY,0.015013127349819098,3,0.0429414222138631,1,Ranging,Ranging,0.003,0.83,0.167
2021-03-31,XLB,0.015666210752782964,9,0.058257096285504,1,Ranging,Ranging,0.0033,0.7023,0.2944
2021-03-31,XLE,0.01801277377670095,1,0.0174077591558448,1,Ranging,Ranging,0.0033,0.7023,0.2944
2021-03-31,XLF,0.0161714770587983,8,0.0696243864082264,1,Ranging,Ranging,0.0033,0.7023,0.2944
2021-03-31,XLI,0.01671924300149725,6,0.0385345921235955,1,Ranging,Ranging,0.0033,0.7023,0.2944
2021-03-31,XLK,0.017827501452575275,2,0.0540988377371762,1,Ranging,Ranging,0.0033,0.7023,0.2944
2021-03-31,XLP,0.01725151689570752,4,0.0240995713126834,1,Ranging,Ranging,0.0033,0.7023,0.2944
2021-03-31,XLU,0.017254764014341003,3,0.0496282607821021,1,Ranging,Ranging,0.0033,0.7023,0.2944
2021-03-31,XLV,0.017023115874452564,5,0.0429251382180304,1,Ranging,Ranging,0.0033,0.7023,0.2944
2021-03-31,XLY,0.016505975441571313,7,0.0662474020835126,1,Ranging,Ranging,0.0033,0.7023,0.2944
2021-04-30,XLB,-0.008116625217474548,4,0.0508189824743903,1,Ranging,Ranging,0.0,0.5997,0.4002
2021-04-30,XLE,-0.008375214114406341,7,0.0570965640857803,1,Ranging,Ranging,0.0,0.5997,0.4002
2021-04-30,XLF,-0.007829568365714676,2,0.0477111431973789,1,Ranging,Ranging,0.0,0.5997,0.4002
2021-04-30,XLI,-0.008533402238365783,9,0.0312960552388994,1,Ranging,Ranging,0.0,0.5997,0.4002
2021-04-30,XLK,-0.00786964595769246,3,-0.009305476819269,1,Ranging,Ranging,0.0,0.5997,0.4002
2021-04-30,XLP,-0.008478342363642625,8,0.0176771341976449,1,Ranging,Ranging,0.0,0.5997,0.4002
2021-04-30,XLU,-0.008357665330571407,6,-0.0233812833155183,1,Ranging,Ranging,0.0,0.5997,0.4002
2021-04-30,XLV,-0.008301669818339148,5,0.0187094532131313,1,Ranging,Ranging,0.0,0.5997,0.4002
2021-04-30,XLY,-0.007427530610439711,1,-0.033981773630713,1,Ranging,Ranging,0.0,0.5997,0.4002
2021-05-31,XLB,0.016922639824417093,4,-0.0567271166211263,1,Ranging,Ranging,0.0005,0.529,0.4706
2021-05-31,XLE,0.016388913349766155,6,0.0317946722214541,1,Ranging,Ranging,0.0005,0.529,0.4706
2021-05-31,XLF,0.0163082297976571,7,-0.0342194535612515,1,Ranging,Ranging,0.0005,0.529,0.4706
2021-05-31,XLI,0.016442377553330622,5,-0.0258751040677068,1,Ranging,Ranging,0.0005,0.529,0.4706
2021-05-31,XLK,0.017059562057259222,3,0.066907668195806,1,Ranging,Ranging,0.0005,0.529,0.4706
2021-05-31,XLP,0.015740487295941342,8,-0.0118627908915079,1,Ranging,Ranging,0.0005,0.529,0.4706
2021-05-31,XLU,0.019808029350291058,1,-0.0296196240421949,1,Ranging,Ranging,0.0005,0.529,0.4706
2021-05-31,XLV,0.015740487295941342,8,0.0190129329626842,1,Ranging,Ranging,0.0005,0.529,0.4706
2021-05-31,XLY,0.018917900668147105,2,0.0330364227432491,1,Ranging,Ranging,0.0005,0.529,0.4706
2021-06-30,XLB,-0.03162219471044982,5,0.0252066519714604,2,Bull,Bull,0.0011,0.4782,0.5206
2021-06-30,XLE,-0.03223180241049342,8,-0.07379317653444,2,Bull,Bull,0.0011,0.4782,0.5206
2021-06-30,XLF,-0.032038652935750506,7,-0.0006907956473892,2,Bull,Bull,0.0011,0.4782,0.5206
2021-06-30,XLI,-0.03162219471044982,5,0.0125667061026637,2,Bull,Bull,0.0011,0.4782,0.5206
2021-06-30,XLK,-0.03140848158953703,4,0.0407773402986866,2,Bull,Bull,0.0011,0.4782,0.5206
2021-06-30,XLP,-0.030662396815944053,2,0.0286481872593247,2,Bull,Bull,0.0011,0.4782,0.5206
2021-06-30,XLU,-0.03236319174631571,9,0.051437172767567,2,Bull,Bull,0.0011,0.4782,0.5206
2021-06-30,XLV,-0.030518589530146377,1,0.0533202467061557,2,Bull,Bull,0.0011,0.4782,0.5206
2021-06-30,XLY,-0.03129938995078125,3,0.01202804589823,2,Bull,Bull,0.0011,0.4782,0.5206
2021-07-31,XLB,-0.021506305856295357,5,0.0189240448676615,2,Bull,Bull,0.0004,0.4436,0.556
2021-07-31,XLE,-0.022027925539717854,9,-0.0200444823685814,2,Bull,Bull,0.0004,0.4436,0.556
2021-07-31,XLF,-0.021916805846399615,8,0.0514789022207022,2,Bull,Bull,0.0004,0.4436,0.556
2021-07-31,XLI,-0.02099649464711501,4,0.0111262594911967,2,Bull,Bull,0.0004,0.4436,0.556
2021-07-31,XLK,-0.02151526344005425,6,0.0355933205693199,2,Bull,Bull,0.0004,0.4436,0.556
2021-07-31,XLP,-0.020340336125002523,2,0.010487810391238,2,Bull,Bull,0.0004,0.4436,0.556
2021-07-31,XLU,-0.02053605464442884,3,0.03895701474913,2,Bull,Bull,0.0004,0.4436,0.556
2021-07-31,XLV,-0.021576365794498686,7,0.023155644604665,2,Bull,Bull,0.0004,0.4436,0.556
2021-07-31,XLY,-0.020033173389551524,1,0.0178464205123505,2,Bull,Bull,0.0004,0.4436,0.556
2021-08-31,XLB,-0.008699044865985701,6,-0.0759255496340002,2,Bull,Bull,0.0001,0.4231,0.5769
2021-08-31,XLE,-0.010967291770651602,9,0.0762396274170054,2,Bull,Bull,0.0001,0.4231,0.5769
2021-08-31,XLF,-0.008312559783014406,5,-0.0226564509658711,2,Bull,Bull,0.0001,0.4231,0.5769
2021-08-31,XLI,-0.008820272262952362,7,-0.0638216857807866,2,Bull,Bull,0.0001,0.4231,0.5769
2021-08-31,XLK,-0.009227264513473419,8,-0.060052879339423,2,Bull,Bull,0.0001,0.4231,0.5769
2021-08-31,XLP,-0.0073688686968318385,2,-0.0473290972538859,2,Bull,Bull,0.0001,0.4231,0.5769
2021-08-31,XLU,-0.00789121167318864,4,-0.067989518507056,2,Bull,Bull,0.0001,0.4231,0.5769
2021-08-31,XLV,-0.00756378565615629,3,-0.0585016048548011,2,Bull,Bull,0.0001,0.4231,0.5769
2021-08-31,XLY,-0.0073360781224050585,1,-0.0228697245693779,2,Bull,Bull,0.0001,0.4231,0.5769
2021-09-30,XLB,0.011962909023627639,9,0.0806739587684504,2,Bull,Bull,0.0362,0.3945,0.5693
2021-09-30,XLE,0.012091886404884154,8,0.1166865791556965,2,Bull,Bull,0.0362,0.3945,0.5693
2021-09-30,XLF,0.01382718822114771,5,0.0773861423220148,2,Bull,Bull,0.0362,0.3945,0.5693
2021-09-30,XLI,0.012515918646089187,7,0.0714174334820201,2,Bull,Bull,0.0362,0.3945,0.5693
2021-09-30,XLK,0.012709044102403443,6,0.0836736328985563,2,Bull,Bull,0.0362,0.3945,0.5693
2021-09-30,XLP,0.01579720519429257,1,0.0414599633412344,2,Bull,Bull,0.0362,0.3945,0.5693
2021-09-30,XLU,0.014578425001155334,3,0.0553638341982254,2,Bull,Bull,0.0362,0.3945,0.5693
2021-09-30,XLV,0.013992548172602506,4,0.0549217063073406,2,Bull,Bull,0.0362,0.3945,0.5693
2021-09-30,XLY,0.014646413858038242,2,0.1226019343378503,2,Bull,Bull,0.0362,0.3945,0.5693
2021-10-31,XLB,-0.008220363681755292,2,-0.0055217538964481,1,Ranging,Ranging,0.1375,0.8546,0.0079
2021-10-31,XLE,-0.01073653266910162,7,-0.0501129926887449,1,Ranging,Ranging,0.1375,0.8546,0.0079
2021-10-31,XLF,-0.011622952607692036,9,-0.0571285943673344,1,Ranging,Ranging,0.1375,0.8546,0.0079
2021-10-31,XLI,-0.007831706862728554,1,-0.0356014490960091,1,Ranging,Ranging,0.1375,0.8546,0.0079
2021-10-31,XLK,-0.009729749081396127,6,0.0445117652677551,1,Ranging,Ranging,0.1375,0.8546,0.0079
2021-10-31,XLP,-0.008339241296519764,3,-0.0134738950778224,1,Ranging,Ranging,0.1375,0.8546,0.0079
2021-10-31,XLU,-0.008906497852614737,5,-0.0170380079487555,1,Ranging,Ranging,0.1375,0.8546,0.0079
2021-10-31,XLV,-0.008746973436415171,4,-0.0305636520859076,1,Ranging,Ranging,0.1375,0.8546,0.0079
2021-10-31,XLY,-0.011049687630410674,8,0.0163561101832521,1,Ranging,Ranging,0.1375,0.8546,0.0079
2021-11-30,XLB,-0.0011555301895339884,5,0.0704075130488928,1,Ranging,Ranging,0.2023,0.7975,0.0002
2021-11-30,XLE,-0.002428807353491806,7,0.0166697096428851,1,Ranging,Ranging,0.2023,0.7975,0.0002
2021-11-30,XLF,-0.0010158392868275675,4,0.0287143588454277,1,Ranging,Ranging,0.2023,0.7975,0.0002
2021-11-30,XLI,-0.0013811473477176007,6,0.0500149128835005,1,Ranging,Ranging,0.2023,0.7975,0.0002
2021-11-30,XLK,-0.002806785363179841,8,0.0305240506063986,1,Ranging,Ranging,0.2023,0.7975,0.0002
2021-11-30,XLP,-0.0008817730941331806,2,0.0970263401102036,1,Ranging,Ranging,0.2023,0.7975,0.0002
2021-11-30,XLU,-0.00021657457521808785,1,0.0883383656837171,1,Ranging,Ranging,0.2023,0.7975,0.0002
2021-11-30,XLV,-0.0009473850682311916,3,0.0860251688370787,1,Ranging,Ranging,0.2023,0.7975,0.0002
2021-11-30,XLY,-0.003321656459792213,9,0.0,1,Ranging,Ranging,0.2023,0.7975,0.0002
2021-12-31,XLB,0.012215851732045974,6,-0.0632603908937677,1,Ranging,Ranging,0.0142,0.8282,0.1575
2021-12-31,XLE,0.012578496490199592,4,0.203126963582584,1,Ranging,Ranging,0.0142,0.8282,0.1575
2021-12-31,XLF,0.013642004559766038,2,0.0050483253189002,1,Ranging,Ranging,0.0142,0.8282,0.1575
2021-12-31,XLI,0.012555651599527038,5,-0.0443243524985182,1,Ranging,Ranging,0.0142,0.8282,0.1575
2021-12-31,XLK,0.01218113547223314,7,-0.0666795268948292,1,Ranging,Ranging,0.0142,0.8282,0.1575
2021-12-31,XLP,0.012167196280954062,8,-0.0080301009663358,1,Ranging,Ranging,0.0142,0.8282,0.1575
2021-12-31,XLU,0.013077223367905897,3,-0.024946830540894,1,Ranging,Ranging,0.0142,0.8282,0.1575
2021-12-31,XLV,0.011891807763671025,9,-0.0649849124616429,1,Ranging,Ranging,0.0142,0.8282,0.1575
2021-12-31,XLY,0.014408957968069892,1,-0.0939788693229887,1,Ranging,Ranging,0.0142,0.8282,0.1575
2022-01-31,XLB,0.028595677085626756,4,-0.0126703178875191,1,Ranging,Ranging,0.0965,0.8349,0.0686
2022-01-31,XLE,0.020487508665080218,9,0.0706917815936083,1,Ranging,Ranging,0.0965,0.8349,0.0686
2022-01-31,XLF,0.02736493642614339,6,-0.0138251157594998,1,Ranging,Ranging,0.0965,0.8349,0.0686
2022-01-31,XLI,0.030330605445523694,3,-0.0084377588315983,1,Ranging,Ranging,0.0965,0.8349,0.0686
2022-01-31,XLK,0.02762265336366129,5,-0.0487743749380236,1,Ranging,Ranging,0.0965,0.8349,0.0686
2022-01-31,XLP,0.025097883057806428,8,-0.0140844960286886,1,Ranging,Ranging,0.0965,0.8349,0.0686
2022-01-31,XLU,0.02590986856122677,7,-0.0190610576402296,1,Ranging,Ranging,0.0965,0.8349,0.0686
2022-01-31,XLV,0.030584603181491074,2,-0.0096774049426342,1,Ranging,Ranging,0.0965,0.8349,0.0686
2022-01-31,XLY,0.030939906840598788,1,-0.0406596800818475,1,Ranging,Ranging,0.0965,0.8349,0.0686
2022-02-28,XLB,0.004598757019758904,5,0.0572079488132719,1,Ranging,Ranging,0.1669,0.8288,0.0043
2022-02-28,XLE,0.005711267155597608,2,0.0830266208894472,1,Ranging,Ranging,0.1669,0.8288,0.0043
2022-02-28,XLF,0.00412121077936087,7,-0.0051917401125159,1,Ranging,Ranging,0.1669,0.8288,0.0043
2022-02-28,XLI,0.006964394777513605,1,0.0309341069884203,1,Ranging,Ranging,0.1669,0.8288,0.0043
2022-02-28,XLK,0.0007807133131928934,9,0.0315436347243052,1,Ranging,Ranging,0.1669,0.8288,0.0043
2022-02-28,XLP,0.004095465852604003,8,0.0132175780701622,1,Ranging,Ranging,0.1669,0.8288,0.0043
2022-02-28,XLU,0.004321543206063329,6,0.0961282239059813,1,Ranging,Ranging,0.1669,0.8288,0.0043
2022-02-28,XLV,0.004625754995803661,4,0.0540932599112786,1,Ranging,Ranging,0.1669,0.8288,0.0043
2022-02-28,XLY,0.005245354394089088,3,0.0426646996336907,1,Ranging,Ranging,0.1669,0.8288,0.0043
2022-03-31,XLB,0.003510274930902928,3,-0.0317618749519368,1,Ranging,Ranging,0.2127,0.7807,0.0067
2022-03-31,XLE,0.008715796870764453,1,-0.0074721319852033,1,Ranging,Ranging,0.2127,0.7807,0.0067
2022-03-31,XLF,0.002389417707299943,8,-0.0959024381191246,1,Ranging,Ranging,0.2127,0.7807,0.0067
2022-03-31,XLI,0.0027021152284838522,5,-0.0730575685182308,1,Ranging,Ranging,0.2127,0.7807,0.0067
2022-03-31,XLK,0.000778197199670694,9,-0.1085297147085201,1,Ranging,Ranging,0.2127,0.7807,0.0067
2022-03-31,XLP,0.0026400546729647705,6,0.0277000519547208,1,Ranging,Ranging,0.2127,0.7807,0.0067
2022-03-31,XLU,0.00389657378902274,2,-0.0365813759923266,1,Ranging,Ranging,0.2127,0.7807,0.0067
2022-03-31,XLV,0.003239106137389951,4,-0.0459417492395402,1,Ranging,Ranging,0.2127,0.7807,0.0067
2022-03-31,XLY,0.002395756565614948,7,-0.1182148123757431,1,Ranging,Ranging,0.2127,0.7807,0.0067
2022-04-30,XLB,-0.06400188589479536,5,0.0117606762080917,1,Ranging,Ranging,0.2453,0.7547,0.0
2022-04-30,XLE,-0.0585157430185922,2,0.1603460487670935,1,Ranging,Ranging,0.2453,0.7547,0.0
2022-04-30,XLF,-0.06998701648825777,8,0.0278181032727471,1,Ranging,Ranging,0.2453,0.7547,0.0
2022-04-30,XLI,-0.06910058057628798,7,-0.0046248551672839,1,Ranging,Ranging,0.2453,0.7547,0.0
2022-04-30,XLK,-0.06728970112307919,6,-0.0068590763008333,1,Ranging,Ranging,0.2453,0.7547,0.0
2022-04-30,XLP,-0.057885395007590025,1,-0.0408293396366331,1,Ranging,Ranging,0.2453,0.7547,0.0
2022-04-30,XLU,-0.06080672763150896,3,0.0430814329121196,1,Ranging,Ranging,0.2453,0.7547,0.0
2022-04-30,XLV,-0.0638669887025795,4,0.0148898578560014,1,Ranging,Ranging,0.2453,0.7547,0.0
2022-04-30,XLY,-0.0719523505689782,9,-0.0512034026938186,1,Ranging,Ranging,0.2453,0.7547,0.0
2022-05-31,XLB,-0.003298612734963234,6,-0.1444845734835872,1,Ranging,Ranging,0.2705,0.7295,0.0
2022-05-31,XLE,0.0037960943858848326,1,-0.1799312377947087,1,Ranging,Ranging,0.2705,0.7295,0.0
2022-05-31,XLF,-0.004854477484055774,9,-0.1133351406642101,1,Ranging,Ranging,0.2705,0.7295,0.0
2022-05-31,XLI,-0.003964875103277313,8,-0.0777190118925427,1,Ranging,Ranging,0.2705,0.7295,0.0
2022-05-31,XLK,-0.0015648089073685392,3,-0.0949093313258722,1,Ranging,Ranging,0.2705,0.7295,0.0
2022-05-31,XLP,-0.00308144126673222,5,-0.0307505002052779,1,Ranging,Ranging,0.2705,0.7295,0.0
2022-05-31,XLU,-0.0033755660757074837,7,-0.0565045042513536,1,Ranging,Ranging,0.2705,0.7295,0.0
2022-05-31,XLV,-0.0030225957524664436,4,-0.0301745410705042,1,Ranging,Ranging,0.2705,0.7295,0.0
2022-05-31,XLY,-0.0009312428436535417,2,-0.1103922064495963,1,Ranging,Ranging,0.2705,0.7295,0.0
2022-06-30,XLB,-0.050273670423456734,4,0.0688965370511185,1,Ranging,Ranging,0.2867,0.7133,0.0
2022-06-30,XLE,-0.04894942376313894,2,0.1089276410278425,1,Ranging,Ranging,0.2867,0.7133,0.0
2022-06-30,XLF,-0.05065695574111261,6,0.0775738481256114,1,Ranging,Ranging,0.2867,0.7133,0.0
2022-06-30,XLI,-0.051591741740488306,8,0.0998385135717327,1,Ranging,Ranging,0.2867,0.7133,0.0
2022-06-30,XLK,-0.04985255358236342,3,0.1374667365242159,1,Ranging,Ranging,0.2867,0.7133,0.0
2022-06-30,XLP,-0.047957300906434755,1,0.0397524807114944,1,Ranging,Ranging,0.2867,0.7133,0.0
2022-06-30,XLU,-0.05118193233636454,7,0.0629084770369146,1,Ranging,Ranging,0.2867,0.7133,0.0
2022-06-30,XLV,-0.05040611299703819,5,0.0367975004372576,1,Ranging,Ranging,0.2867,0.7133,0.0
2022-06-30,XLY,-0.052755745114358064,9,0.18712954850902,1,Ranging,Ranging,0.2867,0.7133,0.0
2022-07-31,XLB,0.00827589434048468,7,-0.0348138429003627,0,Bear,Bear,0.5255,0.4745,0.0
2022-07-31,XLE,0.013164418802825404,3,0.0265237114037011,0,Bear,Bear,0.5255,0.4745,0.0
2022-07-31,XLF,0.010720951501058442,6,-0.0195789830905505,0,Bear,Bear,0.5255,0.4745,0.0
2022-07-31,XLI,0.011386063153185076,5,-0.0283354701213284,0,Bear,Bear,0.5255,0.4745,0.0
2022-07-31,XLK,0.005857172400066922,8,-0.0621272230201344,0,Bear,Bear,0.5255,0.4745,0.0
2022-07-31,XLP,0.013100288152786943,4,-0.0185260085122267,0,Bear,Bear,0.5255,0.4745,0.0
2022-07-31,XLU,0.014279965717968404,1,0.0052737143168184,0,Bear,Bear,0.5255,0.4745,0.0
2022-07-31,XLV,0.014264843096688257,2,-0.0577038060276731,0,Bear,Bear,0.5255,0.4745,0.0
2022-07-31,XLY,0.004838678302754576,9,-0.0449549722901942,0,Bear,Bear,0.5255,0.4745,0.0
2022-08-31,XLB,0.0375660862029945,1,-0.0981302834227139,0,Bear,Bear,0.9042,0.0958,0.0
2022-08-31,XLE,0.03378668500524962,7,-0.1053416300263202,0,Bear,Bear,0.9042,0.0958,0.0
2022-08-31,XLF,0.03236809438877596,9,-0.081391814803708,0,Bear,Bear,0.9042,0.0958,0.0
2022-08-31,XLI,0.035629166908648056,2,-0.1085764053276584,0,Bear,Bear,0.9042,0.0958,0.0
2022-08-31,XLK,0.033808551784093845,6,-0.1218396038734138,0,Bear,Bear,0.9042,0.0958,0.0
2022-08-31,XLP,0.03372542616200052,8,-0.0872656035487119,0,Bear,Bear,0.9042,0.0958,0.0
2022-08-31,XLU,0.034423359603675686,4,-0.1187781999077453,0,Bear,Bear,0.9042,0.0958,0.0
2022-08-31,XLV,0.03538269186949765,3,-0.0292562627984446,0,Bear,Bear,0.9042,0.0958,0.0
2022-08-31,XLY,0.033813283022934494,5,-0.0839818932213872,0,Bear,Bear,0.9042,0.0958,0.0
2022-09-30,XLB,-0.04078552805899727,5,0.0954124240286735,0,Bear,Bear,0.9861,0.0139,0.0
2022-09-30,XLE,-0.038476727949486735,4,0.2632778902819177,0,Bear,Bear,0.9861,0.0139,0.0
2022-09-30,XLF,-0.04889024498601791,7,0.1251236624547516,0,Bear,Bear,0.9861,0.0139,0.0
2022-09-30,XLI,-0.04302603322302774,6,0.1443945212115971,0,Bear,Bear,0.9861,0.0139,0.0
2022-09-30,XLK,-0.05229148162680393,8,0.0791862054939218,0,Bear,Bear,0.9861,0.0139,0.0
2022-09-30,XLP,-0.035706436667485304,1,0.0971552169957781,0,Bear,Bear,0.9861,0.0139,0.0
2022-09-30,XLU,-0.037291645446133684,3,0.026290564393874,0,Bear,Bear,0.9861,0.0139,0.0
2022-09-30,XLV,-0.03691110628525553,2,0.1004801832386872,0,Bear,Bear,0.9861,0.0139,0.0
2022-09-30,XLY,-0.052893507188156115,9,0.0132087330057337,0,Bear,Bear,0.9861,0.0139,0.0
2022-10-31,XLB,-0.004361366631909541,7,0.1170357948093014,0,Bear,Bear,0.9708,0.0292,0.0
2022-10-31,XLE,0.010039917298724934,1,0.0127778975390666,0,Bear,Bear,0.9708,0.0292,0.0
2022-10-31,XLF,-0.005145455252356517,8,0.068569913848975,0,Bear,Bear,0.9708,0.0292,0.0
2022-10-31,XLI,-0.005145455252356517,8,0.078113565251688,0,Bear,Bear,0.9708,0.0292,0.0
2022-10-31,XLK,-0.004288697571906256,6,0.0632671738809143,0,Bear,Bear,0.9708,0.0292,0.0
2022-10-31,XLP,-0.0013369528202366544,3,0.0611769052707267,0,Bear,Bear,0.9708,0.0292,0.0
2022-10-31,XLU,0.001542956156812362,2,0.0696316794035349,0,Bear,Bear,0.9708,0.0292,0.0
2022-10-31,XLV,-0.001988032017007338,5,0.0472316344705303,0,Bear,Bear,0.9708,0.0292,0.0
2022-10-31,XLY,-0.001858750174822705,4,0.0148577680763626,0,Bear,Bear,0.9708,0.0292,0.0
2022-11-30,XLB,0.012424376489800921,7,-0.0612691586669748,0,Bear,Bear,0.9509,0.0491,0.0
2022-11-30,XLE,0.01885280963519685,1,-0.040373085620486,0,Bear,Bear,0.9509,0.0491,0.0
2022-11-30,XLF,0.012478407914090555,6,-0.0581110266348676,0,Bear,Bear,0.9509,0.0491,0.0
2022-11-30,XLI,0.013472360939790717,5,-0.0345067641723448,0,Bear,Bear,0.9509,0.0491,0.0
2022-11-30,XLK,0.011792197596549125,9,-0.0847305363393935,0,Bear,Bear,0.9509,0.0491,0.0
2022-11-30,XLP,0.01643205540322939,2,-0.0342014653762077,0,Bear,Bear,0.9509,0.0491,0.0
2022-11-30,XLU,0.016213611202235752,3,-0.0130199968824985,0,Bear,Bear,0.9509,0.0491,0.0
2022-11-30,XLV,0.01608489430106164,4,-0.0228025910645294,0,Bear,Bear,0.9509,0.0491,0.0
2022-11-30,XLY,0.01225369037495726,8,-0.1163711048791372,0,Bear,Bear,0.9509,0.0491,0.0
2022-12-31,XLB,-0.01231159226775767,7,0.0967867258216113,0,Bear,Bear,0.7858,0.2142,0.0
2022-12-31,XLE,-0.006239823014866331,1,0.0387129623081818,0,Bear,Bear,0.7858,0.2142,0.0
2022-12-31,XLF,-0.011305650126286267,5,0.0757091207626932,0,Bear,Bear,0.7858,0.2142,0.0
2022-12-31,XLI,-0.012088150745146957,6,0.0420132317957373,0,Bear,Bear,0.7858,0.2142,0.0
2022-12-31,XLK,-0.015809913219041235,9,0.0957116886297722,0,Bear,Bear,0.7858,0.2142,0.0
2022-12-31,XLP,-0.009366442213794976,2,-0.0037721633454568,0,Bear,Bear,0.7858,0.2142,0.0
2022-12-31,XLU,-0.010763418634647833,3,-0.0119815447659071,0,Bear,Bear,0.7858,0.2142,0.0
2022-12-31,XLV,-0.011067802048889212,4,-0.0142852265914099,0,Bear,Bear,0.7858,0.2142,0.0
2022-12-31,XLY,-0.015455199705930987,8,0.1544403634705831,0,Bear,Bear,0.7858,0.2142,0.0
2023-01-31,XLB,0.008389204613770698,3,-0.0333135993892098,0,Bear,Bear,0.6769,0.3231,0.0
2023-01-31,XLE,0.014937294616593178,1,-0.0693872422685858,0,Bear,Bear,0.6769,0.3231,0.0
2023-01-31,XLF,0.006590127022164775,6,-0.0229758431233595,0,Bear,Bear,0.6769,0.3231,0.0
2023-01-31,XLI,0.007770774543059159,4,-0.0086399763308949,0,Bear,Bear,0.6769,0.3231,0.0
2023-01-31,XLK,0.008781178197177993,2,0.0041190800052297,0,Bear,Bear,0.6769,0.3231,0.0
2023-01-31,XLP,0.0064898159686351846,7,-0.0231894745426397,0,Bear,Bear,0.6769,0.3231,0.0
2023-01-31,XLU,0.006288966345491056,9,-0.0591980789351312,0,Bear,Bear,0.6769,0.3231,0.0
2023-01-31,XLV,0.006328492875526285,8,-0.0464155989554679,0,Bear,Bear,0.6769,0.3231,0.0
2023-01-31,XLY,0.006671132515959573,5,-0.0212506688368402,0,Bear,Bear,0.6769,0.3231,0.0
2023-02-28,XLB,-0.010420822120571051,4,-0.0142979463059509,0,Bear,Bear,0.5951,0.4049,0.0
2023-02-28,XLE,0.004254478048377091,1,-0.0102759720635474,0,Bear,Bear,0.5951,0.4049,0.0
2023-02-28,XLF,-0.011816163422222081,5,-0.0999439304580778,0,Bear,Bear,0.5951,0.4049,0.0
2023-02-28,XLI,-0.014494109581011976,9,0.0020798393411733,0,Bear,Bear,0.5951,0.4049,0.0
2023-02-28,XLK,-0.01362075958771846,8,0.1061380830247986,0,Bear,Bear,0.5951,0.4049,0.0
2023-02-28,XLP,-0.012301826058372024,6,0.0372067454573767,0,Bear,Bear,0.5951,0.4049,0.0
2023-02-28,XLU,-0.0015505210522802695,2,0.0413848278049344,0,Bear,Bear,0.5951,0.4049,0.0
2023-02-28,XLV,-0.005791696175656944,3,0.0180073476859015,0,Bear,Bear,0.5951,0.4049,0.0
2023-02-28,XLY,-0.012790850708674367,7,0.0274836289687503,0,Bear,Bear,0.5951,0.4049,0.0
2023-03-31,XLB,-0.00898451368688382,3,0.0029795289788381,1,Ranging,Ranging,0.3744,0.5503,0.0753
2023-03-31,XLE,-0.007290061527935083,2,0.0384939636753063,1,Ranging,Ranging,0.3744,0.5503,0.0753
2023-03-31,XLF,-0.0049748536127095415,1,0.0368467389157114,1,Ranging,Ranging,0.3744,0.5503,0.0753
2023-03-31,XLI,-0.009047981473868441,6,-0.0076074333822546,1,Ranging,Ranging,0.3744,0.5503,0.0753
2023-03-31,XLK,-0.00975494559801799,9,0.0010130784284407,1,Ranging,Ranging,0.3744,0.5503,0.0753
2023-03-31,XLP,-0.009009450970532606,4,0.0415242141821059,1,Ranging,Ranging,0.3744,0.5503,0.0753
2023-03-31,XLU,-0.009194239182336507,7,0.0265685246505862,1,Ranging,Ranging,0.3744,0.5503,0.0753
2023-03-31,XLV,-0.00901228970172196,5,0.0354612551587949,1,Ranging,Ranging,0.3744,0.5503,0.0753
2023-03-31,XLY,-0.009458458762770457,8,-0.0082171055138273,1,Ranging,Ranging,0.3744,0.5503,0.0753
2023-04-30,XLB,-0.012398982003234322,8,-0.0686528190385801,1,Ranging,Ranging,0.0787,0.7102,0.2111
2023-04-30,XLE,-0.009621508500461807,2,-0.1003170843865833,1,Ranging,Ranging,0.0787,0.7102,0.2111
2023-04-30,XLF,-0.013886481823911074,9,-0.0425083181397536,1,Ranging,Ranging,0.0787,0.7102,0.2111
2023-04-30,XLI,-0.010051805849413778,3,-0.0314999871905993,1,Ranging,Ranging,0.0787,0.7102,0.2111
2023-04-30,XLK,-0.009295883145871485,1,0.0891731151399992,1,Ranging,Ranging,0.0787,0.7102,0.2111
2023-04-30,XLP,-0.010716154870032945,5,-0.0615960193064657,1,Ranging,Ranging,0.0787,0.7102,0.2111
2023-04-30,XLU,-0.01179343761282562,7,-0.0587126537835843,1,Ranging,Ranging,0.0787,0.7102,0.2111
2023-04-30,XLV,-0.010073234576384697,4,-0.0426870057244724,1,Ranging,Ranging,0.0787,0.7102,0.2111
2023-04-30,XLY,-0.011155015321721758,6,0.0253618442820755,1,Ranging,Ranging,0.0787,0.7102,0.2111
2023-05-31,XLB,-0.00442757199774656,8,0.104638757743406,1,Ranging,Ranging,0.0012,0.6736,0.3253
2023-05-31,XLE,-0.002648119766520326,7,0.0597988304154828,1,Ranging,Ranging,0.0012,0.6736,0.3253
2023-05-31,XLF,-0.006067218691392616,9,0.0613980957770561,1,Ranging,Ranging,0.0012,0.6736,0.3253
2023-05-31,XLI,0.0005240290463699484,2,0.1081052994937803,1,Ranging,Ranging,0.0012,0.6736,0.3253
2023-05-31,XLK,-0.0008322896352568995,5,0.0583148563168287,1,Ranging,Ranging,0.0012,0.6736,0.3253
2023-05-31,XLP,-0.0005339882553078612,4,0.0206413543024863,1,Ranging,Ranging,0.0012,0.6736,0.3253
2023-05-31,XLU,-0.0011701111493974225,6,0.0078546638401628,1,Ranging,Ranging,0.0012,0.6736,0.3253
2023-05-31,XLV,-0.0005048720642143645,3,0.0383319642922082,1,Ranging,Ranging,0.0012,0.6736,0.3253
2023-05-31,XLY,0.0014187513196286853,1,0.1200449235900622,1,Ranging,Ranging,0.0012,0.6736,0.3253
2023-06-30,XLB,-0.010858137769055165,3,0.0394645311682835,1,Ranging,Ranging,0.0016,0.5756,0.4228
2023-06-30,XLE,-0.01229461827841599,8,0.0872309750958391,1,Ranging,Ranging,0.0016,0.5756,0.4228
2023-06-30,XLF,-0.012065585785246065,6,0.0527596665967113,1,Ranging,Ranging,0.0016,0.5756,0.4228
2023-06-30,XLI,-0.010468126587080198,2,0.0329997834521726,1,Ranging,Ranging,0.0016,0.5756,0.4228
2023-06-30,XLK,-0.010127931895443427,1,0.0279742771316096,1,Ranging,Ranging,0.0016,0.5756,0.4228
2023-06-30,XLP,-0.012094608669516735,7,0.0285476353870008,1,Ranging,Ranging,0.0016,0.5756,0.4228
2023-06-30,XLU,-0.013771640501587003,9,0.0331519511226237,1,Ranging,Ranging,0.0016,0.5756,0.4228
2023-06-30,XLV,-0.011653978722957982,5,0.0148592168324179,1,Ranging,Ranging,0.0016,0.5756,0.4228
2023-06-30,XLY,-0.011191587974839793,4,0.0252015844624675,1,Ranging,Ranging,0.0016,0.5756,0.4228
2023-07-31,XLB,0.005451203893633309,3,-0.0330144840089353,1,Ranging,Ranging,0.0006,0.5159,0.4835
2023-07-31,XLE,0.0062983783138951,1,0.0164609256154923,1,Ranging,Ranging,0.0006,0.5159,0.4835
2023-07-31,XLF,0.005727122233898671,2,-0.0268892499459817,1,Ranging,Ranging,0.0006,0.5159,0.4835
2023-07-31,XLI,0.00503809721432981,4,-0.0198331872764516,1,Ranging,Ranging,0.0006,0.5159,0.4835
2023-07-31,XLK,0.004357626942919047,7,-0.0150826186733428,1,Ranging,Ranging,0.0006,0.5159,0.4835
2023-07-31,XLP,0.004386298894378646,6,-0.0394717120152593,1,Ranging,Ranging,0.0006,0.5159,0.4835
2023-07-31,XLU,0.0029407639953537307,9,-0.0612792210133389,1,Ranging,Ranging,0.0006,0.5159,0.4835
2023-07-31,XLV,0.0040812113595418515,8,-0.0070069977474288,1,Ranging,Ranging,0.0006,0.5159,0.4835
2023-07-31,XLY,0.004996070899323867,5,-0.0174398654385652,1,Ranging,Ranging,0.0006,0.5159,0.4835
2023-08-31,XLB,-0.04945245198173723,5,-0.0523585617768804,2,Bull,Bull,0.0057,0.4709,0.5234
2023-08-31,XLE,-0.04947566542461702,6,0.0165316252256448,2,Bull,Bull,0.0057,0.4709,0.5234
2023-08-31,XLF,-0.04943255341984502,4,-0.0351948354847149,2,Bull,Bull,0.0057,0.4709,0.5234
2023-08-31,XLI,-0.04907309303973304,3,-0.0632913477747955,2,Bull,Bull,0.0057,0.4709,0.5234
2023-08-31,XLK,-0.048369782170114874,2,-0.0667769579441804,2,Bull,Bull,0.0057,0.4709,0.5234
2023-08-31,XLP,-0.049523653607703375,7,-0.0542882555141117,2,Bull,Bull,0.0057,0.4709,0.5234
2023-08-31,XLU,-0.049757593595631595,9,-0.0640089001377249,2,Bull,Bull,0.0057,0.4709,0.5234
2023-08-31,XLV,-0.047546969300352265,1,-0.0335561989418919,2,Bull,Bull,0.0057,0.4709,0.5234
2023-08-31,XLY,-0.049547225959497,8,-0.0569973164177484,2,Bull,Bull,0.0057,0.4709,0.5234
2023-09-30,XLB,0.006825035943963392,2,-0.0270317629388869,1,Ranging,Ranging,0.082,0.7523,0.1657
2023-09-30,XLE,0.006776696685391368,4,-0.0505737514322132,1,Ranging,Ranging,0.082,0.7523,0.1657
2023-09-30,XLF,0.006404214725254987,6,-0.0200589466183702,1,Ranging,Ranging,0.082,0.7523,0.1657
2023-09-30,XLI,0.006831418538052159,1,-0.0258364985976642,1,Ranging,Ranging,0.082,0.7523,0.1657
2023-09-30,XLK,0.006232387827256444,7,0.0026251671096879,1,Ranging,Ranging,0.082,0.7523,0.1657
2023-09-30,XLP,0.0061830025029509595,8,-0.0071227335406991,1,Ranging,Ranging,0.082,0.7523,0.1657
2023-09-30,XLU,0.004920160532714396,9,0.021104448990457,1,Ranging,Ranging,0.082,0.7523,0.1657
2023-09-30,XLV,0.006812241668910896,3,-0.0286559467331678,1,Ranging,Ranging,0.082,0.7523,0.1657
2023-09-30,XLY,0.006455444490185836,5,-0.0534815895217088,1,Ranging,Ranging,0.082,0.7523,0.1657
2023-10-31,XLB,0.010157765309051006,2,0.0834866920634667,1,Ranging,Ranging,0.1462,0.8381,0.0158
2023-10-31,XLE,0.011340400474852274,1,-0.0071603074997396,1,Ranging,Ranging,0.1462,0.8381,0.0158
2023-10-31,XLF,0.008176088298718812,5,0.1093945117880135,1,Ranging,Ranging,0.1462,0.8381,0.0158
2023-10-31,XLI,0.010157765309051006,2,0.0883491084601384,1,Ranging,Ranging,0.1462,0.8381,0.0158
2023-10-31,XLK,0.007692836587298619,7,0.1289557564390828,1,Ranging,Ranging,0.1462,0.8381,0.0158
2023-10-31,XLP,0.0075514095365189216,8,0.0412617011906053,1,Ranging,Ranging,0.1462,0.8381,0.0158
2023-10-31,XLU,0.007456334171581608,9,0.0514323656983652,1,Ranging,Ranging,0.1462,0.8381,0.0158
2023-10-31,XLV,0.007814452047011096,6,0.0543601701915223,1,Ranging,Ranging,0.1462,0.8381,0.0158
2023-10-31,XLY,0.009885810091720102,4,0.1096646223482753,1,Ranging,Ranging,0.1462,0.8381,0.0158
2023-11-30,XLB,0.0020132853463206966,4,0.0379809148156264,1,Ranging,Ranging,0.2193,0.7807,0.0
2023-11-30,XLE,0.0018758876510180408,5,-0.0087491969790564,1,Ranging,Ranging,0.2193,0.7807,0.0
2023-11-30,XLF,0.0013728790401871093,7,0.0473534862816025,1,Ranging,Ranging,0.2193,0.7807,0.0
2023-11-30,XLI,0.002507446207864056,3,0.064829295722147,1,Ranging,Ranging,0.2193,0.7807,0.0
2023-11-30,XLK,0.0027918440433610902,1,0.039533211195869,1,Ranging,Ranging,0.2193,0.7807,0.0
2023-11-30,XLP,0.0008218983870154953,8,0.0193884026707011,1,Ranging,Ranging,0.2193,0.7807,0.0
2023-11-30,XLU,-0.00034626583934655537,9,0.0090822782605399,1,Ranging,Ranging,0.2193,0.7807,0.0
2023-11-30,XLV,0.0013868940957222381,6,0.0386106859553478,1,Ranging,Ranging,0.2193,0.7807,0.0
2023-11-30,XLY,0.0027745851285234857,2,0.0594264458184565,1,Ranging,Ranging,0.2193,0.7807,0.0
2023-12-31,XLB,0.010250485843119954,9,-0.0322137090038731,1,Ranging,Ranging,0.0655,0.9196,0.0148
2023-12-31,XLE,0.010312154835763572,8,0.0044269432727208,1,Ranging,Ranging,0.0655,0.9196,0.0148
2023-12-31,XLF,0.010818121633217598,4,0.0359546791241291,1,Ranging,Ranging,0.0655,0.9196,0.0148
2023-12-31,XLI,0.010859239958170503,3,-0.004231411509287,1,Ranging,Ranging,0.0655,0.9196,0.0148
2023-12-31,XLK,0.011158667197033092,2,0.0292814966373744,1,Ranging,Ranging,0.0655,0.9196,0.0148
2023-12-31,XLP,0.010800687088117536,5,0.0200306189919359,1,Ranging,Ranging,0.0655,0.9196,0.0148
2023-12-31,XLU,0.010562407978006947,7,-0.0205449836618206,1,Ranging,Ranging,0.0655,0.9196,0.0148
2023-12-31,XLV,0.010653297868850553,6,0.0339386563138,1,Ranging,Ranging,0.0655,0.9196,0.0148
2023-12-31,XLY,0.011505965034021473,1,-0.0424152070589098,1,Ranging,Ranging,0.0655,0.9196,0.0148
2024-01-31,XLB,-0.006066997783182367,9,0.0650773377812798,1,Ranging,Ranging,0.0004,0.8582,0.1414
2024-01-31,XLE,-0.0039949373418465255,5,0.0327298029737053,1,Ranging,Ranging,0.0004,0.8582,0.1414
2024-01-31,XLF,-0.0029768219274490604,2,0.0407637188155296,1,Ranging,Ranging,0.0004,0.8582,0.1414
2024-01-31,XLI,-0.003915147801978837,4,0.0718398676795586,1,Ranging,Ranging,0.0004,0.8582,0.1414
2024-01-31,XLK,-0.003277110659778732,3,0.0470458280530108,1,Ranging,Ranging,0.0004,0.8582,0.1414
2024-01-31,XLP,-0.0050550272604867556,6,0.0209819033956355,1,Ranging,Ranging,0.0004,0.8582,0.1414
2024-01-31,XLU,-0.005490251018407235,7,0.0105775952959243,1,Ranging,Ranging,0.0004,0.8582,0.1414
2024-01-31,XLV,-0.0020367913849422036,1,0.0316286231837239,1,Ranging,Ranging,0.0004,0.8582,0.1414
2024-01-31,XLY,-0.005937826348575223,8,0.0789259765259158,1,Ranging,Ranging,0.0004,0.8582,0.1414
2024-02-29,XLB,0.009514982462201293,4,0.0608724866100018,1,Ranging,Ranging,0.0001,0.7439,0.256
2024-02-29,XLE,0.008622740117424239,5,0.0960066270161545,1,Ranging,Ranging,0.0001,0.7439,0.256
2024-02-29,XLF,0.008562341182387197,7,0.0441247419031958,1,Ranging,Ranging,0.0001,0.7439,0.256
2024-02-29,XLI,0.01041543997883792,3,0.0409917159365644,1,Ranging,Ranging,0.0001,0.7439,0.256
2024-02-29,XLK,0.010685989725026164,2,0.0062325031544923,1,Ranging,Ranging,0.0001,0.7439,0.256
2024-02-29,XLP,0.008379358270567345,8,0.0256548352594392,1,Ranging,Ranging,0.0001,0.7439,0.256
2024-02-29,XLU,0.008622740117424239,5,0.0571658541129547,1,Ranging,Ranging,0.0001,0.7439,0.256
2024-02-29,XLV,0.008323816593324573,9,0.0200936077339057,1,Ranging,Ranging,0.0001,0.7439,0.256
2024-02-29,XLY,0.011465636817614231,1,-0.0028197341840697,1,Ranging,Ranging,0.0001,0.7439,0.256
2024-03-31,XLB,0.0025700314941557527,5,-0.0424332878480174,1,Ranging,Ranging,0.0001,0.6278,0.3721
2024-03-31,XLE,0.0025700314941557527,5,-0.0014218964284774,1,Ranging,Ranging,0.0001,0.6278,0.3721
2024-03-31,XLF,0.0025700314941557527,5,-0.0381775877799485,1,Ranging,Ranging,0.0001,0.6278,0.3721
2024-03-31,XLI,0.0025700314941557527,5,-0.032267705454903,1,Ranging,Ranging,0.0001,0.6278,0.3721
2024-03-31,XLK,0.0028646553261141095,1,-0.0560613757663137,1,Ranging,Ranging,0.0001,0.6278,0.3721
2024-03-31,XLP,0.0021789298351714173,8,-0.0039831266124565,1,Ranging,Ranging,0.0001,0.6278,0.3721
2024-03-31,XLU,0.0021789298351714173,8,0.0250021767512118,1,Ranging,Ranging,0.0001,0.6278,0.3721
2024-03-31,XLV,0.0025700314941557527,5,-0.0466611713554768,1,Ranging,Ranging,0.0001,0.6278,0.3721
2024-03-31,XLY,0.0026120412732326317,2,-0.0428924257573805,1,Ranging,Ranging,0.0001,0.6278,0.3721
2024-04-30,XLB,-0.0009390018337352038,5,0.0327204230959121,1,Ranging,Ranging,0.0472,0.5191,0.4336
2024-04-30,XLE,-0.0017215052917801676,7,-0.0034217307812773,1,Ranging,Ranging,0.0472,0.5191,0.4336
2024-04-30,XLF,-0.0008160966936234423,2,0.0317144618163101,1,Ranging,Ranging,0.0472,0.5191,0.4336
2024-04-30,XLI,-0.0008160966936234423,2,0.0163759548529833,1,Ranging,Ranging,0.0472,0.5191,0.4336
2024-04-30,XLK,-0.0005380273627505105,1,0.0707699205780476,1,Ranging,Ranging,0.0472,0.5191,0.4336
2024-04-30,XLP,-0.0018815085285899434,8,0.0243706639597334,1,Ranging,Ranging,0.0472,0.5191,0.4336
2024-04-30,XLU,-0.0022177365722909396,9,0.0896015252777535,1,Ranging,Ranging,0.0472,0.5191,0.4336
2024-04-30,XLV,-0.0012033410965881213,6,0.0240147562561097,1,Ranging,Ranging,0.0472,0.5191,0.4336
2024-04-30,XLY,-0.0008705309512871159,4,0.0019930743224327,1,Ranging,Ranging,0.0472,0.5191,0.4336
2024-05-31,XLB,0.008210990611347443,6,-0.0351798576290973,1,Ranging,Ranging,0.0754,0.4738,0.4508
2024-05-31,XLE,0.008206104483371758,8,-0.0219956124779164,1,Ranging,Ranging,0.0754,0.4738,0.4508
2024-05-31,XLF,0.008210990611347443,6,-0.0127279648471462,1,Ranging,Ranging,0.0754,0.4738,0.4508
2024-05-31,XLI,0.008369961414580084,3,-0.0132782873834982,1,Ranging,Ranging,0.0754,0.4738,0.4508
2024-05-31,XLK,0.008490112851602253,2,0.0764655491171142,1,Ranging,Ranging,0.0754,0.4738,0.4508
2024-05-31,XLP,0.008353127713247307,4,-0.0098267559779949,1,Ranging,Ranging,0.0754,0.4738,0.4508
2024-05-31,XLU,0.00834112992517397,5,-0.0629813955270597,1,Ranging,Ranging,0.0754,0.4738,0.4508
2024-05-31,XLV,0.008613972006452307,1,0.0142658254665415,1,Ranging,Ranging,0.0754,0.4738,0.4508
2024-05-31,XLY,0.007838515972398,9,0.0365401702253553,1,Ranging,Ranging,0.0754,0.4738,0.4508
2024-06-30,XLB,0.01635378860040755,2,0.0483404670100713,1,Ranging,Ranging,0.0961,0.4568,0.4471
2024-06-30,XLE,0.015458467142699628,6,0.0308121876100917,1,Ranging,Ranging,0.0961,0.4568,0.4471
2024-06-30,XLF,0.014933129579571724,8,0.0681873875767649,1,Ranging,Ranging,0.0961,0.4568,0.4471
2024-06-30,XLI,0.015458467142699628,6,0.0527548268976625,1,Ranging,Ranging,0.0961,0.4568,0.4471
2024-06-30,XLK,0.014344494365879064,9,-0.031145924479538,1,Ranging,Ranging,0.0961,0.4568,0.4471
2024-06-30,XLP,0.016166382213704963,3,0.0242589667656238,1,Ranging,Ranging,0.0961,0.4568,0.4471
2024-06-30,XLU,0.01693733162973465,1,0.0768550149879487,1,Ranging,Ranging,0.0961,0.4568,0.4471
2024-06-30,XLV,0.015564870472794116,5,0.0306435578489487,1,Ranging,Ranging,0.0961,0.4568,0.4471
2024-06-30,XLY,0.015766811832672745,4,0.0301172032024477,1,Ranging,Ranging,0.0961,0.4568,0.4471
2024-07-31,XLB,0.005618783302435374,5,0.0232255686842843,1,Ranging,Ranging,0.0003,0.5011,0.4986
2024-07-31,XLE,0.0062421612853785,1,-0.0207060627297319,1,Ranging,Ranging,0.0003,0.5011,0.4986
2024-07-31,XLF,0.005044354480163211,8,0.0457247878198188,1,Ranging,Ranging,0.0003,0.5011,0.4986
2024-07-31,XLI,0.005625168532616519,4,0.0281558141194422,1,Ranging,Ranging,0.0003,0.5011,0.4986
2024-07-31,XLK,0.005693415622743896,3,0.0069926928373695,1,Ranging,Ranging,0.0003,0.5011,0.4986
2024-07-31,XLP,0.0049359067244467755,9,0.0598588540133762,1,Ranging,Ranging,0.0003,0.5011,0.4986
2024-07-31,XLU,0.005045619606389049,7,0.0480835524636786,1,Ranging,Ranging,0.0003,0.5011,0.4986
2024-07-31,XLV,0.005581436794257218,6,0.0505915153546858,1,Ranging,Ranging,0.0003,0.5011,0.4986
2024-07-31,XLY,0.005770415283669323,2,-0.0019735667164364,1,Ranging,Ranging,0.0003,0.5011,0.4986
2024-08-31,XLB,0.017795046959994766,4,0.0222739603285133,2,Bull,Bull,0.0001,0.4692,0.5307
2024-08-31,XLE,0.01815461640813183,3,-0.038124371112843,2,Bull,Bull,0.0001,0.4692,0.5307
2024-08-31,XLF,0.01618438779901912,8,-0.0091823148498375,2,Bull,Bull,0.0001,0.4692,0.5307
2024-08-31,XLI,0.018666747652751975,2,0.0302753865322871,2,Bull,Bull,0.0001,0.4692,0.5307
2024-08-31,XLK,0.017556568924010446,6,0.0246447973182275,2,Bull,Bull,0.0001,0.4692,0.5307
2024-08-31,XLP,0.017409039008014094,7,0.0059385949398682,2,Bull,Bull,0.0001,0.4692,0.5307
2024-08-31,XLU,0.013668530732615682,9,0.0588544060638573,2,Bull,Bull,0.0001,0.4692,0.5307
2024-08-31,XLV,0.017652584826361326,5,-0.0202290525254048,2,Bull,Bull,0.0001,0.4692,0.5307
2024-08-31,XLY,0.019456951772271264,1,0.070810282675644,2,Bull,Bull,0.0001,0.4692,0.5307
2024-09-30,XLB,0.018670865028924427,4,-0.0266980592048574,2,Bull,Bull,0.0001,0.452,0.5479
2024-09-30,XLE,0.02068966423195602,1,0.0173302429305302,2,Bull,Bull,0.0001,0.452,0.5479
2024-09-30,XLF,0.018477613256137018,5,0.02931539072206,2,Bull,Bull,0.0001,0.452,0.5479
2024-09-30,XLI,0.017701414031968024,7,-0.0086791067042552,2,Bull,Bull,0.0001,0.452,0.5479
2024-09-30,XLK,0.017702264590007077,6,-0.0138234482222088,2,Bull,Bull,0.0001,0.452,0.5479
2024-09-30,XLP,0.020067863260541188,2,-0.0295690470205306,2,Bull,Bull,0.0001,0.452,0.5479
2024-09-30,XLU,0.01024396026690881,9,-0.0040666998334918,2,Bull,Bull,0.0001,0.452,0.5479
2024-09-30,XLV,0.01982195882282534,3,-0.0428661124675886,2,Bull,Bull,0.0001,0.452,0.5479
2024-09-30,XLY,0.016277224518097776,8,-0.0153404348695489,2,Bull,Bull,0.0001,0.452,0.5479
2024-10-31,XLB,0.019287299803254224,3,0.0148836704432537,2,Bull,Bull,0.001,0.4438,0.5552
2024-10-31,XLE,0.01815755509916309,6,0.0783384493112544,2,Bull,Bull,0.001,0.4438,0.5552
2024-10-31,XLF,0.017265573298181597,8,0.1045610861225943,2,Bull,Bull,0.001,0.4438,0.5552
2024-10-31,XLI,0.019403476489386857,2,0.0759172791928883,2,Bull,Bull,0.001,0.4438,0.5552
2024-10-31,XLK,0.01737665718012127,7,0.0517006791423138,2,Bull,Bull,0.001,0.4438,0.5552
2024-10-31,XLP,0.019507017264801006,1,0.0386919638038754,2,Bull,Bull,0.001,0.4438,0.5552
2024-10-31,XLU,0.013876078144166885,9,0.0377925812740063,2,Bull,Bull,0.001,0.4438,0.5552
2024-10-31,XLV,0.018968333693353014,5,0.0036768294010416,2,Bull,Bull,0.001,0.4438,0.5552
2024-10-31,XLY,0.019255163090458015,4,0.1290568675121899,2,Bull,Bull,0.001,0.4438,0.5552
2024-11-30,XLB,-0.0005704134050129516,2,-0.1122599616810176,2,Bull,Bull,0.0035,0.4375,0.559
2024-11-30,XLE,-0.0029546790792510814,5,-0.1033182773024445,2,Bull,Bull,0.0035,0.4375,0.559
2024-11-30,XLF,-0.007873926739699378,8,-0.0586288122028623,2,Bull,Bull,0.0035,0.4375,0.559
2024-11-30,XLI,-0.006118073464688667,6,-0.0849364505986661,2,Bull,Bull,0.0035,0.4375,0.559
2024-11-30,XLK,-0.0027657624006373416,4,-0.0051768016226353,2,Bull,Bull,0.0035,0.4375,0.559
2024-11-30,XLP,-0.0018806253450075034,3,-0.0553953918009274,2,Bull,Bull,0.0035,0.4375,0.559
2024-11-30,XLU,-0.006855256979448759,7,-0.087302486122877,2,Bull,Bull,0.0035,0.4375,0.559
2024-11-30,XLV,-0.00026744083853184696,1,-0.0667524646099355,2,Bull,Bull,0.0035,0.4375,0.559
2024-11-30,XLY,-0.008216831709022225,9,0.0092217414568969,2,Bull,Bull,0.0035,0.4375,0.559
