date,etf,predicted_return,rank,target,regime,regime_name,bear_prob,ranging_prob,bull_prob
2023-01-06,IYR,-0.0015622088821486259,5,0.0172278375976853,1,Ranging,0.0,0.9987,0.0013
2023-01-06,VOX,-0.0021348258004812086,6,0.0143474040864812,1,Ranging,0.0,0.9987,0.0013
2023-01-06,XLB,0.00018568504791115315,4,0.0157026820967314,1,Ranging,0.0,0.9987,0.0013
2023-01-06,XLE,-0.0024361812039448783,7,0.0004451687761242,1,Ranging,0.0,0.9987,0.0013
2023-01-06,XLF,0.002150342571374558,1,-0.0059347540477165,1,Ranging,0.0,0.9987,0.0013
2023-01-06,XLI,-0.003530182898199423,8,-0.0114901000445524,1,Ranging,0.0,0.9987,0.0013
2023-01-06,XLK,0.0009877287624894214,2,0.0193292360717662,1,Ranging,0.0,0.9987,0.0013
2023-01-06,XLP,-0.007581093547503118,11,-0.0405746703245996,1,Ranging,0.0,0.9987,0.0013
2023-01-06,XLU,-0.005835897277177254,10,-0.0222025956984688,1,Ranging,0.0,0.9987,0.0013
2023-01-06,XLV,-0.005379799924490605,9,-0.0284720531819373,1,Ranging,0.0,0.9987,0.0013
2023-01-06,XLY,0.0009028844804355374,3,0.0309216341415747,1,Ranging,0.0,0.9987,0.0013
2023-01-13,IYR,-0.0006133795305841642,6,0.0005754114504112,1,Ranging,0.0001,0.9993,0.0006
2023-01-13,VOX,0.000606039599309155,3,0.0237392370366006,1,Ranging,0.0001,0.9993,0.0006
2023-01-13,XLB,0.0001167968039526733,4,-0.0054789691954802,1,Ranging,0.0001,0.9993,0.0006
2023-01-13,XLE,-2.3498431478910433e-05,5,0.0124668952801915,1,Ranging,0.0001,0.9993,0.0006
2023-01-13,XLF,-0.0008184919561622755,7,-0.0147431043405962,1,Ranging,0.0001,0.9993,0.0006
2023-01-13,XLI,-0.0019310715604597673,8,-0.0272921751276589,1,Ranging,0.0001,0.9993,0.0006
2023-01-13,XLK,0.0024971790269267048,1,0.0130887021927038,1,Ranging,0.0001,0.9993,0.0006
2023-01-13,XLP,-0.0020134460645174607,9,-0.0217899801054711,1,Ranging,0.0001,0.9993,0.0006
2023-01-13,XLU,-0.0027735818556524515,10,-0.0228658629613935,1,Ranging,0.0001,0.9993,0.0006
2023-01-13,XLV,-0.002839703511713674,11,-0.0047945323921122,1,Ranging,0.0001,0.9993,0.0006
2023-01-13,XLY,0.0023741268211926623,2,0.001421140111429,1,Ranging,0.0001,0.9993,0.0006
2023-01-20,IYR,-0.0007281722499742215,5,0.0024050068913792,1,Ranging,0.0,0.9943,0.0057
2023-01-20,VOX,0.00406581592371693,2,0.0132684219640402,1,Ranging,0.0,0.9943,0.0057
2023-01-20,XLB,-0.002112278520391773,7,-0.0172652748260626,1,Ranging,0.0,0.9943,0.0057
2023-01-20,XLE,-0.0002553868978354541,4,-0.0164657979867008,1,Ranging,0.0,0.9943,0.0057
2023-01-20,XLF,-0.00108258755686912,6,0.0007047842559715,1,Ranging,0.0,0.9943,0.0057
2023-01-20,XLI,-0.0033069705541842387,8,-0.0030356909936728,1,Ranging,0.0,0.9943,0.0057
2023-01-20,XLK,0.0023198833054092777,3,0.0160552715078723,1,Ranging,0.0,0.9943,0.0057
2023-01-20,XLP,-0.0037830916829133723,9,-0.0214500323817556,1,Ranging,0.0,0.9943,0.0057
2023-01-20,XLU,-0.003993824786589078,10,-0.0296661193001174,1,Ranging,0.0,0.9943,0.0057
2023-01-20,XLV,-0.004556490006747563,11,-0.0325962409169372,1,Ranging,0.0,0.9943,0.0057
2023-01-20,XLY,0.005530960785111681,1,0.0393551222670442,1,Ranging,0.0,0.9943,0.0057
2023-01-27,IYR,-0.00032849470024598476,3,-0.0010989717994178,1,Ranging,0.0,0.986,0.014
2023-01-27,VOX,0.004833757955239886,1,0.0303225784023142,1,Ranging,0.0,0.986,0.014
2023-01-27,XLB,-0.0028237386277203762,9,-0.0163217828837292,1,Ranging,0.0,0.986,0.014
2023-01-27,XLE,-0.001962280158790189,6,-0.0742077667362444,1,Ranging,0.0,0.986,0.014
2023-01-27,XLF,-0.0017054773076880705,5,-0.0070623773905171,1,Ranging,0.0,0.986,0.014
2023-01-27,XLI,-0.002244410226883337,7,0.0004656749518399,1,Ranging,0.0,0.986,0.014
2023-01-27,XLK,0.0012053250101852068,2,0.0206469204607691,1,Ranging,0.0,0.986,0.014
2023-01-27,XLP,-0.002523042244399342,8,-0.0090302764541663,1,Ranging,0.0,0.986,0.014
2023-01-27,XLU,-0.0030081226938616507,10,-0.0306673236584852,1,Ranging,0.0,0.986,0.014
2023-01-27,XLV,-0.004624265029094145,11,-0.0177210985393512,1,Ranging,0.0,0.986,0.014
2023-01-27,XLY,-0.0011784916096699485,4,0.0069539238324138,1,Ranging,0.0,0.986,0.014
2023-02-03,IYR,-0.0013490689829852157,9,-0.0099099235186892,1,Ranging,0.0,0.9567,0.0432
2023-02-03,VOX,-0.012396825342072969,11,-0.0473330573304063,1,Ranging,0.0,0.9567,0.0432
2023-02-03,XLB,-0.001783302959723437,10,-0.0060926389854228,1,Ranging,0.0,0.9567,0.0432
2023-02-03,XLE,0.0055835287383857474,1,0.0598936534982841,1,Ranging,0.0,0.9567,0.0432
2023-02-03,XLF,-0.001043811025969341,6,0.0077193681437492,1,Ranging,0.0,0.9567,0.0432
2023-02-03,XLI,-0.0013046562172413928,8,0.0035488446824343,1,Ranging,0.0,0.9567,0.0432
2023-02-03,XLK,-0.0004657875823274712,4,0.0006473518855871,1,Ranging,0.0,0.9567,0.0432
2023-02-03,XLP,0.0005227797230724853,3,0.0045936003293951,1,Ranging,0.0,0.9567,0.0432
2023-02-03,XLU,0.002612232821049927,2,0.0075070664105639,1,Ranging,0.0,0.9567,0.0432
2023-02-03,XLV,-0.0007851136503698742,5,0.0089448238139947,1,Ranging,0.0,0.9567,0.0432
2023-02-03,XLY,-0.001250054277983307,7,-0.010690598682769,1,Ranging,0.0,0.9567,0.0432
2023-02-10,IYR,0.0013968312173159119,7,-0.0062932558000482,2,Bull,0.0,0.3074,0.6926
2023-02-10,VOX,0.008607119796433933,2,0.011865619379566,2,Bull,0.0,0.3074,0.6926
2023-02-10,XLB,0.0007884597480152473,9,-0.0069874784600882,2,Bull,0.0,0.3074,0.6926
2023-02-10,XLE,0.012329096560516672,1,-0.0614957071728449,2,Bull,0.0,0.3074,0.6926
2023-02-10,XLF,-0.0004011527239621727,11,-0.0008290250853447,2,Bull,0.0,0.3074,0.6926
2023-02-10,XLI,0.0010105647081387528,8,0.0106254206754212,2,Bull,0.0,0.3074,0.6926
2023-02-10,XLK,0.0005989497036022727,10,-0.0020773622670003,2,Bull,0.0,0.3074,0.6926
2023-02-10,XLP,0.002517620326531081,5,0.0116420174275782,2,Bull,0.0,0.3074,0.6926
2023-02-10,XLU,0.0040556192145090484,3,0.0132838489402065,2,Bull,0.0,0.3074,0.6926
2023-02-10,XLV,0.0029582620494923314,4,-0.0018624120645992,2,Bull,0.0,0.3074,0.6926
2023-02-10,XLY,0.0020515202756799422,6,0.018246462078411,2,Bull,0.0,0.3074,0.6926
2023-02-17,IYR,0.0005815848659576801,6,-0.0138757614979616,2,Bull,0.0,0.0111,0.9889
2023-02-17,VOX,-0.001483115549551809,10,-0.0130262007688551,2,Bull,0.0,0.0111,0.9889
2023-02-17,XLB,0.0003642854079103389,7,0.0253621166764239,2,Bull,0.0,0.0111,0.9889
2023-02-17,XLE,0.015207087401146027,1,0.0287271510338542,2,Bull,0.0,0.0111,0.9889
2023-02-17,XLF,-0.00032668879932139586,9,0.0066550713025469,2,Bull,0.0,0.0111,0.9889
2023-02-17,XLI,0.0008947032575256338,5,0.0003149681422163,2,Bull,0.0,0.0111,0.9889
2023-02-17,XLK,7.117159228111256e-05,8,3.8083134877742175e-05,2,Bull,0.0,0.0111,0.9889
2023-02-17,XLP,0.0043722177003563635,2,0.0135501734643816,2,Bull,0.0,0.0111,0.9889
2023-02-17,XLU,0.004293341519463325,3,-0.0005921671719365,2,Bull,0.0,0.0111,0.9889
2023-02-17,XLV,0.0041872455708407775,4,0.0003498359640272,2,Bull,0.0,0.0111,0.9889
2023-02-17,XLY,-0.006102596962394011,11,-0.0178488013548198,2,Bull,0.0,0.0111,0.9889
2023-02-24,IYR,0.0019729375562131295,5,-0.0042976537475174,2,Bull,0.0,0.0071,0.9929
2023-02-24,VOX,-0.0009342073789733839,10,0.0041350694514057,2,Bull,0.0,0.0071,0.9929
2023-02-24,XLB,-0.0009229248402250926,9,0.0222968779310857,2,Bull,0.0,0.0071,0.9929
2023-02-24,XLE,0.011573747198662809,1,0.0110076830426419,2,Bull,0.0,0.0071,0.9929
2023-02-24,XLF,-0.0010604517862319576,11,-0.010449583537663,2,Bull,0.0,0.0071,0.9929
2023-02-24,XLI,0.002336724410519429,4,0.0137928855177889,2,Bull,0.0,0.0071,0.9929
2023-02-24,XLK,0.0005232504290465258,8,0.0100564604514818,2,Bull,0.0,0.0071,0.9929
2023-02-24,XLP,0.00311150391640452,2,-0.0220414524817924,2,Bull,0.0,0.0071,0.9929
2023-02-24,XLU,0.001806245174463084,7,-0.0251079208631482,2,Bull,0.0,0.0071,0.9929
2023-02-24,XLV,0.0030747073098720025,3,-0.0145676489415143,2,Bull,0.0,0.0071,0.9929
2023-02-24,XLY,0.0019296992694634938,6,-0.0026729924269219,2,Bull,0.0,0.0071,0.9929
2023-03-03,IYR,0.002608495105905916,2,-0.0251994779666037,2,Bull,0.0,0.0061,0.9939
2023-03-03,VOX,0.0026719934692743187,1,-0.0072691981324629,2,Bull,0.0,0.0061,0.9939
2023-03-03,XLB,0.0014004518609142017,7,-0.0306603636729053,2,Bull,0.0,0.0061,0.9939
2023-03-03,XLE,0.0019697203422576947,6,-0.0078335816747635,2,Bull,0.0,0.0061,0.9939
2023-03-03,XLF,0.0011755329574018626,8,-0.0397973026472183,2,Bull,0.0,0.0061,0.9939
2023-03-03,XLI,0.0022208160382468376,4,0.0001791735743241,2,Bull,0.0,0.0061,0.9939
2023-03-03,XLK,0.002263396259354095,3,0.0140431124749558,2,Bull,0.0,0.0061,0.9939
2023-03-03,XLP,0.00017784632822240163,9,0.0255128346000707,2,Bull,0.0,0.0061,0.9939
2023-03-03,XLU,-0.0030127870086233415,10,0.0176034922098787,2,Bull,0.0,0.0061,0.9939
2023-03-03,XLV,-0.0031062930538102414,11,0.0063626680621792,2,Bull,0.0,0.0061,0.9939
2023-03-03,XLY,0.0021520092314836173,5,-0.0102038674066109,2,Bull,0.0,0.0061,0.9939
2023-03-10,IYR,-0.002617797594853008,6,-0.0149165737467059,2,Bull,0.0,0.0258,0.9742
2023-03-10,VOX,-0.002830881602398446,7,0.0324420944353138,2,Bull,0.0,0.0258,0.9742
2023-03-10,XLB,-0.0015040017970157186,5,-0.0485811769040216,2,Bull,0.0,0.0258,0.9742
2023-03-10,XLE,-0.006449640911349771,11,-0.0829273297627781,2,Bull,0.0,0.0258,0.9742
2023-03-10,XLF,-0.0012656079097624893,3,-0.0736458426761808,2,Bull,0.0,0.0258,0.9742
2023-03-10,XLI,-0.0011353604352997045,2,-0.0379644458546089,2,Bull,0.0,0.0258,0.9742
2023-03-10,XLK,-0.0014194424009315416,4,0.0422107045960118,2,Bull,0.0,0.0258,0.9742
2023-03-10,XLP,-0.005276154905307286,10,-0.0003663466533829,2,Bull,0.0,0.0258,0.9742
2023-03-10,XLU,-0.0037750288690264443,8,0.0251547951611499,2,Bull,0.0,0.0258,0.9742
2023-03-10,XLV,-0.004071645571562969,9,-0.0006554446554285,2,Bull,0.0,0.0258,0.9742
2023-03-10,XLY,0.001193385000149696,1,0.0082911766354119,2,Bull,0.0,0.0258,0.9742
2023-03-17,IYR,0.0009402469654739042,9,-0.0258652064173361,2,Bull,0.0,0.0093,0.9907
2023-03-17,VOX,0.00602665185869157,3,0.0135281773230051,2,Bull,0.0,0.0093,0.9907
2023-03-17,XLB,0.0021009116977882504,8,0.0068710946117138,2,Bull,0.0,0.0093,0.9907
2023-03-17,XLE,0.010294539393566192,1,0.0077445127586355,2,Bull,0.0,0.0093,0.9907
2023-03-17,XLF,0.008176075102251833,2,-0.0094819005104276,2,Bull,0.0,0.0093,0.9907
2023-03-17,XLI,-0.0011713356027138785,11,-0.0081735619085276,2,Bull,0.0,0.0093,0.9907
2023-03-17,XLK,-0.0009101664659516828,10,0.004902725572172,2,Bull,0.0,0.0093,0.9907
2023-03-17,XLP,0.0029078105945358167,7,0.0020210807860139,2,Bull,0.0,0.0093,0.9907
2023-03-17,XLU,0.004876685817882591,5,-0.026652647233293,2,Bull,0.0,0.0093,0.9907
2023-03-17,XLV,0.0045329065308901744,6,0.0006167652423707,2,Bull,0.0,0.0093,0.9907
2023-03-17,XLY,0.00541197232281694,4,-0.0100146509839784,2,Bull,0.0,0.0093,0.9907
2023-03-24,IYR,-0.00517647238216695,10,0.0177086892432516,2,Bull,0.0,0.0065,0.9935
2023-03-24,VOX,-0.0023120255451737595,7,-0.009551145540543,2,Bull,0.0,0.0065,0.9935
2023-03-24,XLB,-0.0024579638402476593,8,0.0156571885816361,2,Bull,0.0,0.0065,0.9935
2023-03-24,XLE,-0.0015311856918983687,4,0.0289563727415596,2,Bull,0.0,0.0065,0.9935
2023-03-24,XLF,-0.0055359863167833544,11,0.0029650254776953,2,Bull,0.0,0.0065,0.9935
2023-03-24,XLI,-0.002285647898832739,6,0.0095948864329691,2,Bull,0.0,0.0065,0.9935
2023-03-24,XLK,-0.0044215833614084064,9,0.0001320951934382,2,Bull,0.0,0.0065,0.9935
2023-03-24,XLP,-3.2142086399992614e-05,2,-0.0106206867743343,2,Bull,0.0,0.0065,0.9935
2023-03-24,XLU,-0.0017178888803944163,5,-0.0040204539329071,2,Bull,0.0,0.0065,0.9935
2023-03-24,XLV,-0.0012818890249056776,3,-0.0174987126868448,2,Bull,0.0,0.0065,0.9935
2023-03-24,XLY,8.914101859355684e-05,1,0.0217560787931618,2,Bull,0.0,0.0065,0.9935
2023-03-31,IYR,0.00021512562199651802,5,-0.0075206802528897,2,Bull,0.0,0.0171,0.9829
2023-03-31,VOX,0.0024287652366612395,1,0.0148674353668022,2,Bull,0.0,0.0171,0.9829
2023-03-31,XLB,0.0010336258767307694,2,-0.0122807442659689,2,Bull,0.0,0.0171,0.9829
2023-03-31,XLE,-0.0005060620027699767,6,0.0264454122070777,2,Bull,0.0,0.0171,0.9829
2023-03-31,XLF,0.0007657905346139093,3,-0.0044879620278412,2,Bull,0.0,0.0171,0.9829
2023-03-31,XLI,-0.0018847538462975662,8,-0.0332134897785237,2,Bull,0.0,0.0171,0.9829
2023-03-31,XLK,-0.00441719397488848,11,-0.0123580153173659,2,Bull,0.0,0.0171,0.9829
2023-03-31,XLP,-0.0024594190605713782,10,0.0091889567639572,2,Bull,0.0,0.0171,0.9829
2023-03-31,XLU,-0.0022650741715177906,9,0.031808081995715,2,Bull,0.0,0.0171,0.9829
2023-03-31,XLV,-0.0010065584814929515,7,0.0318498303232325,2,Bull,0.0,0.0171,0.9829
2023-03-31,XLY,0.0007173328778658939,4,-0.0303389038257499,2,Bull,0.0,0.0171,0.9829
2023-04-07,IYR,0.0015535039560848883,6,-0.0217650432114615,2,Bull,0.0,0.0178,0.9822
2023-04-07,VOX,0.001200407891902734,7,-0.0028926196756449,2,Bull,0.0,0.0178,0.9822
2023-04-07,XLB,0.0019816258468245843,3,0.0083339915097637,2,Bull,0.0,0.0178,0.9822
2023-04-07,XLE,0.0001233341867732222,8,0.0184855615081032,2,Bull,0.0,0.0178,0.9822
2023-04-07,XLF,0.0023743657058077476,2,0.0198297209971765,2,Bull,0.0,0.0178,0.9822
2023-04-07,XLI,9.266384232951009e-05,10,0.0130781945145601,2,Bull,0.0,0.0178,0.9822
2023-04-07,XLK,-0.004103929704504348,11,-0.0108091224980837,2,Bull,0.0,0.0178,0.9822
2023-04-07,XLP,9.940411150547877e-05,9,-0.0103801599038518,2,Bull,0.0,0.0178,0.9822
2023-04-07,XLU,0.003034301910130092,1,-0.0211702549018937,2,Bull,0.0,0.0178,0.9822
2023-04-07,XLV,0.0016020177585342702,5,-0.0001273768428307,2,Bull,0.0,0.0178,0.9822
2023-04-07,XLY,0.0018515036713585534,4,0.0056010877778618,2,Bull,0.0,0.0178,0.9822
2023-04-14,IYR,-0.001502786256399153,9,0.0170042360157606,2,Bull,0.0,0.0107,0.9893
2023-04-14,VOX,0.00021018055427070615,4,-0.0246333033492224,2,Bull,0.0,0.0107,0.9893
2023-04-14,XLB,-0.000809045374451294,8,-0.0022115233608269,2,Bull,0.0,0.0107,0.9893
2023-04-14,XLE,0.0014621224176257109,2,-0.0251636542358804,2,Bull,0.0,0.0107,0.9893
2023-04-14,XLF,0.002374884820781453,1,0.0109709928324978,2,Bull,0.0,0.0107,0.9893
2023-04-14,XLI,0.0008393942775880083,3,0.0084439461128585,2,Bull,0.0,0.0107,0.9893
2023-04-14,XLK,-0.002411454426889926,11,-0.0053567329678374,2,Bull,0.0,0.0107,0.9893
2023-04-14,XLP,-0.00023146267501302154,6,0.019119569593449,2,Bull,0.0,0.0107,0.9893
2023-04-14,XLU,-0.0024112383264388183,10,0.0112269611281058,2,Bull,0.0,0.0107,0.9893
2023-04-14,XLV,9.730399038489375e-06,5,-0.001376048947167,2,Bull,0.0,0.0107,0.9893
2023-04-14,XLY,-0.0007979041093473747,7,0.0038300166024577,2,Bull,0.0,0.0107,0.9893
2023-04-21,IYR,0.0002366947971696323,8,0.0058763489079551,2,Bull,0.0,0.0079,0.9921
2023-04-21,VOX,0.00025478702155450446,6,0.020512971057693,2,Bull,0.0,0.0079,0.9921
2023-04-21,XLB,-0.00028163335604976215,11,-0.0109076465853729,2,Bull,0.0,0.0079,0.9921
2023-04-21,XLE,0.0007118313971828103,4,-0.0072837908710854,2,Bull,0.0,0.0079,0.9921
2023-04-21,XLF,0.0012372574265111652,3,-0.0105538526160672,2,Bull,0.0,0.0079,0.9921
2023-04-21,XLI,0.0016949189099771404,2,-0.0151119512484523,2,Bull,0.0,0.0079,0.9921
2023-04-21,XLK,0.0002412816845942431,7,0.0117283460353725,2,Bull,0.0,0.0079,0.9921
2023-04-21,XLP,0.00048009285419713875,5,0.0023133160622972,2,Bull,0.0,0.0079,0.9921
2023-04-21,XLU,-2.4515800607221237e-05,10,-0.0182416815744381,2,Bull,0.0,0.0079,0.9921
2023-04-21,XLV,0.0028656217929854248,1,-0.0147823921355585,2,Bull,0.0,0.0079,0.9921
2023-04-21,XLY,0.00018990478120160857,9,-0.0057239509280382,2,Bull,0.0,0.0079,0.9921
2023-04-28,IYR,0.0016093539336635354,1,0.0016314506325993,2,Bull,0.0,0.0052,0.9948
2023-04-28,VOX,-0.0017704046952161123,8,-0.0190605475722978,2,Bull,0.0,0.0052,0.9948
2023-04-28,XLB,-0.0009626175637722666,6,-0.0031151978027392,2,Bull,0.0,0.0052,0.9948
2023-04-28,XLE,-0.002223825200779228,10,-0.0496250284042995,2,Bull,0.0,0.0052,0.9948
2023-04-28,XLF,7.176476285442832e-05,3,-0.0173903208779108,2,Bull,0.0,0.0052,0.9948
2023-04-28,XLI,-0.0011006496074615307,7,0.0030339279697531,2,Bull,0.0,0.0052,0.9948
2023-04-28,XLK,-0.0020092961231986603,9,0.0106519510976423,2,Bull,0.0,0.0052,0.9948
2023-04-28,XLP,-0.0022420596068831863,11,0.0045763725140621,2,Bull,0.0,0.0052,0.9948
2023-04-28,XLU,-0.0005857121593863953,5,0.0086587608807453,2,Bull,0.0,0.0052,0.9948
2023-04-28,XLV,-0.00029633416429402656,4,0.008383241369134,2,Bull,0.0,0.0052,0.9948
2023-04-28,XLY,0.00010165729563660682,2,0.0034022700341337,2,Bull,0.0,0.0052,0.9948
2023-05-05,IYR,-0.0007168544634615101,7,-0.0088726330469963,2,Bull,0.0,0.0067,0.9933
2023-05-05,VOX,0.0008692721962635563,2,0.0229902652282357,2,Bull,0.0,0.0067,0.9933
2023-05-05,XLB,-0.00012395590538023018,5,-0.0170629403545431,2,Bull,0.0,0.0067,0.9933
2023-05-05,XLE,0.00887672150829853,1,-0.0187936654636623,2,Bull,0.0,0.0067,0.9933
2023-05-05,XLF,2.7698952187276913e-05,4,-0.0107799855268876,2,Bull,0.0,0.0067,0.9933
2023-05-05,XLI,-0.0029899090214664716,9,-0.0078304064168408,2,Bull,0.0,0.0067,0.9933
2023-05-05,XLK,-0.002756477194614492,8,0.0006030776090254,2,Bull,0.0,0.0067,0.9933
2023-05-05,XLP,-0.0038698310230870017,11,0.0017429386142912,2,Bull,0.0,0.0067,0.9933
2023-05-05,XLU,-0.0005690945481981363,6,0.0025204826199675,2,Bull,0.0,0.0067,0.9933
2023-05-05,XLV,-0.0036527461824905714,10,-0.0079593504644449,2,Bull,0.0,0.0067,0.9933
2023-05-05,XLY,7.96023627773255e-05,3,0.0068688218722307,2,Bull,0.0,0.0067,0.9933
2023-05-12,IYR,5.538485734993874e-05,4,-0.0362080312507712,2,Bull,0.0,0.0036,0.9964
2023-05-12,VOX,0.0008448703408871807,2,0.0086808279540988,2,Bull,0.0,0.0036,0.9964
2023-05-12,XLB,-0.001418717839576828,8,-0.0102938331313688,2,Bull,0.0,0.0036,0.9964
2023-05-12,XLE,0.002295038628037458,1,-0.0028160673276338,2,Bull,0.0,0.0036,0.9964
2023-05-12,XLF,-0.0017138288166645,9,0.0048635718090592,2,Bull,0.0,0.0036,0.9964
2023-05-12,XLI,-0.0028170326014882703,11,-0.0038795226607379,2,Bull,0.0,0.0036,0.9964
2023-05-12,XLK,-0.002669097040718293,10,0.0261791310576247,2,Bull,0.0,0.0036,0.9964
2023-05-12,XLP,-0.0006420339684251248,5,-0.0326401662535763,2,Bull,0.0,0.0036,0.9964
2023-05-12,XLU,-0.001318599749441745,7,-0.0593807152479199,2,Bull,0.0,0.0036,0.9964
2023-05-12,XLV,-0.000941279311658947,6,-0.0237373906936887,2,Bull,0.0,0.0036,0.9964
2023-05-12,XLY,0.00012975404121367577,3,0.0080838939360945,2,Bull,0.0,0.0036,0.9964
2023-05-19,IYR,-0.0005419023841874478,3,-0.016789065668829,2,Bull,0.0,0.0034,0.9966
2023-05-19,VOX,0.0005817996218428854,2,0.003703733642844,2,Bull,0.0,0.0034,0.9966
2023-05-19,XLB,-0.003694862036875234,7,-0.0337397060712585,2,Bull,0.0,0.0034,0.9966
2023-05-19,XLE,-0.0023769964521260607,5,-0.0142683225101808,2,Bull,0.0,0.0034,0.9966
2023-05-19,XLF,-0.0018144952859069801,4,-0.0183749303191621,2,Bull,0.0,0.0034,0.9966
2023-05-19,XLI,-0.0035491804715044773,6,-0.0177760078500442,2,Bull,0.0,0.0034,0.9966
2023-05-19,XLK,-0.003846729594541244,8,0.0430110837872868,2,Bull,0.0,0.0034,0.9966
2023-05-19,XLP,-0.004597632961734558,10,-0.0361419469265733,2,Bull,0.0,0.0034,0.9966
2023-05-19,XLU,-0.005143184386253666,11,-0.0263362720250628,2,Bull,0.0,0.0034,0.9966
2023-05-19,XLV,-0.0038747710265866885,9,-0.0321309363948472,2,Bull,0.0,0.0034,0.9966
2023-05-19,XLY,0.0007807736495384262,1,-0.0005728742071178,2,Bull,0.0,0.0034,0.9966
2023-05-26,IYR,-0.0058381156867661176,6,0.013972192445453,2,Bull,0.0,0.001,0.999
2023-05-26,VOX,5.140340569935099e-05,1,-0.0019532788322564,2,Bull,0.0,0.001,0.999
2023-05-26,XLB,-0.005511920534328246,5,0.0117526931105043,2,Bull,0.0,0.001,0.999
2023-05-26,XLE,-0.007070253892106536,8,-0.0044629949512404,2,Bull,0.0,0.001,0.999
2023-05-26,XLF,-0.0031547810239725142,3,0.0026796914781781,2,Bull,0.0,0.001,0.999
2023-05-26,XLI,-0.007985181990681867,10,0.007630182874597,2,Bull,0.0,0.001,0.999
2023-05-26,XLK,-0.005262527880337195,4,-0.0059434263873525,2,Bull,0.0,0.001,0.999
2023-05-26,XLP,-0.01066086489000054,11,-0.0163576286862137,2,Bull,0.0,0.001,0.999
2023-05-26,XLU,-0.006827353538275355,7,-0.010602975659125,2,Bull,0.0,0.001,0.999
2023-05-26,XLV,-0.00785573928633994,9,0.003068513934384,2,Bull,0.0,0.001,0.999
2023-05-26,XLY,-0.001511530061976576,2,0.014289812408198,2,Bull,0.0,0.001,0.999
2023-06-02,IYR,-0.0004950871301590399,6,0.0015272273970499,2,Bull,0.0,0.0009,0.9991
2023-06-02,VOX,-0.0003790574280764167,5,-0.0003614069606852,2,Bull,0.0,0.0009,0.9991
2023-06-02,XLB,0.0002014065385429087,4,0.0008458444308143,2,Bull,0.0,0.0009,0.9991
2023-06-02,XLE,-0.0018307038419742377,10,0.0132701413751932,2,Bull,0.0,0.0009,0.9991
2023-06-02,XLF,-0.0009904324044976908,9,0.006044229122144,2,Bull,0.0,0.0009,0.9991
2023-06-02,XLI,-0.0008961152010703452,8,0.0098372564720379,2,Bull,0.0,0.0009,0.9991
2023-06-02,XLK,-0.002307133520152768,11,-0.0099593344610225,2,Bull,0.0,0.0009,0.9991
2023-06-02,XLP,0.0002977375305863313,3,-0.0114192056391674,2,Bull,0.0,0.0009,0.9991
2023-06-02,XLU,0.0005248459591151756,2,0.0148754804635244,2,Bull,0.0,0.0009,0.9991
2023-06-02,XLV,0.0010722655139839203,1,-0.0038595538800343,2,Bull,0.0,0.0009,0.9991
2023-06-02,XLY,-0.0005598239573015025,7,0.0221248550876416,2,Bull,0.0,0.0009,0.9991
2023-06-09,IYR,0.0005124681637946958,1,-0.0073978449216944,2,Bull,0.0,0.0,1.0
2023-06-09,VOX,-0.0004706708616439306,5,-0.000938704317112,2,Bull,0.0,0.0,1.0
2023-06-09,XLB,-0.0010931612395138235,8,0.0087749920618134,2,Bull,0.0,0.0,1.0
2023-06-09,XLE,-0.002885398972818166,11,-0.0318138802325606,2,Bull,0.0,0.0,1.0
2023-06-09,XLF,-0.0004469260670352183,4,-0.0130639534489571,2,Bull,0.0,0.0,1.0
2023-06-09,XLI,-0.0009937407786489872,7,0.0037498147642027,2,Bull,0.0,0.0,1.0
2023-06-09,XLK,-0.0008708172049449749,6,0.0172152061395987,2,Bull,0.0,0.0,1.0
2023-06-09,XLP,-0.00032435349602354894,3,-0.0046975724811209,2,Bull,0.0,0.0,1.0
2023-06-09,XLU,-6.164239705108098e-06,2,-0.012327965996203,2,Bull,0.0,0.0,1.0
2023-06-09,XLV,-0.0015436790787457918,9,-0.0123102098601193,2,Bull,0.0,0.0,1.0
2023-06-09,XLY,-0.0017117812994543527,10,0.0060987427401839,2,Bull,0.0,0.0,1.0
2023-06-16,IYR,-0.002295600695437482,8,-0.0273813994172205,2,Bull,0.0,0.0001,0.9999
2023-06-16,VOX,-0.0015812562121978809,6,-0.0017852787048711,2,Bull,0.0,0.0001,0.9999
2023-06-16,XLB,-0.0024209648543335864,9,-0.0064412991654676,2,Bull,0.0,0.0001,0.9999
2023-06-16,XLE,-0.003692336799817306,10,-0.0206356697285252,2,Bull,0.0,0.0001,0.9999
2023-06-16,XLF,-0.0012781383596760093,2,-0.0064179159848211,2,Bull,0.0,0.0001,0.9999
2023-06-16,XLI,-0.0014172575182387634,4,-0.0024395387807676,2,Bull,0.0,0.0001,0.9999
2023-06-16,XLK,-0.0013959884773311936,3,-0.0099518905296902,2,Bull,0.0,0.0001,0.9999
2023-06-16,XLP,-0.0015593796934169303,5,0.0093129232032591,2,Bull,0.0,0.0001,0.9999
2023-06-16,XLU,-0.004155601198896407,11,-0.0117353478538603,2,Bull,0.0,0.0001,0.9999
2023-06-16,XLV,-0.0021530343324927723,7,0.0167435998163236,2,Bull,0.0,0.0001,0.9999
2023-06-16,XLY,-0.0011395447681268847,1,0.010632966225204,2,Bull,0.0,0.0001,0.9999
2023-06-23,IYR,-0.00018126795478735002,4,0.0290408801047568,2,Bull,0.0,0.0001,0.9999
2023-06-23,VOX,0.00011764619182099219,3,-0.0032631402286624,2,Bull,0.0,0.0001,0.9999
2023-06-23,XLB,-0.003191412056413372,8,0.0169204812369156,2,Bull,0.0,0.0001,0.9999
2023-06-23,XLE,0.0011476786589606977,1,0.0260051991065952,2,Bull,0.0,0.0001,0.9999
2023-06-23,XLF,-0.0038754928354066687,9,0.0063820966511021,2,Bull,0.0,0.0001,0.9999
2023-06-23,XLI,-0.002371118009615033,7,0.0158718776932818,2,Bull,0.0,0.0001,0.9999
2023-06-23,XLK,-0.0014718139594738142,5,0.007647233879765,2,Bull,0.0,0.0001,0.9999
2023-06-23,XLP,-0.005153263701240717,11,-0.0179590614658444,2,Bull,0.0,0.0001,0.9999
2023-06-23,XLU,0.000680674735110375,2,-0.0169403752066952,2,Bull,0.0,0.0001,0.9999
2023-06-23,XLV,-0.004051027240366974,10,-0.0177149025262077,2,Bull,0.0,0.0001,0.9999
2023-06-23,XLY,-0.0017344619148930928,6,0.0031071972144236,2,Bull,0.0,0.0001,0.9999
2023-06-30,IYR,-0.001094855780536938,5,0.0119416303352826,2,Bull,0.0,0.0,1.0
2023-06-30,VOX,-0.00022114801778937146,2,0.0108585475762532,2,Bull,0.0,0.0,1.0
2023-06-30,XLB,-0.0010993385083859126,6,-0.0089989255177045,2,Bull,0.0,0.0,1.0
2023-06-30,XLE,-0.0025999040179486947,10,0.0059887246132173,2,Bull,0.0,0.0,1.0
2023-06-30,XLF,-0.0011312953858815136,7,0.0071106755547641,2,Bull,0.0,0.0,1.0
2023-06-30,XLI,-0.0006658680611084344,3,0.0002341679396168,2,Bull,0.0,0.0,1.0
2023-06-30,XLK,-0.0059713655108025055,11,-0.004571740001418,2,Bull,0.0,0.0,1.0
2023-06-30,XLP,-0.001618830094056104,8,0.001097801695279,2,Bull,0.0,0.0,1.0
2023-06-30,XLU,6.400941970085721e-05,1,0.009906187591076,2,Bull,0.0,0.0,1.0
2023-06-30,XLV,-0.0016189443020446542,9,-0.017431704644242,2,Bull,0.0,0.0,1.0
2023-06-30,XLY,-0.0007816755439639916,4,0.0080791396860447,2,Bull,0.0,0.0,1.0
2023-07-07,IYR,0.0004054264018674233,4,0.0043843380741541,2,Bull,0.0,0.0,1.0
2023-07-07,VOX,0.0001986208110115248,5,0.0082608814507436,2,Bull,0.0,0.0,1.0
2023-07-07,XLB,0.0015181365248357274,1,0.0003975300259762,2,Bull,0.0,0.0,1.0
2023-07-07,XLE,-0.002393063412444501,8,-0.0162977045650256,2,Bull,0.0,0.0,1.0
2023-07-07,XLF,0.0004572264828869615,3,-0.0048184193504512,2,Bull,0.0,0.0,1.0
2023-07-07,XLI,-0.0008595929016308186,7,-0.0017740461715487,2,Bull,0.0,0.0,1.0
2023-07-07,XLK,0.000589216555832491,2,0.0034517690564044,2,Bull,0.0,0.0,1.0
2023-07-07,XLP,-0.005964400359235417,11,-0.0133045980447079,2,Bull,0.0,0.0,1.0
2023-07-07,XLU,-0.00549516462340607,10,-0.0021395029844963,2,Bull,0.0,0.0,1.0
2023-07-07,XLV,-0.00270163059889142,9,-0.003536845015839,2,Bull,0.0,0.0,1.0
2023-07-07,XLY,-0.000559333069371071,6,0.0083013268880272,2,Bull,0.0,0.0,1.0
2023-07-14,IYR,0.0016146861179473734,1,-0.0065666741084924,2,Bull,0.0,0.0001,0.9999
2023-07-14,VOX,0.0007114893896101011,4,-0.0263070292838387,2,Bull,0.0,0.0001,0.9999
2023-07-14,XLB,-0.00026990802480631295,9,-0.000569535892096,2,Bull,0.0,0.0001,0.9999
2023-07-14,XLE,0.0012469748555997732,2,0.0285360209308265,2,Bull,0.0,0.0001,0.9999
2023-07-14,XLF,0.00017495290292706106,5,0.0230342820613635,2,Bull,0.0,0.0001,0.9999
2023-07-14,XLI,-5.7015650528686395e-05,6,0.0022001346285998,2,Bull,0.0,0.0001,0.9999
2023-07-14,XLK,-0.001298443904329418,11,-0.0056592014189855,2,Bull,0.0,0.0001,0.9999
2023-07-14,XLP,-0.0010547567416841037,10,0.0117198481529232,2,Bull,0.0,0.0001,0.9999
2023-07-14,XLU,0.0010873604987816888,3,0.0176292939003022,2,Bull,0.0,0.0001,0.9999
2023-07-14,XLV,-9.447841453128916e-05,7,0.0280175614799069,2,Bull,0.0,0.0001,0.9999
2023-07-14,XLY,-0.0002295196761592949,8,-0.0289791557791438,2,Bull,0.0,0.0001,0.9999
2023-07-21,IYR,-7.761980458579762e-05,5,-0.0283197792152107,2,Bull,0.0,0.0001,0.9999
2023-07-21,VOX,0.0016127975949691948,2,0.0329069878268755,2,Bull,0.0,0.0001,0.9999
2023-07-21,XLB,0.000229359811580421,4,0.0076667893960806,2,Bull,0.0,0.0001,0.9999
2023-07-21,XLE,-0.00014519068207888056,6,0.0079041671550912,2,Bull,0.0,0.0001,0.9999
2023-07-21,XLF,-0.00015204023081384236,7,-0.0121840262019006,2,Bull,0.0,0.0001,0.9999
2023-07-21,XLI,-0.001360758981250656,10,-0.0049143369766995,2,Bull,0.0,0.0001,0.9999
2023-07-21,XLK,-0.00024324086763759527,8,-0.0002059114021399,2,Bull,0.0,0.0001,0.9999
2023-07-21,XLP,-0.0029703750451160905,11,-0.0042680233154517,2,Bull,0.0,0.0001,0.9999
2023-07-21,XLU,-0.000656960830807679,9,-0.0312247967427875,2,Bull,0.0,0.0001,0.9999
2023-07-21,XLV,0.00027111610021081,3,-0.0181894703858103,2,Bull,0.0,0.0001,0.9999
2023-07-21,XLY,0.0017059106524219144,1,-7.20436320786888e-05,2,Bull,0.0,0.0001,0.9999
2023-07-28,IYR,0.005118509471581583,1,0.0015669482095667,2,Bull,0.0,0.0001,0.9999
2023-07-28,VOX,-0.0004151416078109299,7,-0.0031629627139455,2,Bull,0.0,0.0001,0.9999
2023-07-28,XLB,-0.00052057306733531,8,0.0021898134334755,2,Bull,0.0,0.0001,0.9999
2023-07-28,XLE,-0.001637906485692031,11,0.0345902901978416,2,Bull,0.0,0.0001,0.9999
2023-07-28,XLF,-0.00031498733317052586,6,0.0138878015106511,2,Bull,0.0,0.0001,0.9999
2023-07-28,XLI,-0.0007008204762419452,9,0.0046974014178807,2,Bull,0.0,0.0001,0.9999
2023-07-28,XLK,-8.054879061016341e-06,5,-0.015976279305727,2,Bull,0.0,0.0001,0.9999
2023-07-28,XLP,-0.0010514091975639618,10,0.0030725611362364,2,Bull,0.0,0.0001,0.9999
2023-07-28,XLU,0.00371161130429812,2,-0.0233686122855681,2,Bull,0.0,0.0001,0.9999
2023-07-28,XLV,0.0008170642376955958,3,0.0014888476317233,2,Bull,0.0,0.0001,0.9999
2023-07-28,XLY,0.0001421383597123123,4,0.0151226839226985,2,Bull,0.0,0.0001,0.9999
2023-08-04,IYR,0.00030889802583110277,3,0.0065609686766565,2,Bull,0.0,0.0002,0.9998
2023-08-04,VOX,-0.0006322766679597487,5,-0.0012409396284691,2,Bull,0.0,0.0002,0.9998
2023-08-04,XLB,0.00034322947600517133,2,-0.0075751927752883,2,Bull,0.0,0.0002,0.9998
2023-08-04,XLE,-0.004433854166441682,11,0.0368801377581622,2,Bull,0.0,0.0002,0.9998
2023-08-04,XLF,-0.0009071685996498925,6,0.0028827490903047,2,Bull,0.0,0.0002,0.9998
2023-08-04,XLI,-0.00204348632532447,9,0.0086012408439115,2,Bull,0.0,0.0002,0.9998
2023-08-04,XLK,-0.002180426240084738,10,-0.0222930640769697,2,Bull,0.0,0.0002,0.9998
2023-08-04,XLP,0.000872096163497389,1,0.004605335369211,2,Bull,0.0,0.0002,0.9998
2023-08-04,XLU,-0.0014464012873221803,7,0.0116599059128017,2,Bull,0.0,0.0002,0.9998
2023-08-04,XLV,0.00011715861322187068,4,0.027293828401316,2,Bull,0.0,0.0002,0.9998
2023-08-04,XLY,-0.0014939394170770148,8,-0.0080715242496349,2,Bull,0.0,0.0002,0.9998
2023-08-11,IYR,-0.002554476428456323,10,-0.0138511019645329,2,Bull,0.0,0.0002,0.9998
2023-08-11,VOX,-0.0011077759900148523,9,-0.0113833214731385,2,Bull,0.0,0.0002,0.9998
2023-08-11,XLB,-0.0005119072600820548,6,-0.0023161697665182,2,Bull,0.0,0.0002,0.9998
2023-08-11,XLE,-0.007329229080667962,11,0.0084074875201846,2,Bull,0.0,0.0002,0.9998
2023-08-11,XLF,-0.0011070462586801665,8,-0.0063871992639542,2,Bull,0.0,0.0002,0.9998
2023-08-11,XLI,-0.0004007831690888418,4,-0.0038047989512004,2,Bull,0.0,0.0002,0.9998
2023-08-11,XLK,-0.0005367676978090246,7,0.0089080640799273,2,Bull,0.0,0.0002,0.9998
2023-08-11,XLP,0.0024103830685133832,2,-0.0032651653439103,2,Bull,0.0,0.0002,0.9998
2023-08-11,XLU,0.0006186465443296758,3,0.0038056639755689,2,Bull,0.0,0.0002,0.9998
2023-08-11,XLV,0.003338639920263643,1,0.0047582385947937,2,Bull,0.0,0.0002,0.9998
2023-08-11,XLY,-0.000458537824762738,5,-0.0210660527195468,2,Bull,0.0,0.0002,0.9998
2023-08-18,IYR,-0.003078680512359799,8,-9.751420265047273e-06,2,Bull,0.0,0.0003,0.9997
2023-08-18,VOX,-0.0033667622735534634,9,-0.0084229082680445,2,Bull,0.0,0.0003,0.9997
2023-08-18,XLB,-0.0010591612131079626,3,-0.0083207979130665,2,Bull,0.0,0.0003,0.9997
2023-08-18,XLE,-0.001978306840579338,6,-0.0216867385092698,2,Bull,0.0,0.0003,0.9997
2023-08-18,XLF,-0.0018112734752279355,5,-0.0076548707874819,2,Bull,0.0,0.0003,0.9997
2023-08-18,XLI,-0.0022717125698159184,7,-0.005125582735918,2,Bull,0.0,0.0003,0.9997
2023-08-18,XLK,-0.0043973971939166336,11,0.0147833489728108,2,Bull,0.0,0.0003,0.9997
2023-08-18,XLP,-0.0014694123243632737,4,-0.0161662314202557,2,Bull,0.0,0.0003,0.9997
2023-08-18,XLU,0.0011024242515833326,1,-0.0057441982688186,2,Bull,0.0,0.0003,0.9997
2023-08-18,XLV,-0.0008077524632989918,2,-0.0088478175782465,2,Bull,0.0,0.0003,0.9997
2023-08-18,XLY,-0.0033768781896757745,10,0.0043463276972515,2,Bull,0.0,0.0003,0.9997
2023-08-25,IYR,-0.0015841246047300242,6,-0.0064066964034348,2,Bull,0.0,0.0003,0.9997
2023-08-25,VOX,-0.0005878242029675326,2,0.0059642546830571,2,Bull,0.0,0.0003,0.9997
2023-08-25,XLB,-0.0019607302595499206,8,0.0118741876125558,2,Bull,0.0,0.0003,0.9997
2023-08-25,XLE,-0.002659557559368203,11,0.0104610932697131,2,Bull,0.0,0.0003,0.9997
2023-08-25,XLF,-0.002133682678925373,9,-0.0049077173926321,2,Bull,0.0,0.0003,0.9997
2023-08-25,XLI,-0.001557415122519014,4,-0.0042891272881235,2,Bull,0.0,0.0003,0.9997
2023-08-25,XLK,-0.0015767040023042381,5,0.0188938789974544,2,Bull,0.0,0.0003,0.9997
2023-08-25,XLP,-0.0008518769298576481,3,-0.0293681121140023,2,Bull,0.0,0.0003,0.9997
2023-08-25,XLU,-4.48799355531437e-05,1,-0.0410606520633937,2,Bull,0.0,0.0003,0.9997
2023-08-25,XLV,-0.002391707096355298,10,-0.0243024390664454,2,Bull,0.0,0.0003,0.9997
2023-08-25,XLY,-0.001679676900923107,7,0.0049242592134557,2,Bull,0.0,0.0003,0.9997
2023-09-01,IYR,-0.00010616731886280349,9,-0.0004321771868751,2,Bull,0.0,0.0004,0.9996
2023-09-01,VOX,-0.00044382077472189356,11,0.0038374528304834,2,Bull,0.0,0.0004,0.9996
2023-09-01,XLB,-4.4600782797570166e-05,8,-0.0115321645249165,2,Bull,0.0,0.0004,0.9996
2023-09-01,XLE,0.005961943299322039,1,0.0270036296929886,2,Bull,0.0,0.0004,0.9996
2023-09-01,XLF,0.00016631046781457603,7,0.0013242861605793,2,Bull,0.0,0.0004,0.9996
2023-09-01,XLI,0.0006092575656246257,6,-0.0165694082695633,2,Bull,0.0,0.0004,0.9996
2023-09-01,XLK,0.0006629020523047053,5,-0.006786349961086,2,Bull,0.0,0.0004,0.9996
2023-09-01,XLP,0.0037561324594634973,2,0.0064672393430036,2,Bull,0.0,0.0004,0.9996
2023-09-01,XLU,0.0030624847661257933,4,0.0211874760308131,2,Bull,0.0,0.0004,0.9996
2023-09-01,XLV,0.0036031020421948847,3,0.0012614631772778,2,Bull,0.0,0.0004,0.9996
2023-09-01,XLY,-0.0004396652218466478,10,0.0071444270398814,2,Bull,0.0,0.0004,0.9996
2023-09-08,IYR,-0.001279087649522524,9,0.0048750842417728,2,Bull,0.0,0.0006,0.9994
2023-09-08,VOX,-0.0013332732867453677,10,0.0058576893928421,2,Bull,0.0,0.0006,0.9994
2023-09-08,XLB,-0.00038702475315618274,5,0.0002151192752628,2,Bull,0.0,0.0006,0.9994
2023-09-08,XLE,0.0042651126506826915,1,0.0008809799778166,2,Bull,0.0,0.0006,0.9994
2023-09-08,XLF,-0.0009084076019015459,8,0.0167673766082148,2,Bull,0.0,0.0006,0.9994
2023-09-08,XLI,-0.00043953551136822946,6,-0.0046485336210281,2,Bull,0.0,0.0006,0.9994
2023-09-08,XLK,-0.00062844441543171,7,-0.021197174508999,2,Bull,0.0,0.0006,0.9994
2023-09-08,XLP,0.0041173953527756935,2,0.0061972043968201,2,Bull,0.0,0.0006,0.9994
2023-09-08,XLU,0.0020892278517801997,4,0.0291724744015269,2,Bull,0.0,0.0006,0.9994
2023-09-08,XLV,0.0032531344649860605,3,0.0022998984180579,2,Bull,0.0,0.0006,0.9994
2023-09-08,XLY,-0.0015510803340422826,11,0.0193302049980819,2,Bull,0.0,0.0006,0.9994
2023-09-15,IYR,-0.0007081367295560078,10,-0.0226954284220601,2,Bull,0.0,0.0005,0.9995
2023-09-15,VOX,-0.00033952116170316807,7,0.0011560932166846,2,Bull,0.0,0.0005,0.9995
2023-09-15,XLB,-0.0005278051987886916,8,-0.0070445919162203,2,Bull,0.0,0.0005,0.9995
2023-09-15,XLE,-0.0009532766812897215,11,0.0070262449701539,2,Bull,0.0,0.0005,0.9995
2023-09-15,XLF,3.6639447663569686e-05,6,-6.371817173300709e-05,2,Bull,0.0,0.0005,0.9995
2023-09-15,XLI,0.00015730580568358075,5,0.0025857473584363,2,Bull,0.0,0.0005,0.9995
2023-09-15,XLK,-0.0006939175545141349,9,0.0047037093792433,2,Bull,0.0,0.0005,0.9995
2023-09-15,XLP,0.005588867832213909,3,0.0092959915903163,2,Bull,0.0,0.0005,0.9995
2023-09-15,XLU,0.00831845298085989,1,0.0116974265386048,2,Bull,0.0,0.0005,0.9995
2023-09-15,XLV,0.006929433794908586,2,0.0178141770733968,2,Bull,0.0,0.0005,0.9995
2023-09-15,XLY,0.00019787227249160651,4,-0.0323424875971368,2,Bull,0.0,0.0005,0.9995
2023-09-22,IYR,-0.001526687282795272,10,-0.0076525087031883,2,Bull,0.0,0.0016,0.9984
2023-09-22,VOX,-0.0008427043512132821,8,0.0088337582667827,2,Bull,0.0,0.0016,0.9984
2023-09-22,XLB,3.836398126884291e-05,5,0.0091274037122086,2,Bull,0.0,0.0016,0.9984
2023-09-22,XLE,-0.01458026618691396,11,0.0189232988742833,2,Bull,0.0,0.0016,0.9984
2023-09-22,XLF,-0.0008786653302947498,9,-0.0077267023547071,2,Bull,0.0,0.0016,0.9984
2023-09-22,XLI,0.0004978910337226481,4,0.0028027613163166,2,Bull,0.0,0.0016,0.9984
2023-09-22,XLK,0.0005643554286802215,3,0.0039107865468458,2,Bull,0.0,0.0016,0.9984
2023-09-22,XLP,-1.7022358096884628e-05,6,-0.0121313914852374,2,Bull,0.0,0.0016,0.9984
2023-09-22,XLU,0.004482790093998607,1,-0.0620587088492241,2,Bull,0.0,0.0016,0.9984
2023-09-22,XLV,0.0017647508697359352,2,-0.0040029150797236,2,Bull,0.0,0.0016,0.9984
2023-09-22,XLY,-0.00016994973883344402,7,0.0071415400318264,2,Bull,0.0,0.0016,0.9984
2023-09-29,IYR,-0.0019064470287116228,11,-0.0223514016317116,2,Bull,0.0,0.0023,0.9977
2023-09-29,VOX,-0.0007347223892554281,5,0.0139093245655386,2,Bull,0.0,0.0023,0.9977
2023-09-29,XLB,-0.0013314130319587838,9,-0.0119480393097237,2,Bull,0.0,0.0023,0.9977
2023-09-29,XLE,0.0006026230088198953,2,-0.0563732731072768,2,Bull,0.0,0.0023,0.9977
2023-09-29,XLF,-0.0009410431755324622,7,-0.0087380487356515,2,Bull,0.0,0.0023,0.9977
2023-09-29,XLI,-0.00018489502296610745,4,-0.0107372481260915,2,Bull,0.0,0.0023,0.9977
2023-09-29,XLK,0.00474074540204429,1,0.0213507420845791,2,Bull,0.0,0.0023,0.9977
2023-09-29,XLP,-0.0016636934604994217,10,-0.0359190465569742,2,Bull,0.0,0.0023,0.9977
2023-09-29,XLU,0.00023379023322159812,3,-0.0333271686810355,2,Bull,0.0,0.0023,0.9977
2023-09-29,XLV,-0.0009187628006176337,6,0.0050458521472311,2,Bull,0.0,0.0023,0.9977
2023-09-29,XLY,-0.0010179379386118413,8,-0.0071172134023441,2,Bull,0.0,0.0023,0.9977
2023-10-06,IYR,-0.0004576157408303601,3,0.0130217996620785,2,Bull,0.0,0.0011,0.9989
2023-10-06,VOX,0.00032578825168664416,2,-0.0063365833594214,2,Bull,0.0,0.0011,0.9989
2023-10-06,XLB,-0.0013268076208740405,5,-0.0090513678053745,2,Bull,0.0,0.0011,0.9989
2023-10-06,XLE,-0.0030280981634102267,9,0.040461699711116,2,Bull,0.0,0.0011,0.9989
2023-10-06,XLF,-0.0016009035952573465,7,0.0005820642686722,2,Bull,0.0,0.0011,0.9989
2023-10-06,XLI,-0.0015284355829964294,6,0.0050615833511056,2,Bull,0.0,0.0011,0.9989
2023-10-06,XLK,0.0010475291773900796,1,-0.0021259073528767,2,Bull,0.0,0.0011,0.9989
2023-10-06,XLP,-0.003385655774004392,10,-0.0026133446478222,2,Bull,0.0,0.0011,0.9989
2023-10-06,XLU,-0.003859321457325868,11,0.031244449728776,2,Bull,0.0,0.0011,0.9989
2023-10-06,XLV,-0.0008534072289831375,4,-0.0031787479959171,2,Bull,0.0,0.0011,0.9989
2023-10-06,XLY,-0.002321731501891751,8,-0.0147743916535434,2,Bull,0.0,0.0011,0.9989
2023-10-13,IYR,-0.0029831745846527285,11,-0.0192452044003462,2,Bull,0.0,0.001,0.999
2023-10-13,VOX,-0.00033922208116732907,5,0.0154801281312325,2,Bull,0.0,0.001,0.999
2023-10-13,XLB,-0.0005706418590818231,6,-0.0062454995414511,2,Bull,0.0,0.001,0.999
2023-10-13,XLE,-0.00287323573652266,10,0.0313721665490678,2,Bull,0.0,0.001,0.999
2023-10-13,XLF,-0.0011819358924779102,8,-0.0065190878773799,2,Bull,0.0,0.001,0.999
2023-10-13,XLI,-0.0008624810578776376,7,-0.006081891186303,2,Bull,0.0,0.001,0.999
2023-10-13,XLK,0.004405772601617622,1,-0.0039188858090433,2,Bull,0.0,0.001,0.999
2023-10-13,XLP,-0.0014594133780002918,9,0.0309294076777373,2,Bull,0.0,0.001,0.999
2023-10-13,XLU,0.002896054724957563,2,0.0024770784220736,2,Bull,0.0,0.001,0.999
2023-10-13,XLV,-0.0002212798854965307,4,0.0075328997646924,2,Bull,0.0,0.001,0.999
2023-10-13,XLY,0.00011473671746627986,3,-0.0219015656272159,2,Bull,0.0,0.001,0.999
2023-10-20,IYR,-0.0013190627905670324,11,0.0098363048212668,2,Bull,0.0,0.0241,0.9759
2023-10-20,VOX,-0.00031186173307570715,7,-0.0255793180652692,2,Bull,0.0,0.0241,0.9759
2023-10-20,XLB,0.0009311221048911876,1,0.0203052725140957,2,Bull,0.0,0.0241,0.9759
2023-10-20,XLE,-0.0012992632333287497,10,-0.0374222264010085,2,Bull,0.0,0.0241,0.9759
2023-10-20,XLF,-0.0009172703971344727,9,0.0016614097948107,2,Bull,0.0,0.0241,0.9759
2023-10-20,XLI,6.840569698455469e-05,5,0.0020557246675459,2,Bull,0.0,0.0241,0.9759
2023-10-20,XLK,0.0008206287800038972,3,0.0077518511419872,2,Bull,0.0,0.0241,0.9759
2023-10-20,XLP,-3.99839755978304e-05,6,0.0146962492466553,2,Bull,0.0,0.0241,0.9759
2023-10-20,XLU,0.00010892193603829188,4,0.0370159013565084,2,Bull,0.0,0.0241,0.9759
2023-10-20,XLV,0.0009288411083489199,2,-0.0134662597727021,2,Bull,0.0,0.0241,0.9759
2023-10-20,XLY,-0.0005477781523792539,8,0.0111096349844669,2,Bull,0.0,0.0241,0.9759
2023-10-27,IYR,-0.0010295947121032598,8,0.0286044008022188,2,Bull,0.0,0.1568,0.8432
2023-10-27,VOX,-0.0012022726603645032,9,0.0197802014934167,2,Bull,0.0,0.1568,0.8432
2023-10-27,XLB,-2.940782567505205e-06,4,-0.0072298853536505,2,Bull,0.0,0.1568,0.8432
2023-10-27,XLE,0.0014657006894961662,3,-0.0342407530259827,2,Bull,0.0,0.1568,0.8432
2023-10-27,XLF,-0.0019551644372399427,11,0.0156215845725125,2,Bull,0.0,0.1568,0.8432
2023-10-27,XLI,-0.0009459525320301593,7,-0.0049595429929294,2,Bull,0.0,0.1568,0.8432
2023-10-27,XLK,-0.0015449663914414876,10,0.0075737865518845,2,Bull,0.0,0.1568,0.8432
2023-10-27,XLP,0.0021858705520251386,2,-0.0258718876367209,2,Bull,0.0,0.1568,0.8432
2023-10-27,XLU,-0.0001626908141552758,5,-0.0051693624367745,2,Bull,0.0,0.1568,0.8432
2023-10-27,XLV,0.0024977146185826467,1,-0.0237880937925878,2,Bull,0.0,0.1568,0.8432
2023-10-27,XLY,-0.000942051105932136,6,0.0125966025058847,2,Bull,0.0,0.1568,0.8432
2023-11-03,IYR,0.00022100890448301563,8,-0.0366099791040062,2,Bull,0.0,0.1705,0.8295
2023-11-03,VOX,0.0023122654909953255,3,-0.0062517021761618,2,Bull,0.0,0.1705,0.8295
2023-11-03,XLB,0.0013492771290989612,6,-0.0317683697364239,2,Bull,0.0,0.1705,0.8295
2023-11-03,XLE,0.0022970716429515097,4,-0.051343974308694,2,Bull,0.0,0.1705,0.8295
2023-11-03,XLF,0.0017663275487375236,5,-0.0097703816606866,2,Bull,0.0,0.1705,0.8295
2023-11-03,XLI,2.7804029409351717e-05,9,-0.0042684557359038,2,Bull,0.0,0.1705,0.8295
2023-11-03,XLK,-0.0019488079451494115,11,0.0315603411243308,2,Bull,0.0,0.1705,0.8295
2023-11-03,XLP,0.001003744999236367,7,-0.0105643013762362,2,Bull,0.0,0.1705,0.8295
2023-11-03,XLU,0.003426322039353648,2,-0.0385136819191825,2,Bull,0.0,0.1705,0.8295
2023-11-03,XLV,0.006955553233755097,1,-0.0225664304849546,2,Bull,0.0,0.1705,0.8295
2023-11-03,XLY,-0.00013389116453513245,10,-0.006254269146501,2,Bull,0.0,0.1705,0.8295
2023-11-10,IYR,-0.0030753416266918274,4,0.0217861856498822,2,Bull,0.0,0.2204,0.7796
2023-11-10,VOX,7.5015391980256196e-06,1,0.0028576842517828,2,Bull,0.0,0.2204,0.7796
2023-11-10,XLB,-0.0050068813224000185,5,0.014512026888239,2,Bull,0.0,0.2204,0.7796
2023-11-10,XLE,-0.012157200807663908,11,-0.0077583781522725,2,Bull,0.0,0.2204,0.7796
2023-11-10,XLF,-0.006297568938474045,8,0.009334349608276,2,Bull,0.0,0.2204,0.7796
2023-11-10,XLI,-0.005758542049754054,7,0.0067348108447771,2,Bull,0.0,0.2204,0.7796
2023-11-10,XLK,-0.0023862733057055233,3,-0.0048332923435261,2,Bull,0.0,0.2204,0.7796
2023-11-10,XLP,-0.005282684527766095,6,-0.0154187024324723,2,Bull,0.0,0.2204,0.7796
2023-11-10,XLU,-0.01077935523344757,10,0.0095547021043618,2,Bull,0.0,0.2204,0.7796
2023-11-10,XLV,-0.006770740032419548,9,-0.0074237507999552,2,Bull,0.0,0.2204,0.7796
2023-11-10,XLY,-0.002044964362546757,2,0.0124598068664301,2,Bull,0.0,0.2204,0.7796
2023-11-17,IYR,-0.0006218999463908884,5,0.0003993409014895,2,Bull,0.0,0.1387,0.8613
2023-11-17,VOX,0.0006108657588592099,3,0.0017570846992134,2,Bull,0.0,0.1387,0.8613
2023-11-17,XLB,-0.001225097956625865,7,0.0005844332728124,2,Bull,0.0,0.1387,0.8613
2023-11-17,XLE,-0.004125252443111686,10,-0.0071707665675122,2,Bull,0.0,0.1387,0.8613
2023-11-17,XLF,-0.000881490929621545,6,0.0005637210048081,2,Bull,0.0,0.1387,0.8613
2023-11-17,XLI,-0.0014169900585196593,8,-0.0030925869595073,2,Bull,0.0,0.1387,0.8613
2023-11-17,XLK,0.002289549624466235,1,-0.0011974150014084,2,Bull,0.0,0.1387,0.8613
2023-11-17,XLP,0.0011519128887914167,2,0.0032346329809724,2,Bull,0.0,0.1387,0.8613
2023-11-17,XLU,-0.006504405799260972,11,-0.0035830945089168,2,Bull,0.0,0.1387,0.8613
2023-11-17,XLV,-0.0029930140540553162,9,0.0124516225607183,2,Bull,0.0,0.1387,0.8613
2023-11-17,XLY,-1.2955060895933882e-05,4,-0.0034234066670244,2,Bull,0.0,0.1387,0.8613
2023-11-24,IYR,-0.00023660053313830662,3,0.0403517218318827,2,Bull,0.0,0.0866,0.9134
2023-11-24,VOX,-9.0265905263182e-05,2,-0.0175931328252677,2,Bull,0.0,0.0866,0.9134
2023-11-24,XLB,-0.0005285602678349593,5,0.0191444412733952,2,Bull,0.0,0.0866,0.9134
2023-11-24,XLE,-0.0070862285171768135,11,-0.0072863613815663,2,Bull,0.0,0.0866,0.9134
2023-11-24,XLF,-0.0005147542527993447,4,0.0139831969817258,2,Bull,0.0,0.0866,0.9134
2023-11-24,XLI,-0.000743232735078879,6,0.0142232426171784,2,Bull,0.0,0.0866,0.9134
2023-11-24,XLK,-0.001533058711239822,7,-0.002001354744503,2,Bull,0.0,0.0866,0.9134
2023-11-24,XLP,-0.0033599691159797926,8,-0.0006768833029375,2,Bull,0.0,0.0866,0.9134
2023-11-24,XLU,-0.006632605136783613,10,0.0050532861980772,2,Bull,0.0,0.0866,0.9134
2023-11-24,XLV,-0.004590453563588381,9,-0.0030078258161077,2,Bull,0.0,0.0866,0.9134
2023-11-24,XLY,0.00040636179934348533,1,0.0085939755340973,2,Bull,0.0,0.0866,0.9134
2023-12-01,IYR,0.0024894367689948698,1,-0.00563065356313,2,Bull,0.0,0.0416,0.9584
2023-12-01,VOX,0.0007734407362157828,3,0.0057816906885268,2,Bull,0.0,0.0416,0.9584
2023-12-01,XLB,0.0010926473435201192,2,-0.0194330249079731,2,Bull,0.0,0.0416,0.9584
2023-12-01,XLE,-0.0032565277993252483,11,-0.0352119530564517,2,Bull,0.0,0.0416,0.9584
2023-12-01,XLF,0.0002711781958221405,6,-0.0035020433675058,2,Bull,0.0,0.0416,0.9584
2023-12-01,XLI,0.0007068393076019901,4,-0.0003729069942668,2,Bull,0.0,0.0416,0.9584
2023-12-01,XLK,0.0003101701093142266,5,0.0034234283678669,2,Bull,0.0,0.0416,0.9584
2023-12-01,XLP,-0.002291141839280344,10,-0.014235353044641,2,Bull,0.0,0.0416,0.9584
2023-12-01,XLU,-0.0018514101320100174,9,-0.0042849633977447,2,Bull,0.0,0.0416,0.9584
2023-12-01,XLV,-0.0017764485967918838,8,-0.0005755966533336,2,Bull,0.0,0.0416,0.9584
2023-12-01,XLY,0.00010825914271018256,7,0.0098782226594851,2,Bull,0.0,0.0416,0.9584
2023-12-08,IYR,-0.0016178292909416812,8,0.0318841419982889,2,Bull,0.0,0.0167,0.9833
2023-12-08,VOX,0.0005445148495249036,2,-0.0143638471263944,2,Bull,0.0,0.0167,0.9833
2023-12-08,XLB,0.00034571053015621124,3,0.0155720305995927,2,Bull,0.0,0.0167,0.9833
2023-12-08,XLE,0.0023210250001807855,1,0.001199159760455,2,Bull,0.0,0.0167,0.9833
2023-12-08,XLF,-1.4816906134826761e-05,5,0.0097926685614262,2,Bull,0.0,0.0167,0.9833
2023-12-08,XLI,-0.0004993469337711186,7,0.01328711024415,2,Bull,0.0,0.0167,0.9833
2023-12-08,XLK,-0.00038194010586252664,6,0.0030268514610893,2,Bull,0.0,0.0167,0.9833
2023-12-08,XLP,-0.0028054480931059824,9,-0.0078563916741092,2,Bull,0.0,0.0167,0.9833
2023-12-08,XLU,-0.0028178357193006346,10,-0.0151427066910583,2,Bull,0.0,0.0167,0.9833
2023-12-08,XLV,-0.0029161329045878023,11,-0.0081490806152704,2,Bull,0.0,0.0167,0.9833
2023-12-08,XLY,0.00025386441011708436,4,0.0107853494569338,2,Bull,0.0,0.0167,0.9833
2023-12-15,IYR,0.0013131049986666679,3,-0.004411405579312,2,Bull,0.0,0.0171,0.9829
2023-12-15,VOX,0.0004781482729241461,8,0.0205177739904482,2,Bull,0.0,0.0171,0.9829
2023-12-15,XLB,0.0013044052354723443,4,0.0028669080371293,2,Bull,0.0,0.0171,0.9829
2023-12-15,XLE,0.0029013902112519645,1,0.0085444478992438,2,Bull,0.0,0.0171,0.9829
2023-12-15,XLF,0.0014757222459360216,2,-0.0045228084516439,2,Bull,0.0,0.0171,0.9829
2023-12-15,XLI,0.00122815419937213,5,-0.0027546389119728,2,Bull,0.0,0.0171,0.9829
2023-12-15,XLK,0.0008077903466204224,6,-0.005168641465346,2,Bull,0.0,0.0171,0.9829
2023-12-15,XLP,-0.0009741572473971215,10,-0.0019064799077355,2,Bull,0.0,0.0171,0.9829
2023-12-15,XLU,-0.002198851231211511,11,-0.0210866612794978,2,Bull,0.0,0.0171,0.9829
2023-12-15,XLV,-0.0002910672152016357,9,0.0017114400582523,2,Bull,0.0,0.0171,0.9829
2023-12-15,XLY,0.0006178854482922138,7,-0.0059064661227741,2,Bull,0.0,0.0171,0.9829
2023-12-22,IYR,0.0002773735725980081,5,0.0034354206681797,2,Bull,0.0,0.0082,0.9918
2023-12-22,VOX,-0.0006696006801889401,8,-0.0026543086063957,2,Bull,0.0,0.0082,0.9918
2023-12-22,XLB,-0.0002968617556060728,7,-0.0042054291386073,2,Bull,0.0,0.0082,0.9918
2023-12-22,XLE,0.0030547963144776334,1,-0.016919620964404,2,Bull,0.0,0.0082,0.9918
2023-12-22,XLF,-0.00029417198704799913,6,0.0034585011470535,2,Bull,0.0,0.0082,0.9918
2023-12-22,XLI,-0.0008244215937434927,9,0.0040973807599526,2,Bull,0.0,0.0082,0.9918
2023-12-22,XLK,0.0022748577047615602,2,-0.0012656195063243,2,Bull,0.0,0.0082,0.9918
2023-12-22,XLP,-0.002040302865313184,10,0.0078685542459673,2,Bull,0.0,0.0082,0.9918
2023-12-22,XLU,0.0010121597769928575,3,0.0078336578943161,2,Bull,0.0,0.0082,0.9918
2023-12-22,XLV,-0.0027125591629324117,11,0.0065683492040564,2,Bull,0.0,0.0082,0.9918
2023-12-22,XLY,0.0003874147537337058,4,-0.007237656231715,2,Bull,0.0,0.0082,0.9918
2023-12-29,IYR,-0.0010502174251809592,8,-0.0035967567765318,2,Bull,0.0,0.0064,0.9936
2023-12-29,VOX,-3.0977007888537356e-05,5,0.0034001073895583,2,Bull,0.0,0.0064,0.9936
2023-12-29,XLB,0.00017437915865141284,3,0.0015188652284707,2,Bull,0.0,0.0064,0.9936
2023-12-29,XLE,0.0015548082183994168,2,0.0255665656828043,2,Bull,0.0,0.0064,0.9936
2023-12-29,XLF,-0.0003512573736331769,6,0.0195368960037434,2,Bull,0.0,0.0064,0.9936
2023-12-29,XLI,-0.0007551545516447305,7,-0.0069104761619526,2,Bull,0.0,0.0064,0.9936
2023-12-29,XLK,0.002192986303741498,1,-0.0278854025898502,2,Bull,0.0,0.0064,0.9936
2023-12-29,XLP,-0.001748264853591247,10,0.0152699678549311,2,Bull,0.0,0.0064,0.9936
2023-12-29,XLU,-0.0018422739095862936,11,0.0344959629469798,2,Bull,0.0,0.0064,0.9936
2023-12-29,XLV,-0.0015783223787709795,9,0.0356381727073684,2,Bull,0.0,0.0064,0.9936
2023-12-29,XLY,5.1265171819316687e-05,4,-0.0190701065890356,2,Bull,0.0,0.0064,0.9936
2024-01-05,IYR,-0.00012398903711797996,5,-0.0130331091036552,2,Bull,0.0,0.0065,0.9935
2024-01-05,VOX,0.0001690028418406199,2,0.0036367807727897,2,Bull,0.0,0.0065,0.9935
2024-01-05,XLB,-0.0007772741051785877,7,-0.0292734074754384,2,Bull,0.0,0.0065,0.9935
2024-01-05,XLE,-0.002963611555319406,11,-0.0423392994051117,2,Bull,0.0,0.0065,0.9935
2024-01-05,XLF,-0.00038197926544053637,6,-0.0226945201252076,2,Bull,0.0,0.0065,0.9935
2024-01-05,XLI,3.293590943452051e-05,4,-0.0126187132690549,2,Bull,0.0,0.0065,0.9935
2024-01-05,XLK,0.0007965230755736467,1,0.0253808060561615,2,Bull,0.0,0.0065,0.9935
2024-01-05,XLP,-0.00294729721960729,10,-0.0077504769698804,2,Bull,0.0,0.0065,0.9935
2024-01-05,XLU,-0.00168961220737762,8,-0.0374720390054768,2,Bull,0.0,0.0065,0.9935
2024-01-05,XLV,-0.002111118101680346,9,-0.0086575739573242,2,Bull,0.0,0.0065,0.9935
2024-01-05,XLY,0.00011250246588181476,3,-0.0109581959175752,2,Bull,0.0,0.0065,0.9935
2024-01-12,IYR,-0.0021722374275544563,9,-0.0325795269495715,2,Bull,0.0,0.0102,0.9898
2024-01-12,VOX,-0.001284566787950407,6,0.0028251089609405,2,Bull,0.0,0.0102,0.9898
2024-01-12,XLB,0.0003187717086829803,2,-0.0266822671218919,2,Bull,0.0,0.0102,0.9898
2024-01-12,XLE,-0.0011834377261695863,4,-0.0424206690935092,2,Bull,0.0,0.0102,0.9898
2024-01-12,XLF,-0.0025031509814428094,11,-0.0032859147721002,2,Bull,0.0,0.0102,0.9898
2024-01-12,XLI,-0.0017444144495096568,7,-0.0090298280922329,2,Bull,0.0,0.0102,0.9898
2024-01-12,XLK,0.0011319447704385888,1,0.0291877254330461,2,Bull,0.0,0.0102,0.9898
2024-01-12,XLP,-0.0019260849059312352,8,-0.0223647570112174,2,Bull,0.0,0.0102,0.9898
2024-01-12,XLU,-0.0007739479434920104,3,-0.0490177387891647,2,Bull,0.0,0.0102,0.9898
2024-01-12,XLV,-0.0024873068360133236,10,-0.0196060124140655,2,Bull,0.0,0.0102,0.9898
2024-01-12,XLY,-0.0012153671002994608,5,-0.0067166787537931,2,Bull,0.0,0.0102,0.9898
2024-01-19,IYR,-0.007577093303013885,6,-0.0160970832136704,2,Bull,0.0,0.0105,0.9895
2024-01-19,VOX,-0.003979619406998322,3,0.028712537487235,2,Bull,0.0,0.0105,0.9895
2024-01-19,XLB,-0.009499714277375376,7,-0.0069174612081888,2,Bull,0.0,0.0105,0.9895
2024-01-19,XLE,-0.010446370422687687,8,0.0405690623867303,2,Bull,0.0,0.0105,0.9895
2024-01-19,XLF,-0.007566114001912843,5,0.0086596730883103,2,Bull,0.0,0.0105,0.9895
2024-01-19,XLI,-0.00520287168014646,4,-0.0016078857299395,2,Bull,0.0,0.0105,0.9895
2024-01-19,XLK,0.0014782416502451608,1,-0.0024295055860752,2,Bull,0.0,0.0105,0.9895
2024-01-19,XLP,-0.010881051109665075,9,-0.0022728016598621,2,Bull,0.0,0.0105,0.9895
2024-01-19,XLU,-0.012641463822584778,11,-0.0065511375953273,2,Bull,0.0,0.0105,0.9895
2024-01-19,XLV,-0.011449874178603449,10,-0.0116853071368984,2,Bull,0.0,0.0105,0.9895
2024-01-19,XLY,-0.00317769911831584,2,-0.0286773082992316,2,Bull,0.0,0.0105,0.9895
2024-01-26,IYR,-0.008080647677798453,10,-0.0222103891259215,2,Bull,0.0,0.0102,0.9898
2024-01-26,VOX,-0.0008095161927119649,1,0.0121632965489806,2,Bull,0.0,0.0102,0.9898
2024-01-26,XLB,-0.007286336359707758,9,-0.0072094443446366,2,Bull,0.0,0.0102,0.9898
2024-01-26,XLE,-0.008755852718470753,11,-0.0229032905256157,2,Bull,0.0,0.0102,0.9898
2024-01-26,XLF,-0.0023287523004333435,3,-0.0057006500096097,2,Bull,0.0,0.0102,0.9898
2024-01-26,XLI,-0.0025416025278847585,5,0.0047159138669343,2,Bull,0.0,0.0102,0.9898
2024-01-26,XLK,-0.001921762614205913,2,-0.0118097653168873,2,Bull,0.0,0.0102,0.9898
2024-01-26,XLP,-0.0064790633862127755,7,0.0069648250751208,2,Bull,0.0,0.0102,0.9898
2024-01-26,XLU,-0.00508273616551185,6,-0.0096639734744736,2,Bull,0.0,0.0102,0.9898
2024-01-26,XLV,-0.007241090843168353,8,0.0052918560529435,2,Bull,0.0,0.0102,0.9898
2024-01-26,XLY,-0.0025002026196430417,4,0.0186135499340771,2,Bull,0.0,0.0102,0.9898
2024-02-02,IYR,-0.0021097641302447482,7,-0.013397276968414,2,Bull,0.0,0.0,1.0
2024-02-02,VOX,-0.0007368547664440332,2,-0.0198403142663744,2,Bull,0.0,0.0,1.0
2024-02-02,XLB,-0.0013557214242951269,6,-0.0132545342236807,2,Bull,0.0,0.0,1.0
2024-02-02,XLE,-0.0031641157149474306,9,-0.016370926918481,2,Bull,0.0,0.0,1.0
2024-02-02,XLF,-0.0023581311135776025,8,-0.011291103786936,2,Bull,0.0,0.0,1.0
2024-02-02,XLI,-0.0011064147758160384,5,-0.0020032631916528,2,Bull,0.0,0.0,1.0
2024-02-02,XLK,-0.0010616342597816652,4,0.01383327501974,2,Bull,0.0,0.0,1.0
2024-02-02,XLP,-0.004812356700607033,10,-0.028148171841021,2,Bull,0.0,0.0,1.0
2024-02-02,XLU,-0.0007360142087003487,1,-0.0336972292743564,2,Bull,0.0,0.0,1.0
2024-02-02,XLV,-0.006338531076762685,11,0.0003697227375947,2,Bull,0.0,0.0,1.0
2024-02-02,XLY,-0.0009044950952643143,3,0.0006933030535971,2,Bull,0.0,0.0,1.0
2024-02-09,IYR,-0.0058597814614991,7,0.0027981637165039,2,Bull,0.0,0.0,1.0
2024-02-09,VOX,-0.001074774752633408,3,1.0126212999783668e-05,2,Bull,0.0,0.0,1.0
2024-02-09,XLB,-0.006071316581265816,8,0.0277885608316884,2,Bull,0.0,0.0,1.0
2024-02-09,XLE,-0.007290289230759,10,0.0304997422481713,2,Bull,0.0,0.0,1.0
2024-02-09,XLF,-0.0038778226835191856,5,0.0174457219810336,2,Bull,0.0,0.0,1.0
2024-02-09,XLI,-0.001810420583952365,4,0.0126066233142029,2,Bull,0.0,0.0,1.0
2024-02-09,XLK,-0.0004955794681590205,1,-0.0219840242627918,2,Bull,0.0,0.0,1.0
2024-02-09,XLP,-0.008452406709435886,11,0.0056973191709536,2,Bull,0.0,0.0,1.0
2024-02-09,XLU,-0.004556812850239297,6,0.0193002258833531,2,Bull,0.0,0.0,1.0
2024-02-09,XLV,-0.006165473648030556,9,0.0145517655067738,2,Bull,0.0,0.0,1.0
2024-02-09,XLY,-0.0009417128762440972,2,-0.0015196954634386,2,Bull,0.0,0.0,1.0
2024-02-16,IYR,-0.0016038539053172252,7,-0.0090042284822151,2,Bull,0.0,0.0,1.0
2024-02-16,VOX,-0.00045658637885532134,3,-0.0113621319137542,2,Bull,0.0,0.0,1.0
2024-02-16,XLB,-0.0004623635223331227,4,0.0027942049299884,2,Bull,0.0,0.0,1.0
2024-02-16,XLE,-0.0043312339724938895,9,-0.0121386560605372,2,Bull,0.0,0.0,1.0
2024-02-16,XLF,-0.00093729267115842,5,0.0002099317633912,2,Bull,0.0,0.0,1.0
2024-02-16,XLI,-0.0010222392436080663,6,0.0018583820130229,2,Bull,0.0,0.0,1.0
2024-02-16,XLK,0.00029449884231191984,2,-0.0032688678055472,2,Bull,0.0,0.0,1.0
2024-02-16,XLP,-0.004572392911073307,10,0.0037730052267357,2,Bull,0.0,0.0,1.0
2024-02-16,XLU,-0.0029500168631854,8,-0.0047742660215233,2,Bull,0.0,0.0,1.0
2024-02-16,XLV,-0.006168429428161327,11,-0.0013137725496406,2,Bull,0.0,0.0,1.0
2024-02-16,XLY,0.00045653158862273355,1,-0.0040161872221402,2,Bull,0.0,0.0,1.0
2024-02-23,IYR,-0.0016780507912281858,7,0.0105488979025329,2,Bull,0.0,0.0,1.0
2024-02-23,VOX,-0.0010877677743326968,4,-0.0061000884239013,2,Bull,0.0,0.0,1.0
2024-02-23,XLB,-0.001186409276432273,5,0.0031685481154055,2,Bull,0.0,0.0,1.0
2024-02-23,XLE,-0.0036434703576534206,10,0.0038820176862706,2,Bull,0.0,0.0,1.0
2024-02-23,XLF,-0.0007548779093085277,2,-0.0100934635786875,2,Bull,0.0,0.0,1.0
2024-02-23,XLI,-0.0007809336601011065,3,0.000968044799213,2,Bull,0.0,0.0,1.0
2024-02-23,XLK,-0.0011914787502462448,6,0.0167998203354127,2,Bull,0.0,0.0,1.0
2024-02-23,XLP,-0.00315086404995359,9,-0.014124533733784,2,Bull,0.0,0.0,1.0
2024-02-23,XLU,-0.004324278966262433,11,-0.0137185688886831,2,Bull,0.0,0.0,1.0
2024-02-23,XLV,-0.0028907208025803614,8,-0.0201253520884476,2,Bull,0.0,0.0,1.0
2024-02-23,XLY,-0.00021183684497957825,1,0.010729457987451,2,Bull,0.0,0.0,1.0
2024-03-01,IYR,-0.001726478908974834,10,0.0166069993352561,2,Bull,0.0,0.0,1.0
2024-03-01,VOX,-0.0007670930420201569,7,-0.0044820747547921,2,Bull,0.0,0.0,1.0
2024-03-01,XLB,-0.0003527118283243003,3,0.018005697434598,2,Bull,0.0,0.0,1.0
2024-03-01,XLE,-0.002873807941140723,11,0.0140231299957623,2,Bull,0.0,0.0,1.0
2024-03-01,XLF,-0.0006697590433419492,6,0.0103938995358617,2,Bull,0.0,0.0,1.0
2024-03-01,XLI,-0.0012751367358332997,8,0.0086219002537547,2,Bull,0.0,0.0,1.0
2024-03-01,XLK,3.554105320982692e-05,1,-0.0139762451812177,2,Bull,0.0,0.0,1.0
2024-03-01,XLP,-0.0006583376100083233,5,0.0116041706940953,2,Bull,0.0,0.0,1.0
2024-03-01,XLU,-0.00012745195262671698,2,0.0350935174801078,2,Bull,0.0,0.0,1.0
2024-03-01,XLV,-0.0016086093949409673,9,0.0028181528822194,2,Bull,0.0,0.0,1.0
2024-03-01,XLY,-0.0005431552048535981,4,-0.0232535169140011,2,Bull,0.0,0.0,1.0
2024-03-08,IYR,0.0006127686049866545,5,-0.0281306549341178,2,Bull,0.0,0.0,1.0
2024-03-08,VOX,0.0016936893687276543,2,-0.0022976480736193,2,Bull,0.0,0.0,1.0
2024-03-08,XLB,-0.0006399440593992362,8,0.0168261771149589,2,Bull,0.0,0.0,1.0
2024-03-08,XLE,-0.0018941786213230074,11,0.0390463462069465,2,Bull,0.0,0.0,1.0
2024-03-08,XLF,-0.000635353257732891,7,0.0047830154343786,2,Bull,0.0,0.0,1.0
2024-03-08,XLI,-0.0009697670547321434,9,-0.0015280364127806,2,Bull,0.0,0.0,1.0
2024-03-08,XLK,0.0035914810236932337,1,-0.0076972067372241,2,Bull,0.0,0.0,1.0
2024-03-08,XLP,-0.0005466739031022994,6,0.0055208146682628,2,Bull,0.0,0.0,1.0
2024-03-08,XLU,0.001313872030522259,3,-0.0039510461300716,2,Bull,0.0,0.0,1.0
2024-03-08,XLV,-0.0015585790328173938,10,-0.0067094533980696,2,Bull,0.0,0.0,1.0
2024-03-08,XLY,0.0010393790434745083,4,-0.0119359965153599,2,Bull,0.0,0.0,1.0
2024-03-15,IYR,0.0025834112415351693,1,-0.0224930046369222,2,Bull,0.0,0.0,1.0
2024-03-15,VOX,0.00010588559343106758,6,0.0104293695505848,2,Bull,0.0,0.0,1.0
2024-03-15,XLB,-0.000665467728127671,9,-0.0124287053859903,2,Bull,0.0,0.0,1.0
2024-03-15,XLE,-0.0012930582981096833,11,-0.0049913788609856,2,Bull,0.0,0.0,1.0
2024-03-15,XLF,-0.00010877243266937818,8,-0.0030529722372656,2,Bull,0.0,0.0,1.0
2024-03-15,XLI,0.00019475722262557059,5,0.0068247115558039,2,Bull,0.0,0.0,1.0
2024-03-15,XLK,0.0007461106593615238,4,0.0001785847639872,2,Bull,0.0,0.0,1.0
2024-03-15,XLP,0.0014562279441058955,2,-0.0134919349894571,2,Bull,0.0,0.0,1.0
2024-03-15,XLU,-0.0010610574261412484,10,-0.0077039691965636,2,Bull,0.0,0.0,1.0
2024-03-15,XLV,8.113333545548924e-05,7,-0.0181575286410462,2,Bull,0.0,0.0,1.0
2024-03-15,XLY,0.0008026044181448063,3,0.006142873420277,2,Bull,0.0,0.0,1.0
2024-03-22,IYR,0.0037000608247801893,1,0.0193011993980074,2,Bull,0.0,0.0,1.0
2024-03-22,VOX,-0.00024981141157653355,8,-0.0038734137485025,2,Bull,0.0,0.0,1.0
2024-03-22,XLB,0.0007536625901074115,4,0.0130669290896454,2,Bull,0.0,0.0,1.0
2024-03-22,XLE,-0.0001400610387030851,7,0.0181849049700275,2,Bull,0.0,0.0,1.0
2024-03-22,XLF,0.0003420430846306164,6,0.0133314330989717,2,Bull,0.0,0.0,1.0
2024-03-22,XLI,-0.0008894999433553644,11,0.0024214140218303,2,Bull,0.0,0.0,1.0
2024-03-22,XLK,-0.0004637767417891825,9,-0.0113813678067422,2,Bull,0.0,0.0,1.0
2024-03-22,XLP,0.0006333649432571002,5,0.0059502302683196,2,Bull,0.0,0.0,1.0
2024-03-22,XLU,0.0012316975497236313,3,0.0244613625866019,2,Bull,0.0,0.0,1.0
2024-03-22,XLV,-0.0005003892629716292,10,0.0121766614899632,2,Bull,0.0,0.0,1.0
2024-03-22,XLY,0.0017852394119219617,2,0.0028346152953429,2,Bull,0.0,0.0,1.0
2024-03-29,IYR,-0.001469051618077513,11,-0.0212741347337017,2,Bull,0.0,0.0,1.0
2024-03-29,VOX,0.0006741686888754757,5,0.0199210467805169,2,Bull,0.0,0.0,1.0
2024-03-29,XLB,-0.0007135724080359642,10,0.0075788393198841,2,Bull,0.0,0.0,1.0
2024-03-29,XLE,0.0006838875896546461,4,0.0477434741601913,2,Bull,0.0,0.0,1.0
2024-03-29,XLF,-0.00014635857841873974,8,-0.0041875368688516,2,Bull,0.0,0.0,1.0
2024-03-29,XLI,-0.00041286976918860594,9,0.0065683189987679,2,Bull,0.0,0.0,1.0
2024-03-29,XLK,0.0018121717287291367,2,0.0001318832607891,2,Bull,0.0,0.0,1.0
2024-03-29,XLP,0.0012914799583503978,3,-0.017713978049124,2,Bull,0.0,0.0,1.0
2024-03-29,XLU,0.0019614690874964705,1,0.0014068901039038,2,Bull,0.0,0.0,1.0
2024-03-29,XLV,0.000534731384676205,6,-0.0216581681196221,2,Bull,0.0,0.0,1.0
2024-03-29,XLY,0.0004139991624966186,7,-0.0185915533555298,2,Bull,0.0,0.0,1.0
2024-04-05,IYR,-0.00021954915593776293,5,-0.0127901341571258,2,Bull,0.0,0.0,1.0
2024-04-05,VOX,-0.000499834536086022,7,0.0002998800797999,2,Bull,0.0,0.0,1.0
2024-04-05,XLB,-0.0011343058803302863,11,-0.016100126963764,2,Bull,0.0,0.0,1.0
2024-04-05,XLE,-0.0008006913424947274,9,-0.0052605927047404,2,Bull,0.0,0.0,1.0
2024-04-05,XLF,-0.0009079666087149856,10,-0.021702818326362,2,Bull,0.0,0.0,1.0
2024-04-05,XLI,-0.0007997604158440604,8,-0.0074207041572498,2,Bull,0.0,0.0,1.0
2024-04-05,XLK,-0.0004802546567876249,6,0.0096318334367013,2,Bull,0.0,0.0,1.0
2024-04-05,XLP,0.004866067849518308,1,0.0018400569752863,2,Bull,0.0,0.0,1.0
2024-04-05,XLU,0.004599696264186389,2,-0.0001119799807924,2,Bull,0.0,0.0,1.0
2024-04-05,XLV,0.003704301255692375,3,-0.0154722113642187,2,Bull,0.0,0.0,1.0
2024-04-05,XLY,-6.600616816041168e-05,4,0.0049476726792857,2,Bull,0.0,0.0,1.0
2024-04-12,IYR,-0.0026830497644851807,11,-0.0024233835731167,2,Bull,0.0,0.0,1.0
2024-04-12,VOX,-0.0007039746139732244,8,0.0041783748681252,2,Bull,0.0,0.0,1.0
2024-04-12,XLB,7.764617710430999e-05,3,0.0200372774393962,2,Bull,0.0,0.0,1.0
2024-04-12,XLE,-0.002613667466694404,10,0.0186465564105597,2,Bull,0.0,0.0,1.0
2024-04-12,XLF,-0.0006160340953810701,7,0.038701577360994,2,Bull,0.0,0.0,1.0
2024-04-12,XLI,-0.0008894606318886506,9,0.0109412799735356,2,Bull,0.0,0.0,1.0
2024-04-12,XLK,-0.0002528417097833457,4,-0.032035992992672,2,Bull,0.0,0.0,1.0
2024-04-12,XLP,0.0022688843059007688,2,0.0451589885074086,2,Bull,0.0,0.0,1.0
2024-04-12,XLU,-0.00046658203684500513,6,0.0498724507479024,2,Bull,0.0,0.0,1.0
2024-04-12,XLV,0.002327935021666732,1,0.0310011868988464,2,Bull,0.0,0.0,1.0
2024-04-12,XLY,-0.00043915200431833014,5,-0.0107860810731085,2,Bull,0.0,0.0,1.0
2024-04-19,IYR,0.0015600117501046874,3,-0.011210395218232,2,Bull,0.0,0.0001,0.9999
2024-04-19,VOX,0.00022487872931130105,9,-0.011216429479357,2,Bull,0.0,0.0001,0.9999
2024-04-19,XLB,0.00037475158177164696,8,-0.0201609950820573,2,Bull,0.0,0.0001,0.9999
2024-04-19,XLE,-0.005556723954808577,11,-0.01834840809283,2,Bull,0.0,0.0001,0.9999
2024-04-19,XLF,0.0008656072215478321,6,-0.0155597537929463,2,Bull,0.0,0.0001,0.9999
2024-04-19,XLI,0.0004164592266543087,7,-0.0082773241983347,2,Bull,0.0,0.0001,0.9999
2024-04-19,XLK,0.0023010306301771265,1,0.0114602491216839,2,Bull,0.0,0.0001,0.9999
2024-04-19,XLP,0.002034618359522507,2,-0.0110074262741919,2,Bull,0.0,0.0001,0.9999
2024-04-19,XLU,-0.00036100919625086113,10,-0.0148405994073343,2,Bull,0.0,0.0001,0.9999
2024-04-19,XLV,0.0011611240472218871,5,-0.019187347923536,2,Bull,0.0,0.0001,0.9999
2024-04-19,XLY,0.0012722763159737443,4,0.0097716658151278,2,Bull,0.0,0.0001,0.9999
2024-04-26,IYR,0.003035840538386127,2,0.0086949723391871,2,Bull,0.0,0.0001,0.9999
2024-04-26,VOX,0.0010619005870250232,5,0.0021627152098695,2,Bull,0.0,0.0001,0.9999
2024-04-26,XLB,0.00017319711886904518,8,-0.0058498143283236,2,Bull,0.0,0.0001,0.9999
2024-04-26,XLE,0.0033337961944144637,1,-0.0390718973689893,2,Bull,0.0,0.0001,0.9999
2024-04-26,XLF,0.0002841181227222083,7,-0.0125759426355885,2,Bull,0.0,0.0001,0.9999
2024-04-26,XLI,-0.00044664572128049737,11,-0.0050647082189458,2,Bull,0.0,0.0001,0.9999
2024-04-26,XLK,-0.0003882440599152162,10,0.0076499530925315,2,Bull,0.0,0.0001,0.9999
2024-04-26,XLP,0.002026808393437515,3,-0.0021250051299779,2,Bull,0.0,0.0001,0.9999
2024-04-26,XLU,0.0009360872352231366,6,0.0275782947717968,2,Bull,0.0,0.0001,0.9999
2024-04-26,XLV,0.001765970888511358,4,0.0002548395361636,2,Bull,0.0,0.0001,0.9999
2024-04-26,XLY,-0.00012595240223059183,9,0.0054077592048573,2,Bull,0.0,0.0001,0.9999
2024-05-03,IYR,-0.0026865747287234815,5,0.0023967439924559,2,Bull,0.0,0.0001,0.9999
2024-05-03,VOX,-0.0006145514651826572,1,-0.0042491646147979,2,Bull,0.0,0.0001,0.9999
2024-05-03,XLB,-0.004758869202963499,8,0.007122813361287,2,Bull,0.0,0.0001,0.9999
2024-05-03,XLE,-0.0057538442525470876,11,-0.0050671276649272,2,Bull,0.0,0.0001,0.9999
2024-05-03,XLF,-0.004675873100528644,7,0.012887706064617,2,Bull,0.0,0.0001,0.9999
2024-05-03,XLI,-0.0009638952021068085,3,0.0050244349312911,2,Bull,0.0,0.0001,0.9999
2024-05-03,XLK,-0.0013757891207197138,4,-0.0039165272167087,2,Bull,0.0,0.0001,0.9999
2024-05-03,XLP,-0.005102923446430958,9,0.0042525439412162,2,Bull,0.0,0.0001,0.9999
2024-05-03,XLU,-0.004411805364276638,6,0.0231281760221964,2,Bull,0.0,0.0001,0.9999
2024-05-03,XLV,-0.005309765516523928,10,0.0009194568078232,2,Bull,0.0,0.0001,0.9999
2024-05-03,XLY,-0.0008722662822953352,2,-0.01761038411428,2,Bull,0.0,0.0001,0.9999
2024-05-10,IYR,0.0007441227606711332,2,0.0078195631448028,2,Bull,0.0,0.0002,0.9998
2024-05-10,VOX,-0.0007929871465232844,7,-0.0016256108435039,2,Bull,0.0,0.0002,0.9998
2024-05-10,XLB,-0.001182179278332542,9,-0.0131552246452244,2,Bull,0.0,0.0002,0.9998
2024-05-10,XLE,-0.002556412913259509,11,-0.0044879065834757,2,Bull,0.0,0.0002,0.9998
2024-05-10,XLF,-0.0014871009424218431,10,-0.0007529694750543,2,Bull,0.0,0.0002,0.9998
2024-05-10,XLI,-0.0003114143989693575,5,-0.0193158121011278,2,Bull,0.0,0.0002,0.9998
2024-05-10,XLK,-0.0009601422503376538,8,0.0140227070904046,2,Bull,0.0,0.0002,0.9998
2024-05-10,XLP,0.00119713591931249,1,-0.0089298528174897,2,Bull,0.0,0.0002,0.9998
2024-05-10,XLU,-0.0005239260872064052,6,-0.0015174751526996,2,Bull,0.0,0.0002,0.9998
2024-05-10,XLV,0.0005064074726645116,3,0.0024120833977705,2,Bull,0.0,0.0002,0.9998
2024-05-10,XLY,2.8592181184674496e-05,4,-0.0131621330576208,2,Bull,0.0,0.0002,0.9998
2024-05-17,IYR,-0.0005938184709049544,1,-0.036770783282093,2,Bull,0.0,0.0002,0.9998
2024-05-17,VOX,-0.0017082536889017669,6,-0.0027395117844973,2,Bull,0.0,0.0002,0.9998
2024-05-17,XLB,-0.0016952023529716892,5,-0.0085541132072864,2,Bull,0.0,0.0002,0.9998
2024-05-17,XLE,-0.0037118559582777397,11,-0.0377864471266224,2,Bull,0.0,0.0002,0.9998
2024-05-17,XLF,-0.0027048157956860138,8,-0.0206917686037954,2,Bull,0.0,0.0002,0.9998
2024-05-17,XLI,-0.0007869444379776252,2,-0.006922717510188,2,Bull,0.0,0.0002,0.9998
2024-05-17,XLK,-0.00096150625756798,3,0.0159285677719517,2,Bull,0.0,0.0002,0.9998
2024-05-17,XLP,-0.0017703592793643314,7,-0.0141735967803903,2,Bull,0.0,0.0002,0.9998
2024-05-17,XLU,-0.0034379522872684484,10,-0.0115929321950665,2,Bull,0.0,0.0002,0.9998
2024-05-17,XLV,-0.0015659073002822004,4,-0.0128989194793255,2,Bull,0.0,0.0002,0.9998
2024-05-17,XLY,-0.0029351759627667113,9,-0.017664297227467,2,Bull,0.0,0.0002,0.9998
2024-05-24,IYR,-0.0013354682007003802,2,0.0224785491674019,2,Bull,0.0,0.0001,0.9999
2024-05-24,VOX,-0.002898054152151546,5,0.0061524471788514,2,Bull,0.0,0.0001,0.9999
2024-05-24,XLB,-0.006309891176256885,9,0.0057704368827193,2,Bull,0.0,0.0001,0.9999
2024-05-24,XLE,-0.007090141299381142,10,0.0239381760226347,2,Bull,0.0,0.0001,0.9999
2024-05-24,XLF,-0.004725108517148376,6,0.0046306679306744,2,Bull,0.0,0.0001,0.9999
2024-05-24,XLI,-0.0020676872814484994,3,-0.0037232102500424,2,Bull,0.0,0.0001,0.9999
2024-05-24,XLK,-0.0025451707304010632,4,-0.0194647408119765,2,Bull,0.0,0.0001,0.9999
2024-05-24,XLP,-0.0062588644890241565,8,0.0070226013274623,2,Bull,0.0,0.0001,0.9999
2024-05-24,XLU,-0.010225852317796009,11,0.0209728319049347,2,Bull,0.0,0.0001,0.9999
2024-05-24,XLV,-0.005811718163800288,7,-0.001075600643103,2,Bull,0.0,0.0001,0.9999
2024-05-24,XLY,-0.0008857323432220064,1,0.0063592676000749,2,Bull,0.0,0.0001,0.9999
2024-05-31,IYR,-0.0024483182721653897,8,-0.015359864033223,2,Bull,0.0,0.0002,0.9998
2024-05-31,VOX,-0.0009401668143988201,3,-0.0001344804254965,2,Bull,0.0,0.0002,0.9998
2024-05-31,XLB,-0.001614418623585094,6,-0.0316008607961915,2,Bull,0.0,0.0002,0.9998
2024-05-31,XLE,-0.004914467438728343,10,-0.0470326693065534,2,Bull,0.0,0.0002,0.9998
2024-05-31,XLF,-0.0017517549375149028,7,-0.0164331311680187,2,Bull,0.0,0.0002,0.9998
2024-05-31,XLI,-0.00023435858570996937,1,-0.0221444927642083,2,Bull,0.0,0.0002,0.9998
2024-05-31,XLK,-0.000785630631083767,2,0.0132943265386458,2,Bull,0.0,0.0002,0.9998
2024-05-31,XLP,-0.0029758998283473653,9,-0.0084530003515423,2,Bull,0.0,0.0002,0.9998
2024-05-31,XLU,-0.005619314623704917,11,-0.0508195584302756,2,Bull,0.0,0.0002,0.9998
2024-05-31,XLV,-0.0012143970896475338,4,0.0064071263077112,2,Bull,0.0,0.0002,0.9998
2024-05-31,XLY,-0.001299799927457491,5,-0.002986554163658,2,Bull,0.0,0.0002,0.9998
2024-06-07,IYR,-0.002569178681725829,11,-0.0027479752107204,2,Bull,0.0,0.0002,0.9998
2024-06-07,VOX,-0.0003615807264706918,3,-0.0188540651879591,2,Bull,0.0,0.0002,0.9998
2024-06-07,XLB,-0.0010507949688898194,4,-0.025443811886701,2,Bull,0.0,0.0002,0.9998
2024-06-07,XLE,-3.437836913855454e-05,2,-0.0380919173094219,2,Bull,0.0,0.0002,0.9998
2024-06-07,XLF,-0.0024896776836363242,10,-0.0364323805999758,2,Bull,0.0,0.0002,0.9998
2024-06-07,XLI,-0.0011347968955403446,6,-0.0260689909667252,2,Bull,0.0,0.0002,0.9998
2024-06-07,XLK,0.00018269859869011584,1,0.0395602956371778,2,Bull,0.0,0.0002,0.9998
2024-06-07,XLP,-0.0015057669187078407,7,-0.0255653080615768,2,Bull,0.0,0.0002,0.9998
2024-06-07,XLU,-0.0015869922172182128,8,-0.016422932724093,2,Bull,0.0,0.0002,0.9998
2024-06-07,XLV,-0.00111655408413506,5,-0.0201789188606781,2,Bull,0.0,0.0002,0.9998
2024-06-07,XLY,-0.002406123881021493,9,-0.0126517582958347,2,Bull,0.0,0.0002,0.9998
2024-06-14,IYR,-0.0033522185760678763,4,-0.0056197899585281,2,Bull,0.0,0.0002,0.9998
2024-06-14,VOX,-0.004923642469129482,6,7.509732857213791e-05,2,Bull,0.0,0.0002,0.9998
2024-06-14,XLB,-0.004833328808120452,5,0.0009935427689899,2,Bull,0.0,0.0002,0.9998
2024-06-14,XLE,-0.005928622504499904,8,0.0129991824173789,2,Bull,0.0,0.0002,0.9998
2024-06-14,XLF,-0.005837082536840556,7,0.0103044580545434,2,Bull,0.0,0.0002,0.9998
2024-06-14,XLI,-0.002983460999938217,2,0.0085990944824614,2,Bull,0.0,0.0002,0.9998
2024-06-14,XLK,-0.003233248161545531,3,-0.0031733397313438,2,Bull,0.0,0.0002,0.9998
2024-06-14,XLP,-0.008216601487580287,10,0.0029327774903753,2,Bull,0.0,0.0002,0.9998
2024-06-14,XLU,-0.01078832261584861,11,-0.0142876761651646,2,Bull,0.0,0.0002,0.9998
2024-06-14,XLV,-0.00788286075696262,9,-4.872792867272047e-05,2,Bull,0.0,0.0002,0.9998
2024-06-14,XLY,-0.0024400839350326104,1,0.0175766942806314,2,Bull,0.0,0.0002,0.9998
2024-06-21,IYR,-0.0031246332320002713,5,0.0075338735474991,2,Bull,0.0,0.0001,0.9999
2024-06-21,VOX,-0.0011431935931463836,2,0.0169116974328774,2,Bull,0.0,0.0001,0.9999
2024-06-21,XLB,-0.004698154644138179,7,-0.0096112562183159,2,Bull,0.0,0.0001,0.9999
2024-06-21,XLE,-0.0066422206395833445,10,0.0242874012374642,2,Bull,0.0,0.0001,0.9999
2024-06-21,XLF,-0.008526648703339364,11,-0.0008519786636305,2,Bull,0.0,0.0001,0.9999
2024-06-21,XLI,-0.003595380109151241,6,-0.0050079695169389,2,Bull,0.0,0.0001,0.9999
2024-06-21,XLK,0.0008694032843767588,1,-0.0072740062765064,2,Bull,0.0,0.0001,0.9999
2024-06-21,XLP,-0.004916636573677106,8,-0.0060571265772265,2,Bull,0.0,0.0001,0.9999
2024-06-21,XLU,-0.005340568003598635,9,-0.0095638931947907,2,Bull,0.0,0.0001,0.9999
2024-06-21,XLV,-0.0025412627662387737,3,-0.0027973834810304,2,Bull,0.0,0.0001,0.9999
2024-06-21,XLY,-0.002728026527970778,4,0.0015313757779747,2,Bull,0.0,0.0001,0.9999
2024-06-28,IYR,-0.003194125415369853,9,-0.0222241293582141,2,Bull,0.0,0.0001,0.9999
2024-06-28,VOX,-0.000773537951960234,2,0.0087838973000098,2,Bull,0.0,0.0001,0.9999
2024-06-28,XLB,-0.0053439778001846076,11,-0.0237894378825236,2,Bull,0.0,0.0001,0.9999
2024-06-28,XLE,-0.0025287676691386238,5,-0.0306662326212648,2,Bull,0.0,0.0001,0.9999
2024-06-28,XLF,-0.003146437804672514,8,-0.0086869776044069,2,Bull,0.0,0.0001,0.9999
2024-06-28,XLI,-0.002208865413846431,4,-0.024480306108924,2,Bull,0.0,0.0001,0.9999
2024-06-28,XLK,-0.0005763046613571301,1,0.0102480751998725,2,Bull,0.0,0.0001,0.9999
2024-06-28,XLP,-0.0030614374920843886,7,-0.0086998261808655,2,Bull,0.0,0.0001,0.9999
2024-06-28,XLU,-0.003730812139838268,10,-0.0131293922473927,2,Bull,0.0,0.0001,0.9999
2024-06-28,XLV,-0.0028786257660890465,6,-0.0283404417841046,2,Bull,0.0,0.0001,0.9999
2024-06-28,XLY,-0.0011538519639946966,3,0.0186823561741851,2,Bull,0.0,0.0001,0.9999
2024-07-05,IYR,0.001419548247312432,6,0.0380277506504713,2,Bull,0.0,0.0001,0.9999
2024-07-05,VOX,-0.0010320338276978234,10,-0.0306229696526321,2,Bull,0.0,0.0001,0.9999
2024-07-05,XLB,0.002043456372467959,3,0.0199331258884338,2,Bull,0.0,0.0001,0.9999
2024-07-05,XLE,0.0032259658997270293,1,-0.0049845220356028,2,Bull,0.0,0.0001,0.9999
2024-07-05,XLF,-0.0020437562302331085,11,0.0105754032358362,2,Bull,0.0,0.0001,0.9999
2024-07-05,XLI,0.0017849086357959463,4,0.0147723956766721,2,Bull,0.0,0.0001,0.9999
2024-07-05,XLK,-0.000716498619750964,9,-0.0056953820629859,2,Bull,0.0,0.0001,0.9999
2024-07-05,XLP,-0.0003102202932523731,8,-0.0087414580366682,2,Bull,0.0,0.0001,0.9999
2024-07-05,XLU,0.0007046464610430421,7,0.0298870697080102,2,Bull,0.0,0.0001,0.9999
2024-07-05,XLV,0.0031021020833251214,2,0.0170833306783901,2,Bull,0.0,0.0001,0.9999
2024-07-05,XLY,0.0014209770010707053,5,0.0019230827894278,2,Bull,0.0,0.0001,0.9999
2024-07-12,IYR,0.0016738672610569572,1,0.0335018310542102,2,Bull,0.0,0.0001,0.9999
2024-07-12,VOX,0.0011788494318258566,2,0.0020272781160955,2,Bull,0.0,0.0001,0.9999
2024-07-12,XLB,-0.003107577641446583,10,0.015333809312697,2,Bull,0.0,0.0001,0.9999
2024-07-12,XLE,-0.005427109035103019,11,0.0400808582134132,2,Bull,0.0,0.0001,0.9999
2024-07-12,XLF,-0.00019254574929365785,6,0.0307333268841286,2,Bull,0.0,0.0001,0.9999
2024-07-12,XLI,-0.0020975961137704884,9,0.0251996971014604,2,Bull,0.0,0.0001,0.9999
2024-07-12,XLK,-0.0004663254926357373,7,-0.0356604325980084,2,Bull,0.0,0.0001,0.9999
2024-07-12,XLP,0.00018434755467182772,5,0.0279066205937311,2,Bull,0.0,0.0001,0.9999
2024-07-12,XLU,-0.0015453463487348634,8,0.003785793245471,2,Bull,0.0,0.0001,0.9999
2024-07-12,XLV,0.00040645825005672083,4,0.0169453808659438,2,Bull,0.0,0.0001,0.9999
2024-07-12,XLY,0.0007521934920971385,3,0.0004253348620099,2,Bull,0.0,0.0001,0.9999
2024-07-19,IYR,0.001984855216236792,9,0.0139921570487613,2,Bull,0.0,0.0,1.0
2024-07-19,VOX,0.0013446579984828938,10,-0.0125710403399229,2,Bull,0.0,0.0,1.0
2024-07-19,XLB,0.005474768042681625,4,0.0218269361350325,2,Bull,0.0,0.0,1.0
2024-07-19,XLE,0.007067470998705014,1,0.0063392142022151,2,Bull,0.0,0.0,1.0
2024-07-19,XLF,0.0022955945115599166,8,0.0213569011698004,2,Bull,0.0,0.0,1.0
2024-07-19,XLI,0.003126841157171874,7,0.0197398525820893,2,Bull,0.0,0.0,1.0
2024-07-19,XLK,0.00530260873787535,5,-0.0124934338232511,2,Bull,0.0,0.0,1.0
2024-07-19,XLP,0.006063953263520709,2,0.0134102899461063,2,Bull,0.0,0.0,1.0
2024-07-19,XLU,0.005480164809702452,3,0.0231175491716839,2,Bull,0.0,0.0,1.0
2024-07-19,XLV,0.004290796256318845,6,0.0224220502378365,2,Bull,0.0,0.0,1.0
2024-07-19,XLY,-0.001181614701452414,11,-0.0193995212196995,2,Bull,0.0,0.0,1.0
2024-07-26,IYR,0.002578612477621928,5,0.0444195808514528,2,Bull,0.0,0.0,1.0
2024-07-26,VOX,0.0018111295723542374,9,0.0217938175656361,2,Bull,0.0,0.0,1.0
2024-07-26,XLB,0.003480585624188427,4,0.0070715267478562,2,Bull,0.0,0.0,1.0
2024-07-26,XLE,0.0017190615777952535,10,-0.0199147985977852,2,Bull,0.0,0.0,1.0
2024-07-26,XLF,0.0040281738100143155,1,-0.0099027928753966,2,Bull,0.0,0.0,1.0
2024-07-26,XLI,0.0023509283396621655,6,-0.0070699615553601,2,Bull,0.0,0.0,1.0
2024-07-26,XLK,0.001500538342616616,11,-0.032253310899161,2,Bull,0.0,0.0,1.0
2024-07-26,XLP,0.003814370914559904,2,0.0310061875397663,2,Bull,0.0,0.0,1.0
2024-07-26,XLU,0.0023256554289825316,7,0.0640511325938836,2,Bull,0.0,0.0,1.0
2024-07-26,XLV,0.0035179159658025767,3,0.0271977266547468,2,Bull,0.0,0.0,1.0
2024-07-26,XLY,0.0021112271266170387,8,-0.0141252150754462,2,Bull,0.0,0.0,1.0
2024-08-02,IYR,-0.005569582697682655,10,-0.0019469739839965,2,Bull,0.0,0.0001,0.9999
2024-08-02,VOX,-0.0009301504167987717,3,0.0103645999139085,2,Bull,0.0,0.0001,0.9999
2024-08-02,XLB,-0.00266390702501682,8,-0.0166061680757305,2,Bull,0.0,0.0001,0.9999
2024-08-02,XLE,-0.004052028503719688,9,0.0112565091199376,2,Bull,0.0,0.0001,0.9999
2024-08-02,XLF,-0.001640588884389037,7,0.0079147448945173,2,Bull,0.0,0.0001,0.9999
2024-08-02,XLI,-0.0010373332176470257,4,0.0124604149440443,2,Bull,0.0,0.0001,0.9999
2024-08-02,XLK,0.002084166306550282,1,0.0042762928262696,2,Bull,0.0,0.0001,0.9999
2024-08-02,XLP,-0.0014350922370412573,6,-0.0015568361632306,2,Bull,0.0,0.0001,0.9999
2024-08-02,XLU,-0.005584885668042356,11,-0.008387652725046,2,Bull,0.0,0.0001,0.9999
2024-08-02,XLV,-0.0011137070229324587,5,-0.0060023393782903,2,Bull,0.0,0.0001,0.9999
2024-08-02,XLY,0.0007405964035444969,2,-0.010500423669443,2,Bull,0.0,0.0001,0.9999
2024-08-09,IYR,-0.0021333533916465205,8,-0.03790492697632,2,Bull,0.0,0.0,1.0
2024-08-09,VOX,-0.0005102492423765097,3,-0.023367203912354,2,Bull,0.0,0.0,1.0
2024-08-09,XLB,-0.0020508279242566598,7,-0.0173039299721349,2,Bull,0.0,0.0,1.0
2024-08-09,XLE,-0.0033268591806998515,11,-0.0281449913581166,2,Bull,0.0,0.0,1.0
2024-08-09,XLF,-0.0014931802033662075,5,-0.0076890521503159,2,Bull,0.0,0.0,1.0
2024-08-09,XLI,-0.002711821971128366,9,-0.0183558778185162,2,Bull,0.0,0.0,1.0
2024-08-09,XLK,0.0009792316599805183,1,0.036690582690442,2,Bull,0.0,0.0,1.0
2024-08-09,XLP,-0.0011939760912416453,4,-0.0228177973715857,2,Bull,0.0,0.0,1.0
2024-08-09,XLU,-0.002746299715032957,10,-0.0287248822799395,2,Bull,0.0,0.0,1.0
2024-08-09,XLV,-0.0015150833401168615,6,-0.0207311910758596,2,Bull,0.0,0.0,1.0
2024-08-09,XLY,0.0009353813865682446,2,0.0104181494313349,2,Bull,0.0,0.0,1.0
2024-08-16,IYR,-0.002988258333030164,11,0.0224878845427138,2,Bull,0.0,0.0002,0.9998
2024-08-16,VOX,-0.000635905639931481,5,0.0030535767984158,2,Bull,0.0,0.0002,0.9998
2024-08-16,XLB,-0.0007069699258811541,6,0.0097413524261553,2,Bull,0.0,0.0002,0.9998
2024-08-16,XLE,0.0036637516839958355,1,-0.0149919552245226,2,Bull,0.0,0.0002,0.9998
2024-08-16,XLF,-0.0013560591935866202,8,0.0009709767626941,2,Bull,0.0,0.0002,0.9998
2024-08-16,XLI,-0.0011170892079946783,7,0.004085573017998,2,Bull,0.0,0.0002,0.9998
2024-08-16,XLK,0.002286586987715828,2,-0.002544916389513,2,Bull,0.0,0.0002,0.9998
2024-08-16,XLP,-9.315187010572161e-05,4,0.002411897195877,2,Bull,0.0,0.0002,0.9998
2024-08-16,XLU,-0.0014301186554994132,9,-0.0009428894092893,2,Bull,0.0,0.0002,0.9998
2024-08-16,XLV,-0.0017356250413576386,10,0.0027693808841997,2,Bull,0.0,0.0002,0.9998
2024-08-16,XLY,0.0011152443436757064,3,0.0117757599055159,2,Bull,0.0,0.0002,0.9998
2024-08-23,IYR,0.00011702228390474687,4,0.0011763068690682,2,Bull,0.0,0.0002,0.9998
2024-08-23,VOX,0.00018098132674576687,3,-0.0079046109124384,2,Bull,0.0,0.0002,0.9998
2024-08-23,XLB,-0.00019266590304852635,6,0.0139576213403342,2,Bull,0.0,0.0002,0.9998
2024-08-23,XLE,0.0022170407638813228,1,0.0070887630838707,2,Bull,0.0,0.0002,0.9998
2024-08-23,XLF,0.0005726316649399456,2,0.0267272774391196,2,Bull,0.0,0.0002,0.9998
2024-08-23,XLI,-0.00011160515814560002,5,0.0141052610006155,2,Bull,0.0,0.0002,0.9998
2024-08-23,XLK,-0.001316452891170965,11,-0.0189656181587107,2,Bull,0.0,0.0002,0.9998
2024-08-23,XLP,-0.0002953724809200602,8,0.0054293471807109,2,Bull,0.0,0.0002,0.9998
2024-08-23,XLU,-0.0007499148768021985,9,0.0087782792543396,2,Bull,0.0,0.0002,0.9998
2024-08-23,XLV,-0.0002761183290123435,7,0.0085002432323126,2,Bull,0.0,0.0002,0.9998
2024-08-23,XLY,-0.0012607945874425692,10,-0.0067495315798145,2,Bull,0.0,0.0002,0.9998
2024-08-30,IYR,-0.0019983901202852445,11,0.0400649095569458,2,Bull,0.0,0.0005,0.9995
2024-08-30,VOX,0.0005570961760519348,1,0.0026382976410245,2,Bull,0.0,0.0005,0.9995
2024-08-30,XLB,-0.00023209385105320464,2,-0.0051924707543994,2,Bull,0.0,0.0005,0.9995
2024-08-30,XLE,-0.0005461702292867622,4,-0.0163637299172402,2,Bull,0.0,0.0005,0.9995
2024-08-30,XLF,-0.00025705394883060033,3,0.0096698843915015,2,Bull,0.0,0.0005,0.9995
2024-08-30,XLI,-0.0006560725999876979,5,-0.0009995092157188,2,Bull,0.0,0.0005,0.9995
2024-08-30,XLK,-0.0006880360454794734,6,-0.0331084095464451,2,Bull,0.0,0.0005,0.9995
2024-08-30,XLP,-0.0006953712888534183,7,0.047188211379727,2,Bull,0.0,0.0005,0.9995
2024-08-30,XLU,-0.0016871927933933,10,0.0363896989100186,2,Bull,0.0,0.0005,0.9995
2024-08-30,XLV,-0.001308763083563855,9,0.0206966006381632,2,Bull,0.0,0.0005,0.9995
2024-08-30,XLY,-0.000706172898695144,8,0.0161461808424463,2,Bull,0.0,0.0005,0.9995
2024-09-06,IYR,-0.006091718211207387,10,-0.0024399347400234,2,Bull,0.0,0.0075,0.9925
2024-09-06,VOX,-0.0006468161760929468,1,-0.000968854687962,2,Bull,0.0,0.0075,0.9925
2024-09-06,XLB,-0.0040565402376346255,6,-0.0089163547656803,2,Bull,0.0,0.0075,0.9925
2024-09-06,XLE,-0.006154013684561584,11,-0.0449486934787262,2,Bull,0.0,0.0075,0.9925
2024-09-06,XLF,-0.0014534364448270335,2,-0.0350985548196325,2,Bull,0.0,0.0075,0.9925
2024-09-06,XLI,-0.0027722845051272966,4,-0.0028901404457761,2,Bull,0.0,0.0075,0.9925
2024-09-06,XLK,-0.004764346648767751,8,0.0409466633841764,2,Bull,0.0,0.0075,0.9925
2024-09-06,XLP,-0.0047242046405683025,7,-0.0287389239148336,2,Bull,0.0,0.0075,0.9925
2024-09-06,XLU,-0.0054990831447475266,9,-0.0054193074035993,2,Bull,0.0,0.0075,0.9925
2024-09-06,XLV,-0.0016147745768403086,3,-0.0257103268098333,2,Bull,0.0,0.0075,0.9925
2024-09-06,XLY,-0.0033904883376473915,5,0.0151976539596534,2,Bull,0.0,0.0075,0.9925
2024-09-13,IYR,-0.0044782827569497296,9,-0.0226395408291354,2,Bull,0.0,0.0098,0.9902
2024-09-13,VOX,-0.0011648484136165273,1,0.0150043573234524,2,Bull,0.0,0.0098,0.9902
2024-09-13,XLB,-0.004403959556545473,8,0.0006838040482992,2,Bull,0.0,0.0098,0.9902
2024-09-13,XLE,-0.002985456141141171,5,0.0228327077899974,2,Bull,0.0,0.0098,0.9902
2024-09-13,XLF,-0.0038578453236156004,6,0.0116324923437853,2,Bull,0.0,0.0098,0.9902
2024-09-13,XLI,-0.0021706388398379816,3,0.0057844914584936,2,Bull,0.0,0.0098,0.9902
2024-09-13,XLK,-0.001529106644962645,2,-0.0047234503006208,2,Bull,0.0,0.0098,0.9902
2024-09-13,XLP,-0.004162941766267828,7,-0.0246891649135528,2,Bull,0.0,0.0098,0.9902
2024-09-13,XLU,-0.004825748331693376,10,0.0054034079616689,2,Bull,0.0,0.0098,0.9902
2024-09-13,XLV,-0.0049262794282083616,11,-0.0198396709785764,2,Bull,0.0,0.0098,0.9902
2024-09-13,XLY,-0.002929531797069803,4,0.0076681720689868,2,Bull,0.0,0.0098,0.9902
2024-09-20,IYR,-0.0024721067663539555,10,-0.0097372333246402,2,Bull,0.0,0.0132,0.9868
2024-09-20,VOX,-0.0010992783557744463,7,0.0109665153601965,2,Bull,0.0,0.0132,0.9868
2024-09-20,XLB,0.002651929220317208,4,0.0292284579710069,2,Bull,0.0,0.0132,0.9868
2024-09-20,XLE,0.005558402051020921,1,-0.0152424702394093,2,Bull,0.0,0.0132,0.9868
2024-09-20,XLF,0.0009330954402285505,6,-0.0132497051652881,2,Bull,0.0,0.0132,0.9868
2024-09-20,XLI,0.0020945403234124108,5,0.0100097576366391,2,Bull,0.0,0.0132,0.9868
2024-09-20,XLK,-0.0016495970106071964,8,0.0076994527811573,2,Bull,0.0,0.0132,0.9868
2024-09-20,XLP,0.002924113089395259,3,-0.0007158522374588,2,Bull,0.0,0.0132,0.9868
2024-09-20,XLU,-0.0061068759959112704,11,0.0053842486332815,2,Bull,0.0,0.0132,0.9868
2024-09-20,XLV,0.0034664767993786635,2,-0.016545434388669,2,Bull,0.0,0.0132,0.9868
2024-09-20,XLY,-0.0017610332388338385,9,0.0175394281775636,2,Bull,0.0,0.0132,0.9868
2024-09-27,IYR,-0.00039350437946953157,8,-0.0203387419355554,2,Bull,0.0,0.0138,0.9862
2024-09-27,VOX,0.0004417705632033546,6,0.0086753533298102,2,Bull,0.0,0.0138,0.9862
2024-09-27,XLB,0.0013428034216509687,4,-0.0206980767540729,2,Bull,0.0,0.0138,0.9862
2024-09-27,XLE,0.0014060473745949845,3,0.0660583919176807,2,Bull,0.0,0.0138,0.9862
2024-09-27,XLF,0.00025176168961573515,7,0.0084320745490702,2,Bull,0.0,0.0138,0.9862
2024-09-27,XLI,0.0014187921615244608,2,0.0024012513374174,2,Bull,0.0,0.0138,0.9862
2024-09-27,XLK,-0.0023356425541941287,10,-0.0017982472353514,2,Bull,0.0,0.0138,0.9862
2024-09-27,XLP,0.0009340431401593599,5,-0.021312186183568,2,Bull,0.0,0.0138,0.9862
2024-09-27,XLU,-0.0029486467054587254,11,0.0084247715713088,2,Bull,0.0,0.0138,0.9862
2024-09-27,XLV,0.002290375945549756,1,-0.0116607392428771,2,Bull,0.0,0.0138,0.9862
2024-09-27,XLY,-0.0009453682708751051,9,-0.0159363403970991,2,Bull,0.0,0.0138,0.9862
2024-10-04,IYR,0.0007414952363144044,6,-0.0140349316620915,2,Bull,0.0,0.0248,0.9752
2024-10-04,VOX,0.0006947126068418656,7,-0.016159157092352,2,Bull,0.0,0.0248,0.9752
2024-10-04,XLB,0.003412233251467408,3,-0.0039536963897981,2,Bull,0.0,0.0248,0.9752
2024-10-04,XLE,-0.0014844613762237096,10,-0.0154899982301771,2,Bull,0.0,0.0248,0.9752
2024-10-04,XLF,0.0030584282821827426,4,0.0073200434360476,2,Bull,0.0,0.0248,0.9752
2024-10-04,XLI,0.0027997848347209816,5,0.0099555388581784,2,Bull,0.0,0.0248,0.9752
2024-10-04,XLK,-0.002167521021315589,11,0.012982894781649,2,Bull,0.0,0.0248,0.9752
2024-10-04,XLP,0.004366330373856726,1,-0.0094324168395125,2,Bull,0.0,0.0248,0.9752
2024-10-04,XLU,-0.00038483989145273324,9,-0.0368539959086934,2,Bull,0.0,0.0248,0.9752
2024-10-04,XLV,0.003873378334943524,2,0.0033189492955068,2,Bull,0.0,0.0248,0.9752
2024-10-04,XLY,-0.00015027859291610234,8,-0.0195423731359571,2,Bull,0.0,0.0248,0.9752
2024-10-11,IYR,0.00019267756596663734,9,0.0199099310599222,2,Bull,0.0,0.0233,0.9767
2024-10-11,VOX,0.000510734756180516,8,0.0004050418767311,2,Bull,0.0,0.0233,0.9767
2024-10-11,XLB,0.001877972260214902,3,0.0095016856128102,2,Bull,0.0,0.0233,0.9767
2024-10-11,XLE,0.0029652228016589424,1,-0.0352575048871401,2,Bull,0.0,0.0233,0.9767
2024-10-11,XLF,0.0013212454922864132,7,0.0152216094030612,2,Bull,0.0,0.0233,0.9767
2024-10-11,XLI,0.0017793795076332017,4,-0.0025033984953037,2,Bull,0.0,0.0233,0.9767
2024-10-11,XLK,-0.0012974451335069684,11,-0.008210740822057,2,Bull,0.0,0.0233,0.9767
2024-10-11,XLP,0.0016472859215924723,5,-0.0012948135951913,2,Bull,0.0,0.0233,0.9767
2024-10-11,XLU,0.0028483846774329125,2,0.0254251856284777,2,Bull,0.0,0.0233,0.9767
2024-10-11,XLV,0.0015579130996050774,6,-0.0135826692383007,2,Bull,0.0,0.0233,0.9767
2024-10-11,XLY,-0.0007197882391796331,10,0.0062607347798142,2,Bull,0.0,0.0233,0.9767
2024-10-18,IYR,0.0018593667098297686,4,-0.007575039522682,2,Bull,0.0,0.0108,0.9892
2024-10-18,VOX,-0.00026253513001970084,10,0.0033793238623252,2,Bull,0.0,0.0108,0.9892
2024-10-18,XLB,0.0013566896819383616,8,-0.0280971020324473,2,Bull,0.0,0.0108,0.9892
2024-10-18,XLE,0.002277850958359358,3,0.0031843289056595,2,Bull,0.0,0.0108,0.9892
2024-10-18,XLF,0.002295504741456124,2,-0.0112957354457244,2,Bull,0.0,0.0108,0.9892
2024-10-18,XLI,0.0016145191671023246,6,-0.0182939303885659,2,Bull,0.0,0.0108,0.9892
2024-10-18,XLK,0.0014974409721988295,7,0.0068086122782589,2,Bull,0.0,0.0108,0.9892
2024-10-18,XLP,0.0016284385889755392,5,-0.0048544040972146,2,Bull,0.0,0.0108,0.9892
2024-10-18,XLU,0.0008483733315687319,9,-0.0096642615838735,2,Bull,0.0,0.0108,0.9892
2024-10-18,XLV,0.0035639229580471067,1,-0.0201543129312347,2,Bull,0.0,0.0108,0.9892
2024-10-18,XLY,-0.000926273041784713,11,0.0160096675275758,2,Bull,0.0,0.0108,0.9892
2024-10-25,IYR,0.000500266113448285,7,-0.0161240825606263,2,Bull,0.0,0.0082,0.9918
2024-10-25,VOX,0.0004354400871761311,9,0.0298115716629859,2,Bull,0.0,0.0082,0.9918
2024-10-25,XLB,0.0037088104150110983,1,0.0049824235606492,2,Bull,0.0,0.0082,0.9918
2024-10-25,XLE,0.0018031502311731595,2,-0.0055668470739463,2,Bull,0.0,0.0082,0.9918
2024-10-25,XLF,0.0004426364636516437,8,0.0140304584179219,2,Bull,0.0,0.0082,0.9918
2024-10-25,XLI,0.0013137708003592668,4,0.0035501252154995,2,Bull,0.0,0.0082,0.9918
2024-10-25,XLK,0.0006818414802298381,5,-0.0138880226099256,2,Bull,0.0,0.0082,0.9918
2024-10-25,XLP,0.0006412843596600382,6,0.0025897590037039,2,Bull,0.0,0.0082,0.9918
2024-10-25,XLU,6.576885859363565e-05,10,-0.0141759427532821,2,Bull,0.0,0.0082,0.9918
2024-10-25,XLV,0.0014066252046760698,3,0.008095683516399,2,Bull,0.0,0.0082,0.9918
2024-10-25,XLY,-0.0014679750880884218,11,0.0102306336147081,2,Bull,0.0,0.0082,0.9918
2024-11-01,IYR,-0.006069698926359132,11,-0.0198699627320599,2,Bull,0.0,0.0055,0.9945
2024-11-01,VOX,-0.00504228540762699,6,-0.0104056140976731,2,Bull,0.0,0.0055,0.9945
2024-11-01,XLB,-0.0029821237209565134,4,-0.0331563290694196,2,Bull,0.0,0.0055,0.9945
2024-11-01,XLE,-0.004219017937085647,5,0.0174329883263006,2,Bull,0.0,0.0055,0.9945
2024-11-01,XLF,-0.005350535644163962,7,0.0071292050502511,2,Bull,0.0,0.0055,0.9945
2024-11-01,XLI,-0.002027274612661028,3,0.0127489577790336,2,Bull,0.0,0.0055,0.9945
2024-11-01,XLK,-0.0017794680914341233,2,0.0116306195223123,2,Bull,0.0,0.0055,0.9945
2024-11-01,XLP,-0.005355827979755402,8,-0.0391856400210119,2,Bull,0.0,0.0055,0.9945
2024-11-01,XLU,-0.006020946595653373,10,-0.0341056390664169,2,Bull,0.0,0.0055,0.9945
2024-11-01,XLV,-0.005992111436025658,9,-0.0310295185956552,2,Bull,0.0,0.0055,0.9945
2024-11-01,XLY,-0.00030341411288198854,1,0.0275713205827912,2,Bull,0.0,0.0055,0.9945
2024-11-08,IYR,-0.005479011731933589,8,-0.000126961327002,2,Bull,0.0,0.0665,0.9335
2024-11-08,VOX,-0.0029879144132861344,5,-0.0006765253133077,2,Bull,0.0,0.0665,0.9335
2024-11-08,XLB,-0.005896624951579033,9,-0.0129712583052779,2,Bull,0.0,0.0665,0.9335
2024-11-08,XLE,-0.002931285122765589,4,0.0312494763399091,2,Bull,0.0,0.0665,0.9335
2024-11-08,XLF,-0.0035253063649446736,6,0.0346200415775861,2,Bull,0.0,0.0665,0.9335
2024-11-08,XLI,-0.0010699798945160261,3,-0.0001762781153017,2,Bull,0.0,0.0665,0.9335
2024-11-08,XLK,-0.0005317221754187865,2,-0.0148339088401802,2,Bull,0.0,0.0665,0.9335
2024-11-08,XLP,-0.0077711140585355,11,0.0101552576462762,2,Bull,0.0,0.0665,0.9335
2024-11-08,XLU,-0.0069328317910598595,10,0.0216801061222939,2,Bull,0.0,0.0665,0.9335
2024-11-08,XLV,-0.0040402631040920515,7,-0.0347371937977357,2,Bull,0.0,0.0665,0.9335
2024-11-08,XLY,-2.4668832604938477e-05,1,0.0129865865066106,2,Bull,0.0,0.0665,0.9335
2024-11-15,IYR,-0.007037405998283448,11,0.0095136223246778,2,Bull,0.0,0.0391,0.9609
2024-11-15,VOX,-0.001646589324588094,2,-0.0021436541738912,2,Bull,0.0,0.0391,0.9609
2024-11-15,XLB,-0.0028203664644417875,6,0.0141220342496022,2,Bull,0.0,0.0391,0.9609
2024-11-15,XLE,-0.004074525083125339,7,0.0101505552968417,2,Bull,0.0,0.0391,0.9609
2024-11-15,XLF,-0.004236515844718916,9,0.0005824568666772,2,Bull,0.0,0.0391,0.9609
2024-11-15,XLI,-0.002494993492923241,5,0.008785066225174,2,Bull,0.0,0.0391,0.9609
2024-11-15,XLK,-0.002362131610260007,4,0.0047183768665521,2,Bull,0.0,0.0391,0.9609
2024-11-15,XLP,-0.004086273967408643,8,0.0068492591728748,2,Bull,0.0,0.0391,0.9609
2024-11-15,XLU,-0.005992768197293285,10,0.0110977873033135,2,Bull,0.0,0.0391,0.9609
2024-11-15,XLV,-0.0020607064682124396,3,-0.0003057670124384,2,Bull,0.0,0.0391,0.9609
2024-11-15,XLY,-0.0008279175090550054,1,0.0051703862350074,2,Bull,0.0,0.0391,0.9609
2024-11-22,IYR,-0.002025320699495533,11,0.0076080517911234,2,Bull,0.0,0.0291,0.9709
2024-11-22,VOX,-0.00046324957374918813,2,0.0045147749505694,2,Bull,0.0,0.0291,0.9709
2024-11-22,XLB,-0.0007810690898619594,5,-0.0044885384441177,2,Bull,0.0,0.0291,0.9709
2024-11-22,XLE,-0.0015623122513025443,10,-0.0297102971664733,2,Bull,0.0,0.0291,0.9709
2024-11-22,XLF,-0.0010114208919959284,7,0.0002025957508986,2,Bull,0.0,0.0291,0.9709
2024-11-22,XLI,-0.0005369178936110488,3,-0.0024283781394933,2,Bull,0.0,0.0291,0.9709
2024-11-22,XLK,0.001850280871994775,1,-0.0112654005387291,2,Bull,0.0,0.0291,0.9709
2024-11-22,XLP,-0.001534484266986609,9,0.0050402408682492,2,Bull,0.0,0.0291,0.9709
2024-11-22,XLU,-0.0014449403629556027,8,0.0063488242563121,2,Bull,0.0,0.0291,0.9709
2024-11-22,XLV,-0.0009278785042767084,6,0.0107223556100508,2,Bull,0.0,0.0291,0.9709
2024-11-22,XLY,-0.0006439876523232982,4,0.0074352918986284,2,Bull,0.0,0.0291,0.9709
2024-11-29,IYR,-0.0030590997449922185,10,-0.0343378954017435,2,Bull,0.0,0.0249,0.9751
2024-11-29,VOX,-0.0014092339502164391,4,0.0274692896860511,2,Bull,0.0,0.0249,0.9751
2024-11-29,XLB,-0.0010413658189015428,3,-0.0390101372886044,2,Bull,0.0,0.0249,0.9751
2024-11-29,XLE,-0.002096022307748567,8,-0.0559396866966802,2,Bull,0.0,0.0249,0.9751
2024-11-29,XLF,-0.001483999019479623,6,-0.0270387282758604,2,Bull,0.0,0.0249,0.9751
2024-11-29,XLI,-0.0009392428955159239,2,-0.0325507129127977,2,Bull,0.0,0.0249,0.9751
2024-11-29,XLK,0.0009994035057177262,1,0.021690242691587,2,Bull,0.0,0.0249,0.9751
2024-11-29,XLP,-0.0027321039997158228,9,-0.0188231735178657,2,Bull,0.0,0.0249,0.9751
2024-11-29,XLU,-0.004463163450828015,11,-0.0477985927291945,2,Bull,0.0,0.0249,0.9751
2024-11-29,XLV,-0.0014185938728720226,5,-0.0299628074494719,2,Bull,0.0,0.0249,0.9751
2024-11-29,XLY,-0.0018983568541033652,7,0.0385040490312391,2,Bull,0.0,0.0249,0.9751
2024-12-06,IYR,0.0005587530848831989,5,-0.0149419310282662,2,Bull,0.0,0.0065,0.9935
2024-12-06,VOX,0.0009956439996165274,4,0.0070396903371567,2,Bull,0.0,0.0065,0.9935
2024-12-06,XLB,-8.950664021428796e-05,8,-0.0232361589641412,2,Bull,0.0,0.0065,0.9935
2024-12-06,XLE,0.0001394133303934428,6,-0.0138530969729344,2,Bull,0.0,0.0065,0.9935
2024-12-06,XLF,6.22646330387343e-05,7,-0.0111407191597613,2,Bull,0.0,0.0065,0.9935
2024-12-06,XLI,-0.0004290514671475398,9,-0.0163451790850472,2,Bull,0.0,0.0065,0.9935
2024-12-06,XLK,-0.0014473694838981533,10,-0.0015095874061651,2,Bull,0.0,0.0065,0.9935
2024-12-06,XLP,0.0032144478114801375,1,0.0017956726969804,2,Bull,0.0,0.0065,0.9935
2024-12-06,XLU,0.0014626439882862402,2,-0.019801861729345,2,Bull,0.0,0.0065,0.9935
2024-12-06,XLV,0.0014548297061892969,3,-0.0168800865988136,2,Bull,0.0,0.0065,0.9935
2024-12-06,XLY,-0.004832571368955461,11,0.0174777619723309,2,Bull,0.0,0.0065,0.9935
2024-12-13,IYR,0.0007043437452089435,5,-0.0273313776067454,2,Bull,0.0,0.0007,0.9993
2024-12-13,VOX,-0.000387137732313585,8,-0.0101445398808819,2,Bull,0.0,0.0007,0.9993
2024-12-13,XLB,0.0014051733138172816,2,-0.0225833910230971,2,Bull,0.0,0.0007,0.9993
2024-12-13,XLE,0.0009040391054906882,4,-0.0386157465297987,2,Bull,0.0,0.0007,0.9993
2024-12-13,XLF,0.0011492055463972837,3,-0.0024692634741945,2,Bull,0.0,0.0007,0.9993
2024-12-13,XLI,0.0006242566164181834,6,-0.0079456431710528,2,Bull,0.0,0.0007,0.9993
2024-12-13,XLK,-0.0005688773002543552,9,0.0053961315469148,2,Bull,0.0,0.0007,0.9993
2024-12-13,XLP,-0.00023274092921956633,7,-0.0072750412480401,2,Bull,0.0,0.0007,0.9993
2024-12-13,XLU,-0.0007757753909486784,10,0.0027373271566519,2,Bull,0.0,0.0007,0.9993
2024-12-13,XLV,0.0017990137917627965,1,-0.002885014915984,2,Bull,0.0,0.0007,0.9993
2024-12-13,XLY,-0.007948745565770805,11,-0.0096195049909052,2,Bull,0.0,0.0007,0.9993
2024-12-20,IYR,-0.008543346761820668,9,-0.0034991136148614,2,Bull,0.0,0.0012,0.9988
2024-12-20,VOX,-0.004443926875417296,3,-0.0001957759149489,2,Bull,0.0,0.0012,0.9988
2024-12-20,XLB,-0.011651768853040034,10,-0.0088316702885535,2,Bull,0.0,0.0012,0.9988
2024-12-20,XLE,-0.01676621512782347,11,0.0068932128385179,2,Bull,0.0,0.0012,0.9988
2024-12-20,XLF,-0.005277085734331073,4,0.0027036549399068,2,Bull,0.0,0.0012,0.9988
2024-12-20,XLI,-0.005567621636683073,5,-0.0057035512532082,2,Bull,0.0,0.0012,0.9988
2024-12-20,XLK,-0.0014580988774047599,2,0.0016036330508704,2,Bull,0.0,0.0012,0.9988
2024-12-20,XLP,-0.0059090238128062635,6,-0.0070086968340229,2,Bull,0.0,0.0012,0.9988
2024-12-20,XLU,-0.006018645003545733,7,-0.0028621097114309,2,Bull,0.0,0.0012,0.9988
2024-12-20,XLV,-0.008080509126023365,8,0.0049133035241646,2,Bull,0.0,0.0012,0.9988
2024-12-20,XLY,0.004174732725983935,1,-0.0010018408497591,2,Bull,0.0,0.0012,0.9988
2024-12-27,IYR,-0.006779981498237995,10,0.0072032479728119,2,Bull,0.0,0.0012,0.9988
2024-12-27,VOX,-0.0034808093676144316,4,0.0023836839146903,2,Bull,0.0,0.0012,0.9988
2024-12-27,XLB,-0.005547190021607805,7,-0.002009743468614,2,Bull,0.0,0.0012,0.9988
2024-12-27,XLE,-0.010103147247243077,11,0.0112933607245703,2,Bull,0.0,0.0012,0.9988
2024-12-27,XLF,-0.0030241003174131644,3,0.0017706573632163,2,Bull,0.0,0.0012,0.9988
2024-12-27,XLI,-0.0047254928926662755,5,0.0013562051772287,2,Bull,0.0,0.0012,0.9988
2024-12-27,XLK,-0.0009471667289274243,2,-0.0013047705042811,2,Bull,0.0,0.0012,0.9988
2024-12-27,XLP,-0.005705761102201333,8,-0.0003160375064812,2,Bull,0.0,0.0012,0.9988
2024-12-27,XLU,-0.006234397739467139,9,0.0072055210124785,2,Bull,0.0,0.0012,0.9988
2024-12-27,XLV,-0.005526281593682315,6,-0.0008950199896691,2,Bull,0.0,0.0012,0.9988
2024-12-27,XLY,-0.0007358963582209338,1,-0.0046499687392539,2,Bull,0.0,0.0012,0.9988
