date,etf,predicted_return,rank,target
2023-01-06,IYR,0.0007346136453388657,6,0.0172283891477806
2023-01-06,VOX,0.00223522703434083,4,0.0143475590381456
2023-01-06,XLB,0.0028903184540991817,3,0.0157029368930814
2023-01-06,XLE,0.006065057440715397,1,0.0004455189957508
2023-01-06,XLF,0.0030412300225224295,2,-0.0059346196634153
2023-01-06,XLI,0.0014188389320609794,5,-0.0114900095504038
2023-01-06,XLK,0.0007114588445572091,7,0.0193297369075671
2023-01-06,XLP,-0.0015015732663186073,9,-0.0405740935369293
2023-01-06,XLU,-0.004838249482083069,10,-0.0222023441019119
2023-01-06,XLV,-0.004966136461545936,11,-0.0284720402670636
2023-01-06,XLY,-0.00031214784916827544,8,0.0309222340525519
2023-01-13,IYR,-0.001218439710899415,4,0.0005754241488791
2023-01-13,VOX,-0.004703875562932194,10,0.0237392458079387
2023-01-13,XLB,-0.003394528797084491,8,-0.0054794376829057
2023-01-13,XLE,0.005510626712302889,1,0.0124667214238588
2023-01-13,XLF,-0.0027211571317272776,7,-0.0147431836999333
2023-01-13,XLI,-0.001928923159832134,5,-0.0272921789460707
2023-01-13,XLK,-0.0005377946057794816,3,0.0130885016287422
2023-01-13,XLP,-0.0025768278558599305,6,-0.0217901676043754
2023-01-13,XLU,-0.004881640732917074,11,-0.0228658902188508
2023-01-13,XLV,-0.0042265825368097264,9,-0.004794437477578
2023-01-13,XLY,-0.0004768502656008403,2,0.001420726247006
2023-01-20,IYR,-0.004691969217527474,10,0.0024049117625852
2023-01-20,VOX,-0.002165252779454314,5,0.0132682453826018
2023-01-20,XLB,-0.006460370279959623,11,-0.0172647802839369
2023-01-20,XLE,0.006307385864505885,1,-0.0164657032645114
2023-01-20,XLF,-0.0039669409338326305,9,0.0007047842559715
2023-01-20,XLI,-0.0037621287567338245,7,-0.0030354482042949
2023-01-20,XLK,0.0005559020733963871,3,0.0160552666567017
2023-01-20,XLP,-0.0015085373799744123,4,-0.0214501469272985
2023-01-20,XLU,-0.0038370558739515195,8,-0.0296661201966301
2023-01-20,XLV,-0.002978886467950556,6,-0.0325961220782848
2023-01-20,XLY,0.001143254065477776,2,0.0393550021770738
2023-01-27,IYR,0.00019745699191879126,5,-0.001098893328693
2023-01-27,VOX,0.001097641488383818,2,0.0303229111855483
2023-01-27,XLB,-0.007022523617167244,11,-0.0163218992995706
2023-01-27,XLE,0.004834572385071122,1,-0.0742076882655196
2023-01-27,XLF,-0.001189453033657052,6,-0.0070622989197923
2023-01-27,XLI,-0.004526664818904292,9,0.0004655117766636
2023-01-27,XLK,0.00025019306780381184,3,0.0206467662742775
2023-01-27,XLP,-0.003478793114803741,7,-0.0090300829690435
2023-01-27,XLU,-0.004582669457403704,10,-0.0306669420561054
2023-01-27,XLV,-0.004080507195686944,8,-0.0177213231547914
2023-01-27,XLY,0.0002153003465506469,4,0.0069540023031386
2023-02-03,IYR,-0.0003447543912558663,7,-0.0099097683089515
2023-02-03,VOX,-0.005038403544550353,11,-0.0473331321269884
2023-02-03,XLB,-0.0012834866285836122,9,-0.0060923895680549
2023-02-03,XLE,0.008867690363820383,2,0.0598939075912836
2023-02-03,XLF,-0.0007071552318226973,8,0.007719523353487
2023-02-03,XLI,0.00021828949639809758,6,0.003548999892172
2023-02-03,XLK,0.000335489758755675,5,0.0006479465205112
2023-02-03,XLP,0.0018784448388791792,3,0.0045938688674366
2023-02-03,XLU,0.00887044452008619,1,0.0075069118323979
2023-02-03,XLV,0.000872355756306945,4,0.0089454032305572
2023-02-03,XLY,-0.0016963280025567168,10,-0.0106906507352507
2023-02-10,IYR,0.0017926821266786614,3,-0.0062929834089715
2023-02-10,VOX,0.0016157023672078543,5,0.0118656206694034
2023-02-10,XLB,0.00039773978538854395,8,-0.0069874788943089
2023-02-10,XLE,-0.0023152568725414435,11,-0.0614958892001887
2023-02-10,XLF,-0.00046852795439687023,10,-0.0008289143670634
2023-02-10,XLI,0.0006878138106698725,7,0.0106252642549919
2023-02-10,XLK,4.129010811338827e-06,9,-0.0020774717053014
2023-02-10,XLP,0.0011244135031066864,6,0.0116419027696241
2023-02-10,XLU,0.0033528507105431283,1,0.0132839137240612
2023-02-10,XLV,0.0019764799827790753,2,-0.001862411387824
2023-02-10,XLY,0.001641928915904906,4,0.0182467835930855
2023-02-17,IYR,0.0015446562336883548,5,-0.0138765137574911
2023-02-17,VOX,-0.0017140642144847533,11,-0.0130263429055375
2023-02-17,XLB,0.001120994664302244,6,0.025362010061241
2023-02-17,XLE,0.012357894701480313,1,0.0287269454394668
2023-02-17,XLF,0.0005809237058992626,7,0.0066544353985285
2023-02-17,XLI,2.484455471697118e-05,9,0.0003148131489315
2023-02-17,XLK,-9.435508306714587e-05,10,3.755936789051617e-05
2023-02-17,XLP,0.0023996583286120636,4,0.0135499799615382
2023-02-17,XLU,0.0027557401769889283,3,-0.0005924154176598
2023-02-17,XLV,0.002886723037703527,2,0.0003493481683436
2023-02-17,XLY,0.00042918914016909266,8,-0.0178493114489732
2023-02-24,IYR,-0.0005993498322436342,8,-0.0042973783886248
2023-02-24,VOX,-0.0025465679542494664,11,0.0041349747353183
2023-02-24,XLB,0.0007310978057355079,5,0.0222969556212764
2023-02-24,XLE,0.006761521043176298,1,0.0110078653385552
2023-02-24,XLF,-0.001118914127338231,10,-0.0104490482051788
2023-02-24,XLI,0.00042663562268020793,6,0.0137928875471946
2023-02-24,XLK,0.0003712790054010729,7,0.0100566570683093
2023-02-24,XLP,0.000806051494052738,4,-0.0220417135313306
2023-02-24,XLU,0.0011941748916075487,2,-0.0251077760693992
2023-02-24,XLV,0.0009551366269254401,3,-0.0145676290568044
2023-02-24,XLY,-0.0009520830698318028,9,-0.0026724725694913
2023-03-03,IYR,0.00047074532479593267,5,-0.0251993992066135
2023-03-03,VOX,-0.0031975356916605292,11,-0.0072690386136065
2023-03-03,XLB,0.0013648553796119297,2,-0.0306601815620582
2023-03-03,XLE,0.0034430635726147314,1,-0.0078334003361163
2023-03-03,XLF,-0.0008603827339110596,9,-0.0397974843825517
2023-03-03,XLI,0.0007404426380290729,3,0.000179635235078
2023-03-03,XLK,0.00040386770087253614,7,0.0140430833018432
2023-03-03,XLP,-0.0007600862783497999,8,0.0255132528546337
2023-03-03,XLU,0.0004360064208110145,6,0.0176036981397607
2023-03-03,XLV,-0.001073621262870147,10,0.0063629265535675
2023-03-03,XLY,0.0006898893823853302,4,-0.0102043068246027
2023-03-10,IYR,0.001580930115171048,4,-0.0149165749369809
2023-03-10,VOX,-0.0026902298347514383,8,0.0324421832004957
2023-03-10,XLB,0.0020912110243330078,3,-0.0485812749436026
2023-03-10,XLE,-0.002957632692163698,10,-0.0829274197287412
2023-03-10,XLF,-0.0008794800744381119,5,-0.0736458474843574
2023-03-10,XLI,-0.0040694427281210525,11,-0.0379644394268426
2023-03-10,XLK,0.002172840039524344,2,0.042210818398704
2023-03-10,XLP,-0.0029302563679939764,9,-0.0003664664665905
2023-03-10,XLU,-0.0011038665993291703,7,0.0251545926203251
2023-03-10,XLV,-0.000999940822682384,6,-0.0006556404057902
2023-03-10,XLY,0.00297571016374446,1,0.0082914075858961
2023-03-17,IYR,-0.0007591353445285515,6,-0.0258654515705358
2023-03-17,VOX,0.0007879715727833048,4,0.0135278438103465
2023-03-17,XLB,-0.001595862258698108,7,0.0068708471294416
2023-03-17,XLE,-0.00840083095139526,10,0.0077443755518495
2023-03-17,XLF,0.004577799760099149,1,-0.0094820803785891
2023-03-17,XLI,-0.007707237124194224,9,-0.0081743064803643
2023-03-17,XLK,-0.006156549606892621,8,0.0049025871069607
2023-03-17,XLP,-0.009792306849046875,11,0.0020210663441628
2023-03-17,XLU,0.00016147822704691973,5,-0.0266528931339576
2023-03-17,XLV,0.0014656431703993843,3,0.0006168429032404
2023-03-17,XLY,0.00305444278827125,2,-0.0100146741962043
2023-03-24,IYR,-0.00019519678673458088,2,0.0177089351686183
2023-03-24,VOX,-0.008207771468066755,10,-0.0095509831784341
2023-03-24,XLB,-0.0008048161387079407,3,0.0156573238813613
2023-03-24,XLE,-0.006393280288013114,7,0.0289563889651591
2023-03-24,XLF,-0.0010399083965579202,4,0.0029650776028598
2023-03-24,XLI,-0.0067873548019832,9,0.0095953866004767
2023-03-24,XLK,-0.008896053902585733,11,0.0001320135456057
2023-03-24,XLP,-0.006767852968704386,8,-0.0106205597103494
2023-03-24,XLU,-0.0035489732832356792,6,-0.0040202060694154
2023-03-24,XLV,-0.0028961697438938012,5,-0.0174984688995094
2023-03-24,XLY,0.0032305199768868646,1,0.0217562018541892
2023-03-31,IYR,0.0016540344839518757,3,-0.0075207772610292
2023-03-31,VOX,0.0017786329305426044,2,0.014867681172603
2023-03-31,XLB,0.0008784594290937246,4,-0.0122807442281109
2023-03-31,XLE,-0.0021995949303167937,9,0.026445310684985
2023-03-31,XLF,0.0006284191931830262,5,-0.0044878383811669
2023-03-31,XLI,-0.0028589049568844937,10,-0.0332137236468059
2023-03-31,XLK,-0.007545492724568011,11,-0.0123578102845293
2023-03-31,XLP,-0.0007486451055737088,7,0.0091888450293114
2023-03-31,XLU,-8.874510116296011e-05,6,0.0318078986375686
2023-03-31,XLV,0.0020177575665143808,1,0.0318497645236867
2023-03-31,XLY,-0.0016772324650367507,8,-0.0303392142633768
2023-04-07,IYR,0.012570507010515042,1,-0.0217648495191503
2023-04-07,VOX,0.006803235390874985,3,-0.0028927818669577
2023-04-07,XLB,0.003038271079422909,6,0.0083338892757391
2023-04-07,XLE,-0.0001546858414140048,10,0.0184854645192305
2023-04-07,XLF,0.006720574196703243,4,0.0198297846995776
2023-04-07,XLI,0.0019932698378395328,8,0.0130786053582561
2023-04-07,XLK,-0.0076974601424689365,11,-0.0108092273256154
2023-04-07,XLP,0.0019646883846105895,9,-0.0103800506704976
2023-04-07,XLU,0.0022576651979980904,7,-0.0211701388771369
2023-04-07,XLV,0.0030495625611146847,5,-0.0001276782739061
2023-04-07,XLY,0.008528196651596221,2,0.005601197984024
2023-04-14,IYR,0.002342739947385812,4,0.0170040806652727
2023-04-14,VOX,0.0002316225203072155,6,-0.0246334570755017
2023-04-14,XLB,3.768334388169509e-05,7,-0.0022117773536696
2023-04-14,XLE,-6.907115434357335e-05,9,-0.0251637165000535
2023-04-14,XLF,-0.00047379685921016115,11,0.0109708999929556
2023-04-14,XLI,0.0005627012343265113,5,0.0084436306713797
2023-04-14,XLK,-7.984434336571984e-05,10,-0.0053568866941168
2023-04-14,XLP,0.0038187334943787505,1,0.0191191935997776
2023-04-14,XLU,0.0023620948902755945,3,0.0112268693891035
2023-04-14,XLV,0.0032481985204484386,2,-0.0013760243542304
2023-04-14,XLY,1.5387189038386365e-05,8,0.0038297567712
2023-04-21,IYR,-0.0013446526053931332,9,0.0058763481474692
2023-04-21,VOX,-0.00209381948048854,11,0.0205130537949542
2023-04-21,XLB,0.0010945721089788477,1,-0.010907545994551
2023-04-21,XLE,-0.0019249637416143138,10,-0.0072837900001732
2023-04-21,XLF,0.00018244188912389645,5,-0.0105539723563429
2023-04-21,XLI,-0.0011846574968068983,8,-0.0151120293727642
2023-04-21,XLK,0.0010251106507189246,2,0.0117283467315567
2023-04-21,XLP,0.0004986389751028984,4,0.0023133179869263
2023-04-21,XLU,-0.00010803485145848011,6,-0.0182414411729293
2023-04-21,XLV,0.000972770197988625,3,-0.0147823320627681
2023-04-21,XLY,-0.0007879919023025446,7,-0.0057238434201858
2023-04-28,IYR,-0.0025299167314407926,11,0.0016313908839374
2023-04-28,VOX,-0.0014183097297269115,9,-0.0190603969737899
2023-04-28,XLB,0.00132876595722729,3,-0.0031146694175138
2023-04-28,XLE,0.00036361967706144573,7,-0.0496247071430976
2023-04-28,XLF,0.001942366418029934,2,-0.0173899735646358
2023-04-28,XLI,0.002468999969063354,1,0.0030340763175694
2023-04-28,XLK,-0.0017498669171809745,10,0.0106521792305116
2023-04-28,XLP,0.0002502592343764838,8,0.0045767071901352
2023-04-28,XLU,0.0008135985642944661,5,0.0086585645303085
2023-04-28,XLV,0.0008865207987901214,4,0.0083834094386281
2023-04-28,XLY,0.000658317634664769,6,0.0034027091966433
2023-05-05,IYR,-0.00017506541222812508,6,-0.0088724413197391
2023-05-05,VOX,-0.000580424053650045,7,0.0229902656156629
2023-05-05,XLB,0.00012647741002284646,4,-0.0170629359886893
2023-05-05,XLE,0.00644744775646055,1,-0.0187934553738731
2023-05-05,XLF,0.0004957467617296808,2,-0.0107800462384065
2023-05-05,XLI,-0.0016660033378825977,11,-0.0078302465034774
2023-05-05,XLK,-0.001118775473823076,10,0.0006031809996764
2023-05-05,XLP,0.0001890399268469313,3,0.0017431535262061
2023-05-05,XLU,1.6596130681397644e-07,5,0.0025204830073947
2023-05-05,XLV,-0.0008333326548023351,9,-0.0079594107425879
2023-05-05,XLY,-0.0007550986065237986,8,0.0068686093260469
2023-05-12,IYR,-0.0022159896298038196,11,-0.0362083837580151
2023-05-12,VOX,0.0013154154394099896,1,0.0086806712222182
2023-05-12,XLB,0.00031282069370901526,3,-0.0102944056907783
2023-05-12,XLE,-0.0005804909127280131,7,-0.0028164413851625
2023-05-12,XLF,0.0005023313856603706,2,0.0048633523199286
2023-05-12,XLI,-0.0009036335508896114,10,-0.0038796804620906
2023-05-12,XLK,-0.0007076071823861047,8,0.0261789698613348
2023-05-12,XLP,0.00028885475776359944,4,-0.032640534336238
2023-05-12,XLU,1.2721633743387008e-05,6,-0.0593805187631792
2023-05-12,XLV,0.0001760177019504829,5,-0.0237373055444338
2023-05-12,XLY,-0.0008677228221874403,9,0.0080836340900638
2023-05-19,IYR,-0.005326953103635578,11,-0.0167888206779093
2023-05-19,VOX,-0.0027194188271289217,6,0.0037035038929875
2023-05-19,XLB,-0.003832963513614276,9,-0.033739760932025
2023-05-19,XLE,-0.0015541003333217995,3,-0.0142683683941553
2023-05-19,XLF,-0.0009198536036197983,2,-0.0183749599347579
2023-05-19,XLI,-0.002443203585973641,5,-0.0177763181299421
2023-05-19,XLK,-0.002409584659628406,4,0.0430107298461885
2023-05-19,XLP,-0.0053156185538129775,10,-0.0361419893961154
2023-05-19,XLU,-0.0029751553211633448,7,-0.0263364206283561
2023-05-19,XLV,-0.0033233688505638183,8,-0.0321311454691087
2023-05-19,XLY,0.0010501765572737546,1,-0.000572818788191
2023-05-26,IYR,-0.002873665591643959,1,0.0139721116943012
2023-05-26,VOX,-0.007338120339044735,7,-0.0019528151010042
2023-05-26,XLB,-0.003300780650414853,2,0.0117529257047508
2023-05-26,XLE,-0.006966122046116485,6,-0.0044630875164464
2023-05-26,XLF,-0.0037245013473523113,3,0.0026800441827123
2023-05-26,XLI,-0.009239528091116564,10,0.0076304143703049
2023-05-26,XLK,-0.0128461992466842,11,-0.0059431012809811
2023-05-26,XLP,-0.007878797183564601,9,-0.0163572868718826
2023-05-26,XLU,-0.00642233130485025,4,-0.0106030063387161
2023-05-26,XLV,-0.006554740734353044,5,0.0030687419091977
2023-05-26,XLY,-0.007676956097415433,8,0.0142899388645356
2023-06-02,IYR,0.00042388641054420833,3,0.0015270794377819
2023-06-02,VOX,-0.0010937955412580222,7,-0.0003620145896987
2023-06-02,XLB,-0.0008866692723703555,6,0.0008457994179607
2023-06-02,XLE,0.000893435877449617,2,0.0132704177186886
2023-06-02,XLF,9.085111681827034e-05,5,0.0060438955004598
2023-06-02,XLI,-0.0032424099030527007,9,0.009837188095344
2023-06-02,XLK,-0.0077967504222457885,11,-0.0099595763616283
2023-06-02,XLP,-0.0046450113099962545,10,-0.0114194651377249
2023-06-02,XLU,0.001632546210557431,1,0.0148755270512044
2023-06-02,XLV,0.00011257876387369886,4,-0.0038599486605814
2023-06-02,XLY,-0.0014152382639085728,8,0.0221249083855861
2023-06-09,IYR,-0.0013988551520729051,7,-0.0073976198820988
2023-06-09,VOX,-0.0006473245494387714,2,-0.0009383212985041
2023-06-09,XLB,-0.0011229506897961164,3,0.0087752152871247
2023-06-09,XLE,-0.0016373459444057883,8,-0.0318138626779667
2023-06-09,XLF,-0.001315963157874705,6,-0.0130635490511845
2023-06-09,XLI,-0.0016687566805226965,9,0.003750115904606
2023-06-09,XLK,-0.0029172282259980306,11,0.0172155272624647
2023-06-09,XLP,-0.0011506797145136687,4,-0.0046973516719404
2023-06-09,XLU,-0.0006147776940189922,1,-0.0123280585673368
2023-06-09,XLV,-0.0012217032770150257,5,-0.0123099841027303
2023-06-09,XLY,-0.002889138754440566,10,0.0060989628484158
2023-06-16,IYR,-0.0024302117649889366,10,-0.0273814978023634
2023-06-16,VOX,-0.0002092193065147645,4,-0.0017854181905216
2023-06-16,XLB,-0.0011700674439709291,7,-0.0064413867470549
2023-06-16,XLE,0.0008977454385582502,2,-0.0206360593034464
2023-06-16,XLF,-0.0014203661773560625,8,-0.0064184363039138
2023-06-16,XLI,-0.0014248143517580632,9,-0.0024398230607599
2023-06-16,XLK,0.0005192964365432713,3,-0.0099521760703392
2023-06-16,XLP,0.0011362609504842257,1,0.0093126382068977
2023-06-16,XLU,-0.0005258724332749108,5,-0.0117355155761313
2023-06-16,XLV,-0.0026141200200843185,11,0.016743375397589
2023-06-16,XLY,-0.0008060854216551418,6,0.0106324930563961
2023-06-23,IYR,-0.001562526001604873,3,0.0290409244350353
2023-06-23,VOX,-0.002946004863864208,7,-0.0032630663934085
2023-06-23,XLB,-0.0017114802250308785,4,0.0169205213081531
2023-06-23,XLE,0.002534452818699942,1,0.0260052458817769
2023-06-23,XLF,-0.002646600285594768,6,0.0063825520825195
2023-06-23,XLI,-0.0030885770277450137,8,0.0158717931109861
2023-06-23,XLK,-0.003731426310873899,11,0.0076472909608888
2023-06-23,XLP,-0.0035552336074021556,10,-0.0179592470410798
2023-06-23,XLU,0.0016797056413061166,2,-0.0169400337718805
2023-06-23,XLV,-0.0022157164409975527,5,-0.0177145105569018
2023-06-23,XLY,-0.003173302914335206,9,0.003107443279404
2023-06-30,IYR,-0.0011397381230824157,7,0.0119416303352826
2023-06-30,VOX,-0.00039689398637218494,3,0.0108586215354251
2023-06-30,XLB,-0.0011641230669951668,8,-0.0089990207717697
2023-06-30,XLE,-2.0704404214649305e-05,2,0.0059889291154913
2023-06-30,XLF,-0.0018041356267873975,10,0.0071104399073571
2023-06-30,XLI,-0.000621465184310215,4,0.0002343885352003
2023-06-30,XLK,-0.0011330301798783164,6,-0.0045716519495576
2023-06-30,XLP,-0.0021817003215167103,11,0.0010979104024071
2023-06-30,XLU,0.0019182042637876093,1,0.0099061876395224
2023-06-30,XLV,-0.0008593925299278725,5,-0.0174318216173511
2023-06-30,XLY,-0.0014010486412839001,9,0.0080791396860447
2023-07-07,IYR,-0.0004729831979654113,4,0.0043845768046411
2023-07-07,VOX,-0.0013560343111404024,7,0.0082612473360215
2023-07-07,XLB,0.0005624350651431229,1,0.0003977732319855
2023-07-07,XLE,-0.0018884612647464016,9,-0.0162977669043951
2023-07-07,XLF,-0.0015735060131774636,8,-0.0048181565921392
2023-07-07,XLI,-0.0006950011103950828,6,-0.0017739786063495
2023-07-07,XLK,-0.0006671757121549763,5,0.0034519131476373
2023-07-07,XLP,-0.00024942686924678845,3,-0.0133046765046667
2023-07-07,XLU,-0.004843995894071568,11,-0.0021393603097232
2023-07-07,XLV,0.0003475820939140556,2,-0.0035366390069035
2023-07-07,XLY,-0.0018891319987509323,10,0.0083014709792601
2023-07-14,IYR,0.002928254857515592,5,-0.0065669996266294
2023-07-14,VOX,0.002524633073148476,7,-0.0263073813431712
2023-07-14,XLB,0.0026105781752843896,6,-0.0005697747291291
2023-07-14,XLE,-0.0006488220409142105,9,0.0285361936744668
2023-07-14,XLF,-0.0009665062116228141,10,0.0230341370716458
2023-07-14,XLI,0.0009190151290195415,8,0.0022000662383674
2023-07-14,XLK,0.0029938313688255744,4,-0.0056593429767732
2023-07-14,XLP,-0.0021121310990040733,11,0.0117199339586882
2023-07-14,XLU,0.0030400495984313674,3,0.017628778523602
2023-07-14,XLV,0.00415180084882436,1,0.0280174784797475
2023-07-14,XLY,0.00359561357302175,2,-0.0289792973369316
2023-07-21,IYR,-0.0015469795252290243,10,-0.0283195269909032
2023-07-21,VOX,0.000707099171513007,6,0.0329069846624421
2023-07-21,XLB,8.72496601581244e-05,9,0.0076667631257445
2023-07-21,XLE,0.0006451414136362153,7,0.0079041362925578
2023-07-21,XLF,0.0005515654035816009,8,-0.0121840691823137
2023-07-21,XLI,-0.0016515524911769486,11,-0.004914267506666
2023-07-21,XLK,0.0007436771078894722,5,-0.0002060180528613
2023-07-21,XLP,0.0013711691420764053,2,-0.004267952766046
2023-07-21,XLU,0.001711927986273004,1,-0.0312244907742629
2023-07-21,XLV,0.0012245740778027733,3,-0.0181895168627757
2023-07-21,XLY,0.0009115955848298478,4,-7.206502880796606e-05
2023-07-28,IYR,0.0029578790693846856,1,0.00156674421805
2023-07-28,VOX,0.0011509734887091532,3,-0.0031631004004215
2023-07-28,XLB,-0.0014853445402597662,11,0.0021896056335832
2023-07-28,XLE,-0.0013191851562856926,10,0.0345900842805829
2023-07-28,XLF,-0.0011422832373993216,9,0.0138877088327876
2023-07-28,XLI,-0.0010861608772237228,8,0.0046971246198713
2023-07-28,XLK,-0.0003134835901114869,4,-0.0159762297870442
2023-07-28,XLP,-0.0005766564056816888,5,0.0030722451426238
2023-07-28,XLU,0.0028991824351069307,2,-0.0233687591397759
2023-07-28,XLV,-0.0007014380243714834,6,0.0014886417144646
2023-07-28,XLY,-0.0009706852945335216,7,0.0151225677030836
2023-08-04,IYR,-0.0018851680086835881,9,0.0065609180926964
2023-08-04,VOX,-0.0006870081708564876,1,-0.0012406549335726
2023-08-04,XLB,-0.001041982915026171,3,-0.0075748599922382
2023-08-04,XLE,-0.0022432371654928325,10,0.0368804706905976
2023-08-04,XLF,-0.0018677567265690904,7,0.0028824333975538
2023-08-04,XLI,-0.0018759545213302346,8,0.0086014553218882
2023-08-04,XLK,-0.0014256018155265802,5,-0.0222930115813101
2023-08-04,XLP,-0.001234885401131489,4,0.0046058072210675
2023-08-04,XLU,-0.002742893323965604,11,0.0116601118006565
2023-08-04,XLV,-0.0010003204194102403,2,0.027294090116964
2023-08-04,XLY,-0.0016464679030545348,6,-0.0080712012544887
2023-08-11,IYR,-0.0008149780288817844,9,-0.013850440628935
2023-08-11,VOX,2.128397615190768e-05,6,-0.0113829611862931
2023-08-11,XLB,3.491525113903891e-05,5,-0.002316175975611
2023-08-11,XLE,0.005020632328802764,1,0.0084074950925874
2023-08-11,XLF,-0.0017696260386926834,10,-0.0063865824487273
2023-08-11,XLI,-0.000447712693048266,7,-0.0038046595427646
2023-08-11,XLK,-0.0024289025765586256,11,0.0089083476711077
2023-08-11,XLP,0.0006905323131731026,3,-0.0032648791375596
2023-08-11,XLU,0.0006849027704604333,4,0.0038059486413186
2023-08-11,XLV,0.005010957204523614,2,0.0047584062960304
2023-08-11,XLY,-0.0004834095657947185,8,-0.0210660373234763
2023-08-18,IYR,-0.00029594311761204,6,-1.0315284685979975e-05
2023-08-18,VOX,-0.00027216580120737984,5,-0.0084234957957207
2023-08-18,XLB,-3.1453317657336225e-05,4,-0.0083209629735795
2023-08-18,XLE,0.003095602554762317,1,-0.0216871979150989
2023-08-18,XLF,-0.000698115150903092,10,-0.0076554696192288
2023-08-18,XLI,-0.0005161301671739054,8,-0.0051259467462549
2023-08-18,XLK,0.002662792405341425,2,0.0147829847512515
2023-08-18,XLP,-0.0006909449887196617,9,-0.0161668198656446
2023-08-18,XLU,-0.00039524026756010785,7,-0.0057446933106188
2023-08-18,XLV,0.0006505047394018951,3,-0.008848361251241
2023-08-18,XLY,-0.0011705557059350582,11,0.0043458687161905
2023-08-25,IYR,-0.001087533056230531,7,-0.0064067224973833
2023-08-25,VOX,-0.0014241455393030097,8,0.0059644028334338
2023-08-25,XLB,-0.0010264777550235981,6,0.011874560220529
2023-08-25,XLE,-0.0005772017724780262,4,0.0104613641661548
2023-08-25,XLF,-0.0014825681931456734,9,-0.0049075216474359
2023-08-25,XLI,-0.0016262665409365253,10,-0.0042889774722825
2023-08-25,XLK,-0.0008594951281398333,5,0.0188940447860872
2023-08-25,XLP,8.58552659743926e-05,2,-0.0293679254012954
2023-08-25,XLU,1.3015048945418366e-05,3,-0.0410605142389725
2023-08-25,XLV,0.0021142304973099002,1,-0.0243026046903427
2023-08-25,XLY,-0.002599127937930145,11,0.0049245281727783
2023-09-01,IYR,-0.0008780250085716711,11,-0.0004320371323435
2023-09-01,VOX,3.305355365587423e-05,7,0.0038375212825275
2023-09-01,XLB,0.0014274504330439946,5,-0.0115324978452202
2023-09-01,XLE,-0.00015494770565620112,9,0.0270036778501907
2023-09-01,XLF,-0.00010595723221625904,8,0.0013245398275194
2023-09-01,XLI,0.004094898336090128,1,-0.0165692682150316
2023-09-01,XLK,0.0017067635505879915,4,-0.0067862081990839
2023-09-01,XLP,0.002746831681625458,3,0.0064673793975352
2023-09-01,XLU,-0.0006043398977792815,10,0.0211875498606528
2023-09-01,XLV,0.003971352951209793,2,0.0012620768933584
2023-09-01,XLY,0.00010221024490973464,6,0.0071444751190434
2023-09-08,IYR,-0.000994777568031514,10,0.0048749162093133
2023-09-08,VOX,-0.00011401198435876024,7,0.0058579830066021
2023-09-08,XLB,9.369136268162613e-05,6,0.0002150483267223
2023-09-08,XLE,0.0024519595649318267,1,0.0008809997960593
2023-09-08,XLF,0.0003297171429442189,5,0.016767422087011
2023-09-08,XLI,0.0007309682061344957,3,-0.0046485291211862
2023-09-08,XLK,-0.0004061181854015737,8,-0.021197243215464
2023-09-08,XLP,-0.0005122319175090192,9,0.006197248311859
2023-09-08,XLU,0.0008105050376648679,2,0.0291726024746892
2023-09-08,XLV,-0.0012231702145594832,11,0.0022997671436393
2023-09-08,XLY,0.0004112281526560983,4,0.0193302284089393
2023-09-15,IYR,-0.0012836419052624775,10,-0.0226953084812653
2023-09-15,VOX,0.0007894913779530006,7,0.0011557442948429
2023-09-15,XLB,0.00046877012520230504,8,-0.0070444709096592
2023-09-15,XLE,-0.0033702999032943787,11,0.0070260854034911
2023-09-15,XLF,0.0027377155005441794,3,-6.389820191265994e-05
2023-09-15,XLI,0.0023316447278905928,5,0.0025854533861782
2023-09-15,XLK,-0.0007375350380326324,9,0.0047032745348157
2023-09-15,XLP,0.003709100816965832,1,0.0092958108343351
2023-09-15,XLU,0.002530831959595185,4,0.011697232079603
2023-09-15,XLV,0.0032096073220714556,2,0.0178142289826335
2023-09-15,XLY,0.002057353429409541,6,-0.0323423748542178
2023-09-22,IYR,0.0015266608019212917,5,-0.0076524781072728
2023-09-22,VOX,-0.00014028651111952061,6,0.0088336103355942
2023-09-22,XLB,-0.0005837343155336493,7,0.0091272283122229
2023-09-22,XLE,-0.0022851705436246045,11,0.0189233195314867
2023-09-22,XLF,0.0031376267129755234,1,-0.0077267755031339
2023-09-22,XLI,-0.0006140509726778092,8,0.0028027652946507
2023-09-22,XLK,-0.0013087933492665733,10,0.0039109012771648
2023-09-22,XLP,0.001586340657204985,4,-0.0121313482257471
2023-09-22,XLU,0.0017418326858022256,3,-0.0620587819976509
2023-09-22,XLV,0.002288915183778722,2,-0.0040031091436675
2023-09-22,XLY,-0.0010765773681947178,9,0.0071409828315508
2023-09-29,IYR,0.00021099089235575725,6,-0.02235147128973
2023-09-29,VOX,0.0020064468303649394,3,0.0139092512689555
2023-09-29,XLB,-0.0011234412812378993,11,-0.011948113333605
2023-09-29,XLE,0.0007990628164315944,5,-0.0563733464038598
2023-09-29,XLF,-0.0004764749303110266,8,-0.0087381818496621
2023-09-29,XLI,0.000996154816989379,4,-0.0107373218847078
2023-09-29,XLK,0.004298794263133659,2,0.0213508605221461
2023-09-29,XLP,-0.00036242318180775457,7,-0.0359192941501027
2023-09-29,XLU,0.005413675747322606,1,-0.0333273118057152
2023-09-29,XLV,-0.0007610105767400019,10,0.0050456552720568
2023-09-29,XLY,-0.0007342961795626031,9,-0.007117190597869
2023-10-06,IYR,-0.0023659504298855056,10,0.0130219841917182
2023-10-06,VOX,-0.0005207134066415467,2,-0.0063362894973449
2023-10-06,XLB,-0.0022318668976976284,9,-0.0090507661551438
2023-10-06,XLE,-0.002457016671996306,11,0.0404620901284202
2023-10-06,XLF,-0.0019505613363576468,7,0.0005823584397397
2023-10-06,XLI,-0.0016288637042869945,5,0.0050620350336809
2023-10-06,XLK,0.004692017881602519,1,-0.0021257059311723
2023-10-06,XLP,-0.0017313571068765926,6,-0.0026128669663862
2023-10-06,XLU,-0.0006135599233359297,3,0.0312448899190067
2023-10-06,XLV,-0.0013406250935096432,4,-0.0031781480358008
2023-10-06,XLY,-0.002098634897472931,8,-0.0147740997722469
2023-10-13,IYR,-0.0016186327644393031,9,-0.019245196436066
2023-10-13,VOX,-0.0009029282497377079,4,0.0154801316180301
2023-10-13,XLB,-0.0013462024131602615,5,-0.0062455930461465
2023-10-13,XLE,-0.004061837396544115,11,0.031372261740007
2023-10-13,XLF,-0.000536390900910185,3,-0.0065190264622155
2023-10-13,XLI,-0.001443313516103604,6,-0.0060818853679086
2023-10-13,XLK,0.0002985332605455881,1,-0.0039187903308425
2023-10-13,XLP,-0.0031259590981421795,10,0.0309292880762678
2023-10-13,XLU,-0.00040115465162263186,2,0.0024770140026044
2023-10-13,XLV,-0.0014533890558270585,7,0.0075327229471182
2023-10-13,XLY,-0.0016114954118121982,8,-0.0219010811565266
2023-10-20,IYR,0.00031487616919286714,2,0.0098359027139603
2023-10-20,VOX,-0.001976678935706139,9,-0.0255797610725347
2023-10-20,XLB,-0.0006102359067774632,4,0.0203049777336629
2023-10-20,XLE,-0.006174647195115177,11,-0.0374224185259973
2023-10-20,XLF,-0.0009746964649988671,6,0.0016611145197341
2023-10-20,XLI,-0.0013982348373877394,7,0.0020553510412649
2023-10-20,XLK,-0.002017379801543896,10,0.0077514628714737
2023-10-20,XLP,-0.0007476564958772551,5,0.014695893284418
2023-10-20,XLU,-0.0019374998997766743,8,0.037015535170359
2023-10-20,XLV,0.0005124690879057891,1,-0.0134664929303791
2023-10-20,XLY,-0.0005621927966445955,3,0.0111086251118033
2023-10-27,IYR,-0.0007524095299559896,8,0.0286046397597274
2023-10-27,VOX,-0.0009585291134555126,9,0.0197804526253406
2023-10-27,XLB,0.0012586643323203488,2,-0.007229865708648
2023-10-27,XLE,0.0012868149935821506,1,-0.0342408146070047
2023-10-27,XLF,-0.0018460992346796268,11,0.0156218235300211
2023-10-27,XLI,-0.0016840156173178488,10,-0.0049591399025687
2023-10-27,XLK,-0.0006180127269143684,7,0.0075739292301526
2023-10-27,XLP,-0.00020592635528925607,5,-0.0258713401003525
2023-10-27,XLU,0.00018791585409087526,4,-0.0051690496792191
2023-10-27,XLV,-0.0003770107337246406,6,-0.023787921674397
2023-10-27,XLY,0.0010226190216707587,3,0.0125971834724991
2023-11-03,IYR,0.0013179500761398445,11,-0.0366101827215216
2023-11-03,VOX,0.005229299613594383,1,-0.0062515577956046
2023-11-03,XLB,0.001751074240257506,9,-0.0317682708622572
2023-11-03,XLE,0.004556686953859136,3,-0.0513438797981224
2023-11-03,XLF,0.004067623957623043,4,-0.0097702651726023
2023-11-03,XLI,0.0018515734067457502,8,-0.0042685360775633
2023-11-03,XLK,0.003942844854846113,5,0.0315604345333104
2023-11-03,XLP,0.003709968635752731,6,-0.0105644218496041
2023-11-03,XLU,0.004940256442822334,2,-0.0385136829055939
2023-11-03,XLV,0.00347039880313832,7,-0.0225663690370666
2023-11-03,XLY,0.0017287407809915925,10,-0.0062539777350283
2023-11-10,IYR,-0.005074827086652039,9,0.0217862970089486
2023-11-10,VOX,-0.0034355973011128676,7,0.0028577542250727
2023-11-10,XLB,-0.004636392201173754,8,0.0145119216507361
2023-11-10,XLE,-0.0018799727338410567,3,-0.0077584805670349
2023-11-10,XLF,-0.005137822674354697,10,0.0093342271370784
2023-11-10,XLI,-0.002936381731435762,6,0.0067348068909174
2023-11-10,XLK,0.0005983305668830678,1,-0.0048333804055329
2023-11-10,XLP,-0.002549135626945333,5,-0.0154189417929979
2023-11-10,XLU,-0.0020965332198238603,4,0.0095547004533977
2023-11-10,XLV,-0.005440677554776371,11,-0.0074237534387677
2023-11-10,XLY,-0.0018268117152144263,2,0.012459412284602
2023-11-17,IYR,-0.003443417811960175,11,0.0003992713922251
2023-11-17,VOX,5.244550852035498e-05,2,0.0017568737127182
2023-11-17,XLB,-0.0014753177811928752,4,0.0005845634506402
2023-11-17,XLE,-0.0028408563205122865,10,-0.007170934850242
2023-11-17,XLF,-0.002681966255664671,9,0.0005638771575811
2023-11-17,XLI,-0.0023931629682765266,6,-0.0030928079006857
2023-11-17,XLK,-0.002431244968724138,7,-0.0011973999352716
2023-11-17,XLP,0.0002487916434716703,1,0.0032345639947415
2023-11-17,XLU,-0.0025010574928654014,8,-0.0035832971736864
2023-11-17,XLV,-0.0015381738416733314,5,0.0124513645499189
2023-11-17,XLY,-0.0005218218723646997,3,-0.0034234759820592
2023-11-24,IYR,-0.0019886530051408413,7,0.0403514900900037
2023-11-24,VOX,-0.0012366862184087573,2,-0.0175932027655056
2023-11-24,XLB,-0.0013859192066525412,3,0.0191440038997598
2023-11-24,XLE,-0.001594359217205442,4,-0.0072864995807087
2023-11-24,XLF,-0.002047256898335777,8,0.013982717184656
2023-11-24,XLI,-0.0018722470482981225,5,0.0142231804207624
2023-11-24,XLK,-0.0027050301417968227,9,-0.0020015771666068
2023-11-24,XLP,-0.0019517050887878507,6,-0.0006767887929868
2023-11-24,XLU,-0.0029294431156507887,10,0.0050532152946938
2023-11-24,XLV,-0.002941985681556269,11,-0.0030078421446253
2023-11-24,XLY,-0.0006680407719357544,1,0.0085941181460975
2023-12-01,IYR,0.006031733193488326,1,-0.0056301671191044
2023-12-01,VOX,-0.0016417181950796438,10,0.0057818271094591
2023-12-01,XLB,0.0013392492598547372,2,-0.0194323414075969
2023-12-01,XLE,-0.00271236169899468,11,-0.0352116528247162
2023-12-01,XLF,0.00014005610747469828,3,-0.0035017277115155
2023-12-01,XLI,-5.822898890056217e-05,4,-0.0003727737126768
2023-12-01,XLK,-0.0012565042413962173,9,0.0034238856875348
2023-12-01,XLP,-0.0011285088258450894,8,-0.0142350305380803
2023-12-01,XLU,-0.0006848279819158973,7,-0.0042848222269888
2023-12-01,XLV,-0.00024806404595616204,6,-0.0005754509291626
2023-12-01,XLY,-0.00011820477243076012,5,0.009878245506971
2023-12-08,IYR,-0.002138474651114135,7,0.0318840666944448
2023-12-08,VOX,-0.0009190572983095057,3,-0.014363709279654
2023-12-08,XLB,-0.0022864175803807628,11,0.0155716555150695
2023-12-08,XLE,0.002650014612054872,1,0.0011992910352556
2023-12-08,XLF,-0.0022476295266806454,9,0.009792598506322
2023-12-08,XLI,-0.002078179447383221,6,0.0132872608054517
2023-12-08,XLK,-0.002278598222768898,10,0.0030267769181326
2023-12-08,XLP,-0.001328370585612562,4,-0.0078566983986518
2023-12-08,XLU,-0.002236588840366656,8,-0.0151425809159919
2023-12-08,XLV,-0.001862775301358366,5,-0.0081489690231602
2023-12-08,XLY,-0.00016100680505334684,2,0.0107854624203749
2023-12-15,IYR,-0.00038556851034989785,2,-0.0044114281871694
2023-12-15,VOX,-0.002405160755782934,10,0.0205177683144988
2023-12-15,XLB,-0.0005826471675074526,3,0.0028669748502678
2023-12-15,XLE,0.0009829075945102191,1,0.0085441184543066
2023-12-15,XLF,-0.0015094298680794554,7,-0.0045227416385054
2023-12-15,XLI,-0.0015828090078292634,8,-0.0027547130568172
2023-12-15,XLK,-0.002562462807762957,11,-0.0051686562261556
2023-12-15,XLP,-0.0009817992198945303,4,-0.0019065277050713
2023-12-15,XLU,-0.002139782312091386,9,-0.0210866580285826
2023-12-15,XLV,-0.001202337293140016,6,0.0017116241629602
2023-12-15,XLY,-0.0010955225729525463,5,-0.005906486520907
2023-12-22,IYR,-0.000783832260315622,6,0.0034352218248812
2023-12-22,VOX,-0.00022072779419158082,5,-0.0026545739530028
2023-12-22,XLB,-0.0010549709103755986,8,-0.0042056279819058
2023-12-22,XLE,0.0001229405424237886,4,-0.0169196294349047
2023-12-22,XLF,-0.0016197214823514049,10,0.0034583023037551
2023-12-22,XLI,-0.0018167615890914356,11,0.004097042759569
2023-12-22,XLK,0.001025458167913389,2,-0.0012658185300715
2023-12-22,XLP,0.0007671879430947849,3,0.0078684704768046
2023-12-22,XLU,0.0019975094285954176,1,0.0078335241510942
2023-12-22,XLV,-0.0008354488511852045,7,0.0065676787754049
2023-12-22,XLY,-0.001517658298239276,9,-0.0072378550750135
2023-12-29,IYR,-0.000477049057120206,3,-0.0035968687743374
2023-12-29,VOX,-0.001227807504424577,5,0.0034001049203017
2023-12-29,XLB,-0.0014296492993753885,7,0.0015191152110304
2023-12-29,XLE,0.0019718952189020657,1,0.0255667273964831
2023-12-29,XLF,-0.0021545579102202022,11,0.0195372749838226
2023-12-29,XLI,-0.0020290976201374463,10,-0.006910346288856
2023-12-29,XLK,0.0017458294237774855,2,-0.0278853351760537
2023-12-29,XLP,-0.0013242959670816598,6,0.0152701442766485
2023-12-29,XLU,-0.0018699357866138818,9,0.0344958969079246
2023-12-29,XLV,-0.0017610608740774355,8,0.0356384735664704
2023-12-29,XLY,-0.0004788370917946429,4,-0.0190700426679244
2024-01-05,IYR,-0.0006511988427291252,5,-0.0130330398144538
2024-01-05,VOX,-0.0014843812695030827,9,0.0036369849579713
2024-01-05,XLB,-0.0011413669422180137,7,-0.0292736202782211
2024-01-05,XLE,-0.00012158984368771307,3,-0.0423392288492912
2024-01-05,XLF,-0.001994625902452648,11,-0.0226947644162781
2024-01-05,XLI,-0.0009676041102683417,6,-0.0126185739288888
2024-01-05,XLK,-0.0016237269530853184,10,0.0253807024843004
2024-01-05,XLP,-0.0005187480284568923,4,-0.0077504099353773
2024-01-05,XLU,0.0006601904532387977,2,-0.037471908747778
2024-01-05,XLV,0.0010414880313051132,1,-0.0086576195367356
2024-01-05,XLY,-0.0014091378541301843,8,-0.0109583078123476
2024-01-12,IYR,-0.004045827828618557,10,-0.0325792631012855
2024-01-12,VOX,-0.0013708623662213378,3,0.0028251079822658
2024-01-12,XLB,-0.0035738774322492794,9,-0.0266820777946641
2024-01-12,XLE,-0.0017599446649803822,4,-0.0424208644122414
2024-01-12,XLF,-0.004310249853054183,11,-0.0032859147721002
2024-01-12,XLI,-0.0029740292909482737,7,-0.0090298280922329
2024-01-12,XLK,0.0031327891089472084,1,0.0291878092701678
2024-01-12,XLP,-0.0025629013464500724,6,-0.0223648671751702
2024-01-12,XLU,-0.0032959675906786027,8,-0.0490178675499619
2024-01-12,XLV,-0.0018401449985242868,5,-0.0196059005501434
2024-01-12,XLY,-0.0012973613819145964,2,-0.0067164096340204
2024-01-19,IYR,-0.007746034576392023,8,-0.0160971087259643
2024-01-19,VOX,-0.003200497628996241,3,0.0287126647303932
2024-01-19,XLB,-0.009061188119939053,10,-0.0069176868653271
2024-01-19,XLE,-0.003421266799676458,5,0.0405692348595922
2024-01-19,XLF,-0.0045716216138148216,6,0.0086597380871924
2024-01-19,XLI,-0.004639820096400527,7,-0.0016077507317664
2024-01-19,XLK,0.003986560131959204,1,-0.0024294405871931
2024-01-19,XLP,-0.009153271729433008,11,-0.00227273666098
2024-01-19,XLU,-0.003211596364982347,4,-0.0065510052412778
2024-01-19,XLV,-0.008706872380338675,9,-0.0116852421380163
2024-01-19,XLY,-0.002075881035207454,2,-0.028677152755731
2024-01-26,IYR,-0.008127649925007254,11,-0.022210454376724
2024-01-26,VOX,-0.0006876414206089506,1,0.0121630409886539
2024-01-26,XLB,-0.006067833452070149,9,-0.0072092188983268
2024-01-26,XLE,-0.0043026536930497045,7,-0.0229032584597502
2024-01-26,XLF,-0.0037108959832017107,5,-0.0057007152604122
2024-01-26,XLI,-0.0032776922072031535,3,0.0047158473007986
2024-01-26,XLK,-0.00109068473631918,2,-0.0118097538471844
2024-01-26,XLP,-0.005441199621479731,8,0.0069646482530874
2024-01-26,XLU,-0.003368432034344168,4,-0.0096640384206134
2024-01-26,XLV,-0.006409163794620026,10,0.0052919045279604
2024-01-26,XLY,-0.003949859453489482,6,0.0186132975818684
2024-02-02,IYR,-0.0021609694660040665,7,-0.0133973058382168
2024-02-02,VOX,-0.0009497619742973753,3,-0.0198402511982058
2024-02-02,XLB,-0.0014985856991328397,4,-0.0132546623974525
2024-02-02,XLE,-0.0005628825493709767,2,-0.0163708632400574
2024-02-02,XLF,-0.0040276299034996315,11,-0.0112909390536641
2024-02-02,XLI,-0.003061463222517996,10,-0.0020033367746177
2024-02-02,XLK,-0.0021113852822215585,6,0.0138333363321045
2024-02-02,XLP,-0.002291503586337169,8,-0.0281480007161696
2024-02-02,XLU,-3.6803425459336984e-05,1,-0.0336972334545441
2024-02-02,XLV,-0.0029941372916735694,9,0.0003697845822872
2024-02-02,XLY,-0.0016342653601004223,5,0.0006933664851931
2024-02-09,IYR,-0.004015829514398509,9,0.0027981935688978
2024-02-09,VOX,-0.0022795180972302776,3,1.0063653884451185e-05
2024-02-09,XLB,-0.003786894544453124,8,0.0277885008150523
2024-02-09,XLE,-0.00127541021361413,1,0.0304995788099834
2024-02-09,XLF,-0.0036076717601383965,7,0.0174455571628328
2024-02-09,XLI,-0.0034171961289235766,6,0.0126066961937792
2024-02-09,XLK,-0.002372808835776998,4,-0.0219840847281769
2024-02-09,XLP,-0.0046003700986566995,10,0.0056973676559796
2024-02-09,XLU,-0.006003640775625007,11,0.0193002333227926
2024-02-09,XLV,-0.0033067148502137367,5,0.0145515919408764
2024-02-09,XLY,-0.001650581710494825,2,-0.0015197578171437
2024-02-16,IYR,-0.0014773905981539535,7,-0.0090042284822151
2024-02-16,VOX,-0.0011754466211374478,5,-0.0113621315867293
2024-02-16,XLB,-5.9471732453441825e-05,3,0.0027942067510824
2024-02-16,XLE,-4.538735167043899e-05,2,-0.0121386560605372
2024-02-16,XLF,-0.0020778639985671687,10,0.0002101310436706
2024-02-16,XLI,-0.0020281480358080597,9,0.001858314085616
2024-02-16,XLK,-0.0017843334043361094,8,-0.0032690216513997
2024-02-16,XLP,-0.0012348538511863967,6,0.003772781800061
2024-02-16,XLU,-0.0002467010387731716,4,-0.00477406549397
2024-02-16,XLV,-0.002100000181234129,11,-0.0013138813162629
2024-02-16,XLY,1.5838840654891374e-05,1,-0.0040162740835978
2024-02-23,IYR,-0.0021446518837574605,10,0.0105488361571122
2024-02-23,VOX,-0.002504402609858819,11,-0.0061000279765885
2024-02-23,XLB,-0.0010121009976490312,3,0.003168487562692
2024-02-23,XLE,-0.0015173991348841251,8,0.0038818605601105
2024-02-23,XLF,-0.0009697997385683045,2,-0.010093721242662
2024-02-23,XLI,-0.0010685020422197193,4,0.0009681140040491
2024-02-23,XLK,-0.0018498223177054358,9,0.016799760598974
2024-02-23,XLP,-0.00111843850601507,5,-0.0141245959429099
2024-02-23,XLU,-0.0011738505503986782,6,-0.0137188275050292
2024-02-23,XLV,-0.0012843669577999603,7,-0.0201253078161746
2024-02-23,XLY,-0.0009082255337413596,1,0.0107294837806544
2024-03-01,IYR,-0.0017748158594000773,10,0.0166072724072726
2024-03-01,VOX,0.0005795217393481466,1,-0.0044819518076487
2024-03-01,XLB,-0.001310465538765028,5,0.0180057916886543
2024-03-01,XLE,-0.0014264597485431818,9,0.014023314403493
2024-03-01,XLF,-0.0010709336051139113,4,0.0103938868156229
2024-03-01,XLI,-0.0013427832495826494,8,0.0086220179431312
2024-03-01,XLK,-0.0013351810086245192,7,-0.0139761365145492
2024-03-01,XLP,-6.989787183132806e-05,2,0.011604572671137
2024-03-01,XLU,-0.0037336801166353824,11,0.03509376899746
2024-03-01,XLV,-0.00019421827179080586,3,0.0028183361778212
2024-03-01,XLY,-0.0013140214687754424,6,-0.0232535017076614
2024-03-08,IYR,0.00010435495779876273,2,-0.0281308020984061
2024-03-08,VOX,-0.0013379963241247428,10,-0.0022976481152758
2024-03-08,XLB,-0.0007548780511432697,7,0.0168263859918634
2024-03-08,XLE,-0.0011105741361918783,8,0.0390463815671032
2024-03-08,XLF,-0.0014568045134947531,11,0.0047833438897028
2024-03-08,XLI,-0.001256968215405212,9,-0.0015280974811212
2024-03-08,XLK,0.0002742821567175269,1,-0.0076970452353988
2024-03-08,XLP,-0.0006417696314984063,6,0.0055206451167567
2024-03-08,XLU,0.00010167731196614065,3,-0.0039511712813944
2024-03-08,XLV,-0.000425673872840042,5,-0.0067092982733183
2024-03-08,XLY,5.305198893258317e-05,4,-0.0119358874023252
2024-03-15,IYR,0.004654485120640818,1,-0.0224927028431175
2024-03-15,VOX,0.00014377595279221468,6,0.0104293661990224
2024-03-15,XLB,-5.670808080707205e-05,8,-0.0124289442197289
2024-03-15,XLE,0.002334279662178003,4,-0.0049913519976618
2024-03-15,XLF,-0.0004169170200701559,11,-0.0030532322646308
2024-03-15,XLI,-0.00024930430416218654,10,0.0068246469921939
2024-03-15,XLK,-0.00019951941354232075,9,0.0001784451137636
2024-03-15,XLP,0.0015224746271557505,5,-0.01349210496062
2024-03-15,XLU,0.0034273920452994036,2,-0.0077040309413194
2024-03-15,XLV,0.00011719810924107366,7,-0.0181579191156191
2024-03-15,XLY,0.0029498875181546776,3,0.0061427234018713
2024-03-22,IYR,0.0012262709430120224,1,0.019300826520993
2024-03-22,VOX,-0.00034962575259598396,7,-0.003873176128764
2024-03-22,XLB,-4.188787619768856e-05,4,0.0130671040993735
2024-03-22,XLE,-0.0009748156562259056,10,0.0181848150335881
2024-03-22,XLF,-0.00012439466917134196,5,0.0133313381224511
2024-03-22,XLI,-0.0005804039722214071,9,0.0024214136464242
2024-03-22,XLK,-0.0004518423292612956,8,-0.0113813678067422
2024-03-22,XLP,0.00016968355053756056,3,0.0059504439775535
2024-03-22,XLU,-0.001913205276985778,11,0.0244615543000146
2024-03-22,XLV,-0.00013083725494104621,6,0.0121766631984714
2024-03-22,XLY,0.0009372895262128892,2,0.0028346158390879
2024-03-29,IYR,-0.0006154096627036433,7,-0.0212740445418094
2024-03-29,VOX,-0.00033622571916423744,5,0.0199208656466537
2024-03-29,XLB,-0.0013438532621864868,9,0.0075788479935537
2024-03-29,XLE,-0.0012761735062928028,8,0.047743653449492
2024-03-29,XLF,-0.001803083665053154,11,-0.0041870786048617
2024-03-29,XLI,-0.0014265599656381684,10,0.0065683738337176
2024-03-29,XLK,-9.1660046326093e-05,4,0.0001318399615034
2024-03-29,XLP,0.0006480838258812224,2,-0.0177139013049204
2024-03-29,XLU,0.0008145955754527407,1,0.0014070087259031
2024-03-29,XLV,-0.00036978863673146526,6,-0.0216577784368724
2024-03-29,XLY,-9.472887323201786e-06,3,-0.0185912076288317
2024-04-05,IYR,0.0007228392771211408,3,-0.012790406791137
2024-04-05,VOX,-0.00041597921387642983,9,0.000299643066056
2024-04-05,XLB,-0.0011846235284574,10,-0.0161003078387247
2024-04-05,XLE,-0.001207470197236677,11,-0.0052608538780155
2024-04-05,XLF,0.00017157307753606,5,-0.0217033682358167
2024-04-05,XLI,0.00038960895773381104,4,-0.0074208837827132
2024-04-05,XLK,-0.00020182568927700932,8,0.0096319534684922
2024-04-05,XLP,0.001607450160426977,2,0.0018399869489111
2024-04-05,XLU,1.8836736861418786e-05,6,-0.0001122193654917
2024-04-05,XLV,0.0017978428199764813,1,-0.0154727168714225
2024-04-05,XLY,-1.7217887093666278e-06,7,0.0049474085095363
2024-04-12,IYR,-0.0003971666549728572,9,-0.0024230452727609
2024-04-12,VOX,-0.00044971467685133,10,0.0041785537156966
2024-04-12,XLB,5.91094113442016e-05,7,0.0200374258730713
2024-04-12,XLE,-0.005075142234452914,11,0.0186466165823016
2024-04-12,XLF,0.000907943951314971,4,0.038701640122545
2024-04-12,XLI,0.0014448099629096975,3,0.0109414676038186
2024-04-12,XLK,-7.683995931371051e-05,8,-0.0320358518540127
2024-04-12,XLP,0.002122081698100661,1,0.0451589384926924
2024-04-12,XLU,0.0006899432806676685,5,0.0498725749182042
2024-04-12,XLV,0.0020691928928528174,2,0.0310014753775138
2024-04-12,XLY,0.0004388669322734397,6,-0.0107860198804251
2024-04-19,IYR,0.0050283955794961374,3,-0.011210559202627
2024-04-19,VOX,-0.000757300909415097,10,-0.0112167401887297
2024-04-19,XLB,0.004519052558963561,5,-0.0201610598839585
2024-04-19,XLE,-0.0073836094001834655,11,-0.0183483865607032
2024-04-19,XLF,0.0033699703949306783,6,-0.0155598164717474
2024-04-19,XLI,0.001257335673913504,9,-0.0082775204602514
2024-04-19,XLK,0.0033070287776605528,7,0.0114600177092989
2024-04-19,XLP,0.004751648869011412,4,-0.01100759913892
2024-04-19,XLU,0.005260429052218818,1,-0.0148407267207131
2024-04-19,XLV,0.005166910293311672,2,-0.019187185570211
2024-04-19,XLY,0.00246732901835135,8,0.0097713268118975
2024-04-26,IYR,0.0032105015693348993,1,0.0086947798870447
2024-04-26,VOX,0.002416508568856488,3,0.0021627770043617
2024-04-26,XLB,0.0013273712578305073,7,-0.0058498143283236
2024-04-26,XLE,0.00047252751602092595,9,-0.0390719823199156
2024-04-26,XLF,0.002230547749597029,4,-0.0125758475379228
2024-04-26,XLI,0.0024267098070963173,2,-0.0050646441866064
2024-04-26,XLK,-0.0004071261054946752,10,0.0076500304224769
2024-04-26,XLP,0.00148002557204625,6,-0.0021247918840814
2024-04-26,XLU,0.0017742828270792665,5,0.0275784169401855
2024-04-26,XLV,0.0010740555476018918,8,0.0002542743443827
2024-04-26,XLY,-0.0013049915431044806,11,0.0054080268283311
2024-05-03,IYR,-0.0013616677478659868,11,0.0023967479898259
2024-05-03,VOX,-0.0009246764401245469,7,-0.0042486841832607
2024-05-03,XLB,-0.0012123016867762783,9,0.0071229904944265
2024-05-03,XLE,-7.55313356831446e-05,2,-0.0050670386090279
2024-05-03,XLF,-0.0005895689521463313,4,0.0128878061412298
2024-05-03,XLI,-0.0012100274864854717,8,0.0050244988489323
2024-05-03,XLK,-0.000700630942468928,5,-0.0039165283429143
2024-05-03,XLP,-0.001306872864885824,10,0.0042525415102594
2024-05-03,XLU,0.0024062745488189156,1,0.0231280528766579
2024-05-03,XLV,-0.0008705144118696425,6,0.0009197995806029
2024-05-03,XLY,-0.000554740312890419,3,-0.0176104713277023
2024-05-10,IYR,4.056694931536081e-05,3,0.0078198734634005
2024-05-10,VOX,-0.0004100243410008733,4,-0.0016258500024155
2024-05-10,XLB,-0.0015425110136924936,10,-0.0131552778680092
2024-05-10,XLE,-0.001518314451254363,9,-0.0044876998653662
2024-05-10,XLF,-0.000622829224349668,7,-0.0007527553915342
2024-05-10,XLI,-0.001016755458723278,8,-0.0193156294516253
2024-05-10,XLK,-0.0004137205167006881,5,0.0140228248312646
2024-05-10,XLP,0.0004816382796597723,1,-0.0089296299316876
2024-05-10,XLU,-0.0027579931322014393,11,-0.001517468575229
2024-05-10,XLV,-0.00048342172593346605,6,0.0024122034357023
2024-05-10,XLY,5.9295697383011054e-05,2,-0.0131619256058166
2024-05-17,IYR,-0.0007662539354459509,8,-0.0367708106949421
2024-05-17,VOX,0.00033153241706667763,1,-0.0027395136268683
2024-05-17,XLB,-0.0014416001547886952,10,-0.0085541452424866
2024-05-17,XLE,-0.0004624491424325333,4,-0.0377866476209962
2024-05-17,XLF,-4.900636946599297e-05,3,-0.0206920699395178
2024-05-17,XLI,-0.00046890198654572497,5,-0.0069229599486841
2024-05-17,XLK,-0.0004864823192876888,6,0.0159283755749394
2024-05-17,XLP,-0.0009635829913470843,9,-0.0141738147983381
2024-05-17,XLU,-0.002236063006889477,11,-0.0115928280122327
2024-05-17,XLV,-0.0006121855771287784,7,-0.0128989296988025
2024-05-17,XLY,8.076204557182372e-05,2,-0.0176644153111159
2024-05-24,IYR,-0.0019583388923957354,1,0.0224784772396496
2024-05-24,VOX,-0.003125971770630501,7,0.0061523318799533
2024-05-24,XLB,-0.0030126149263298464,6,0.0057705548093253
2024-05-24,XLE,-0.00236751990696293,2,0.0239383831246436
2024-05-24,XLF,-0.002895683783848816,4,0.0046309751726166
2024-05-24,XLI,-0.0029938611247399298,5,-0.0037229660624923
2024-05-24,XLK,-0.003356306614546425,8,-0.0194646227238796
2024-05-24,XLP,-0.0033969234133235686,9,0.0070227190907842
2024-05-24,XLU,-0.008096212745966216,11,0.0209727218723599
2024-05-24,XLV,-0.003481092540984179,10,-0.0010757005617528
2024-05-24,XLY,-0.0027964453460891017,3,0.0063595624699844
2024-05-31,IYR,-0.0029882592576448235,10,-0.0153601028850332
2024-05-31,VOX,-0.001385069526704636,5,-0.0001344849687203
2024-05-31,XLB,-0.001690130916611286,7,-0.031601097745198
2024-05-31,XLE,-0.0027142804588928945,9,-0.0470329921629226
2024-05-31,XLF,-0.0016466621909257111,6,-0.0164333694008873
2024-05-31,XLI,-0.0012614804195408308,4,-0.0221448572154501
2024-05-31,XLK,-0.0011370309722824358,3,0.0132940879427601
2024-05-31,XLP,-0.0017676547802848884,8,-0.0084532393777887
2024-05-31,XLU,-0.004415588772589374,11,-0.050819578880933
2024-05-31,XLV,-0.0009374483110575514,2,0.0064068897982245
2024-05-31,XLY,-0.0008391660707739194,1,-0.0029870589779468
2024-06-07,IYR,-0.002230968059199797,10,-0.0027478793461293
2024-06-07,VOX,-0.0007841971375011927,7,-0.0188540629859362
2024-06-07,XLB,-0.00050589949327387,5,-0.0254438974774263
2024-06-07,XLE,0.0011188756348291247,1,-0.038091915386666
2024-06-07,XLF,-0.0001877050500464237,3,-0.0364325664578183
2024-06-07,XLI,-0.00111383094316188,9,-0.0260688607488862
2024-06-07,XLK,-0.0007776373042579489,6,0.0395602975599338
2024-06-07,XLP,-0.0008961352713599457,8,-0.0255655123562844
2024-06-07,XLU,0.00013898754461904455,2,-0.016422930801337
2024-06-07,XLV,-0.002265950579184578,11,-0.020178809566929
2024-06-07,XLY,-0.000404307200784505,4,-0.0126517560437189
2024-06-14,IYR,-0.007614921006421217,9,-0.0056196063700439
2024-06-14,VOX,-0.0047181583860915295,2,7.498216908996547e-05
2024-06-14,XLB,-0.005341839058311866,4,0.0009937217369286
2024-06-14,XLE,-0.005116538224269933,3,0.0129992755380377
2024-06-14,XLF,-0.0076201702601024586,10,0.0103043636377535
2024-06-14,XLI,-0.007229330989640574,8,0.0085988989592658
2024-06-14,XLK,0.000741743451403321,1,-0.0031732032436837
2024-06-14,XLP,-0.0076551493842717516,11,0.0029331973602881
2024-06-14,XLU,-0.006175913078110232,5,-0.0142876745160276
2024-06-14,XLV,-0.0071288917591242566,7,-4.861900663888363e-05
2024-06-14,XLY,-0.006972229752698263,6,0.0175767841167973
2024-06-21,IYR,-0.0028649210544950867,6,0.0075335750551137
2024-06-21,VOX,-0.0028059721327876735,5,0.0169116973288487
2024-06-21,XLB,-0.0027561218551905133,4,-0.0096115458510541
2024-06-21,XLE,-0.0021824594032217315,2,0.024287193952583
2024-06-21,XLF,-0.0034152046836383966,9,-0.0008519030721062
2024-06-21,XLI,-0.002988686623212987,7,-0.0050082120094656
2024-06-21,XLK,-0.0025993230109396396,3,-0.0072742550397207
2024-06-21,XLP,-0.003583686059988628,11,-0.006057342610219
2024-06-21,XLU,-0.002060458853075706,1,-0.0095641230642419
2024-06-21,XLV,-0.0035591180162008415,10,-0.0027978201251043
2024-06-21,XLY,-0.0032038141203418035,8,0.001531346235118
2024-06-28,IYR,-0.003785479742444327,9,-0.0222238290301156
2024-06-28,VOX,-0.0029360627116787963,8,0.008783900488821
2024-06-28,XLB,-0.0016123340382207716,1,-0.0237893189858775
2024-06-28,XLE,-0.0018439310636366739,2,-0.0306660252067104
2024-06-28,XLF,-0.002782724499979456,7,-0.0086869540230709
2024-06-28,XLI,-0.0023139018983279816,3,-0.0244801240698102
2024-06-28,XLK,-0.0024754674531128062,4,0.0102483304690781
2024-06-28,XLP,-0.003811886427079118,10,-0.0087001264862138
2024-06-28,XLU,-0.004776291576589284,11,-0.013129391073813
2024-06-28,XLV,-0.002721958265423156,6,-0.0283402170146451
2024-06-28,XLY,-0.002520260908011152,5,0.018682556743703
2024-07-05,IYR,0.0008238982341353876,3,0.0380276037956968
2024-07-05,VOX,-0.0006025894269992004,6,-0.0306227438482116
2024-07-05,XLB,-0.001338396890981678,10,0.0199333516928543
2024-07-05,XLE,0.001861684153525431,2,-0.0049844757475558
2024-07-05,XLF,-0.0005294631131428618,5,0.0105757252763849
2024-07-05,XLI,-0.0009891766370935247,8,0.0147726891450341
2024-07-05,XLK,-0.0012946644060194347,9,-0.0056952892603103
2024-07-05,XLP,-0.0014252438813550546,11,-0.0087411288675047
2024-07-05,XLU,0.0006482723375981293,4,0.0298874171574934
2024-07-05,XLV,0.0030838032056883483,1,0.0170837771060976
2024-07-05,XLY,-0.0006409026767812611,7,0.0019230613316469
2024-07-12,IYR,0.004033822497679692,2,0.0335017243607768
2024-07-12,VOX,0.004700782336542782,1,0.0020272808669153
2024-07-12,XLB,0.0017111500563099756,5,0.0153337874137632
2024-07-12,XLE,0.00021713330268023528,8,0.0400807509342883
2024-07-12,XLF,-0.000640017017925895,10,0.0307332177833173
2024-07-12,XLI,0.0014718062260556505,6,0.0251995883505701
2024-07-12,XLK,-0.0009469720893467823,11,-0.0356605416988197
2024-07-12,XLP,0.002288576028891708,4,0.0279066154295727
2024-07-12,XLU,0.0006727044484232218,7,0.0037854590071823
2024-07-12,XLV,0.0026691041858822586,3,0.0169450600054434
2024-07-12,XLY,-0.0003574788398461788,9,0.0004253859163759
2024-07-19,IYR,-0.000960343322324378,11,0.0139925006974195
2024-07-19,VOX,-4.816690222468047e-05,9,-0.0125713795369457
2024-07-19,XLB,0.0009279003523010677,4,0.0218268473700125
2024-07-19,XLE,0.0023022312625909417,1,0.0063393013807802
2024-07-19,XLF,0.0002937600909573253,6,0.0213568097249257
2024-07-19,XLI,0.0004969306766564219,5,0.0197399159268536
2024-07-19,XLK,0.001324058867166111,3,-0.0124935036642518
2024-07-19,XLP,0.002205619948271228,2,0.0134101877061412
2024-07-19,XLU,-0.00048251786365011476,10,0.0231176669467561
2024-07-19,XLV,0.00028966248099746505,7,0.0224222643598124
2024-07-19,XLY,0.00015267540932982563,8,-0.01939960137598
2024-07-26,IYR,0.002866821728876172,8,0.0444194358146233
2024-07-26,VOX,0.004118434094270693,6,0.0217940484529292
2024-07-26,XLB,0.005814426875174328,3,0.0070715548038092
2024-07-26,XLE,0.004190102455617649,5,-0.0199146841324322
2024-07-26,XLF,0.00200985090621325,10,-0.009902500686758
2024-07-26,XLI,0.00529403091058541,4,-0.0070699090084805
2024-07-26,XLK,0.0008094228925348753,11,-0.0322531289227829
2024-07-26,XLP,0.006481504871202946,2,0.0310063030030004
2024-07-26,XLU,0.002743007024503448,9,0.0640512518894852
2024-07-26,XLV,0.003306604908804043,7,0.0271976308349067
2024-07-26,XLY,0.007666239616783899,1,-0.0141250158237625
2024-08-02,IYR,-0.0014148794906629007,5,-0.0019466907104541
2024-08-02,VOX,-0.0007775662791238366,1,0.0103648342758282
2024-08-02,XLB,-0.0009990184856034478,4,-0.016605964944669
2024-08-02,XLE,-0.004495437675848481,11,0.0112567173158844
2024-08-02,XLF,-0.0023491506921391103,8,0.0079148610657948
2024-08-02,XLI,-0.002924507817496091,9,0.0124605963927162
2024-08-02,XLK,-0.0022951956550485457,7,0.0042764097506362
2024-08-02,XLP,-0.0009905708486933331,3,-0.0015565179171727
2024-08-02,XLU,-0.0008120687801700862,2,-0.0083875366889604
2024-08-02,XLV,-0.0020653551620470937,6,-0.0060019104538394
2024-08-02,XLY,-0.003887039992261788,10,-0.0105003058370283
2024-08-09,IYR,-0.00032740475772115925,7,-0.0379055709964439
2024-08-09,VOX,0.0004076112302651535,2,-0.0233676809639615
2024-08-09,XLB,-0.0005082796128966356,9,-0.0173043179116059
2024-08-09,XLE,-0.0016272925202478923,10,-0.0281455597201134
2024-08-09,XLF,0.0002706500525246425,4,-0.0076897170187728
2024-08-09,XLI,-0.002161788590094897,11,-0.0183562919452513
2024-08-09,XLK,-0.0004902989616166503,8,0.0366900306216613
2024-08-09,XLP,0.00010836857501746179,5,-0.0228183770271639
2024-08-09,XLU,0.0007729345547279596,1,-0.0287252491277887
2024-08-09,XLV,0.00039817644063011093,3,-0.0207319866089992
2024-08-09,XLY,0.00010394089014915341,6,0.0104177567103915
2024-08-16,IYR,-0.002159462954595707,10,0.0224880864101402
2024-08-16,VOX,-0.0005531697665311688,6,0.0030536923977781
2024-08-16,XLB,-0.0006340546321846505,7,0.0097413788129696
2024-08-16,XLE,5.662536039752817e-05,2,-0.0149920179916267
2024-08-16,XLF,-0.0004285256347197403,5,0.000971093711942
2024-08-16,XLI,-0.0003919613098725256,4,0.0040855643133301
2024-08-16,XLK,0.0010446501787211855,1,-0.0025447999845273
2024-08-16,XLP,-0.002490719860501089,11,0.0024120127952393
2024-08-16,XLU,-0.001029624367857116,8,-0.0009426660500058
2024-08-16,XLV,-0.0003546289372326618,3,0.00276960105164
2024-08-16,XLY,-0.0010968875177843184,9,0.0117756174914853
2024-08-23,IYR,0.0007569274819217099,4,0.0011764677436116
2024-08-23,VOX,-0.0006752739764592035,11,-0.0079046106067454
2024-08-23,XLB,0.0007153045131032903,5,0.0139576216460273
2024-08-23,XLE,0.0030696807701959313,1,0.0070887651473419
2024-08-23,XLF,-0.0005635346210729002,10,0.0267273685381088
2024-08-23,XLI,-0.00030012015775371744,8,0.0141053228175622
2024-08-23,XLK,-0.00033481142851964416,9,-0.0189656878468
2024-08-23,XLP,0.0012388444435972226,3,0.005429347486404
2024-08-23,XLU,0.0002619988436048397,7,0.00877795925399
2024-08-23,XLV,0.00032947712747749373,6,0.0085002435380057
2024-08-23,XLY,0.0012398798148420696,2,-0.0067496140156005
2024-08-30,IYR,-0.0032677122198900878,11,0.040065107515696
2024-08-30,VOX,0.0007679957833783914,4,0.0026388470877396
2024-08-30,XLB,0.0010845686575295828,2,-0.0051921168006795
2024-08-30,XLE,-0.0006019853361009186,9,-0.0163631256806591
2024-08-30,XLF,0.0008248237887598502,3,0.0096703220508915
2024-08-30,XLI,-0.001215033707437757,10,-0.0009990715563288
2024-08-30,XLK,-0.00026366054613338524,8,-0.0331077722794209
2024-08-30,XLP,0.0003044843035327359,6,0.0471886490391171
2024-08-30,XLU,0.00024588547636414284,7,0.0363903458155097
2024-08-30,XLV,0.0007007702688660587,5,0.0206970382975533
2024-08-30,XLY,0.0011174983028491643,1,0.0161468625559365
2024-09-06,IYR,-0.003437194278691097,10,-0.0024404069080388
2024-09-06,VOX,-0.0003975486664609908,6,-0.0009692181238796
2024-09-06,XLB,0.0004947886217550009,3,-0.0089168272118433
2024-09-06,XLE,-0.0007196907457332742,8,-0.0449491686595968
2024-09-06,XLF,-0.0005645766552100139,7,-0.0350988530570648
2024-09-06,XLI,0.000655361511108217,2,-0.0028908019870412
2024-09-06,XLK,-0.005640615555055285,11,0.0409460307825544
2024-09-06,XLP,0.0010634993369123577,1,-0.0287393990957043
2024-09-06,XLU,-0.0016483750527426437,9,-0.0054197825844699
2024-09-06,XLV,-0.00028727604229299955,5,-0.0257109041018519
2024-09-06,XLY,0.00030909390290622307,4,0.0151971740878176
2024-09-13,IYR,-0.005164319027111916,11,-0.0226396170758226
2024-09-13,VOX,-0.0003894705758288303,5,0.0150041285286581
2024-09-13,XLB,-0.0003107175433223562,4,0.0006838920325233
2024-09-13,XLE,-9.49040173264671e-05,3,0.022832709365077
2024-09-13,XLF,0.0005307189922307175,2,0.0116323133009341
2024-09-13,XLI,-0.001101716016580112,7,0.0057846763058997
2024-09-13,XLK,0.00203319435789567,1,-0.0047233780848576
2024-09-13,XLP,-0.0009533784390662389,6,-0.0246892584644013
2024-09-13,XLU,-0.0016615747917145681,9,0.0054033074021873
2024-09-13,XLV,-0.0013040772204899272,8,-0.0198396699707789
2024-09-13,XLY,-0.0024549508420018498,10,0.007667930568723
2024-09-20,IYR,-0.008525707485277164,11,-0.009736859016435
2024-09-20,VOX,-0.00044124671529592813,5,0.0109668433872816
2024-09-20,XLB,0.0009812758518568218,2,0.0292287611507369
2024-09-20,XLE,0.0025761035938632816,1,-0.0152422509522052
2024-09-20,XLF,-0.0007084970785595475,7,-0.0132494000608862
2024-09-20,XLI,-0.001503564201713752,9,0.0100102118031089
2024-09-20,XLK,-0.0005247707921693575,6,0.0076996720683615
2024-09-20,XLP,-0.0012750859236792815,8,-0.0007155363404445
2024-09-20,XLU,-0.0074031550789669534,10,0.0053846693683496
2024-09-20,XLV,0.00042184110215500966,3,-0.0165451149662412
2024-09-20,XLY,0.00014578013606656988,4,0.0175398085520284
2024-09-27,IYR,-0.0024205236062222035,10,-0.020338881512998
2024-09-27,VOX,-0.0006538111000548721,6,0.0086750274356504
2024-09-27,XLB,0.003238060513993372,2,-0.0206983740770351
2024-09-27,XLE,0.006297557215652932,1,0.0660581741948349
2024-09-27,XLF,-0.0007522481169839861,7,0.0084317693956748
2024-09-27,XLI,-0.000839423296014623,8,0.0024009168212599
2024-09-27,XLK,-0.0011014055610694543,9,-0.0017982597410994
2024-09-27,XLP,0.0011203662533430083,5,-0.0213125952269839
2024-09-27,XLU,-0.0036584959139667225,11,0.0084243546008686
2024-09-27,XLV,0.0016262392910451932,4,-0.0116606499157008
2024-09-27,XLY,0.0030624713853639987,3,-0.0159366350515849
2024-10-04,IYR,-0.0014528601677111382,10,-0.0140349013348577
2024-10-04,VOX,0.0023648075953993978,3,-0.0161590474120538
2024-10-04,XLB,0.0023096687805941405,4,-0.0039535041551017
2024-10-04,XLE,0.0008556396115719939,8,-0.0154897167893829
2024-10-04,XLF,0.0007736758234526074,9,0.0073200675905442
2024-10-04,XLI,0.0012900353821145402,6,0.009955646067902
2024-10-04,XLK,0.0010398734835757259,7,0.0129828627419743
2024-10-04,XLP,0.0036506433473463356,1,-0.0094320143116308
2024-10-04,XLU,-0.0023216430706571186,11,-0.0368537907198786
2024-10-04,XLV,0.0031077725526666923,2,0.0033187445340776
2024-10-04,XLY,0.001502557142969091,5,-0.0195421861130599
2024-10-11,IYR,0.0018245486502067743,4,0.0199100108138019
2024-10-11,VOX,0.0007900482947575878,7,0.000405148133592
2024-10-11,XLB,0.0003602065660639553,8,0.0095016021915095
2024-10-11,XLE,0.0010297530554776182,6,-0.0352577589656609
2024-10-11,XLF,0.0022053116405968756,2,0.0152216953508328
2024-10-11,XLI,-4.498727684383247e-06,9,-0.0025035118150706
2024-10-11,XLK,-0.0006591888684414683,11,-0.0082109409912005
2024-10-11,XLP,0.0013011917411859457,5,-0.001295008864627
2024-10-11,XLU,0.0021644007385775766,3,0.0254251856284777
2024-10-11,XLV,0.002274896018797358,1,-0.0135827710096826
2024-10-11,XLY,-0.000421393856028346,10,0.0062607347798142
2024-10-18,IYR,0.00043836583130330665,9,-0.0075748256435276
2024-10-18,VOX,0.003432440805286564,3,0.0033793264539674
2024-10-18,XLB,0.0023778384288209715,5,-0.0280968894768067
2024-10-18,XLE,0.004154436967469043,2,0.0031845409024068
2024-10-18,XLF,0.0010561835935839526,7,-0.0112955228900839
2024-10-18,XLI,0.0012822884741271222,6,-0.0182937178329254
2024-10-18,XLK,-0.0005361966354268203,11,0.0068090245293532
2024-10-18,XLP,0.003297413588955648,4,-0.0048540963595719
2024-10-18,XLU,-0.00019393413572539128,10,-0.009664049028233
2024-10-18,XLV,0.004803837409276898,1,-0.0201540011314081
2024-10-18,XLY,0.0005412242480997235,8,0.0160100349722019
2024-10-25,IYR,-0.0003771224010354436,8,-0.0161243707132229
2024-10-25,VOX,-2.7131400736248508e-05,7,0.0298115736331769
2024-10-25,XLB,0.001516934741658698,2,0.0049822119324839
2024-10-25,XLE,0.0021108778146195772,1,-0.0055669712874446
2024-10-25,XLF,0.00018304859024691775,4,0.0140303305181064
2024-10-25,XLI,1.231875929712611e-05,6,0.0035497984470819
2024-10-25,XLK,-0.0006323437202211586,9,-0.0138882992497393
2024-10-25,XLP,0.00014932134386608475,5,0.0025896453488432
2024-10-25,XLU,-0.0007735339503632939,10,-0.0141762535063234
2024-10-25,XLV,0.0009799961279713296,3,0.0080954718882336
2024-10-25,XLY,-0.0015613937826750293,11,0.010230268652027
2024-11-01,IYR,-0.0009436058226899486,3,-0.0198700715317103
2024-11-01,VOX,-0.004625895892070596,11,-0.010405935337753
2024-11-01,XLB,0.0007233644770648309,1,-0.0331565222318259
2024-11-01,XLE,-0.0010414599525591774,4,0.0174327886221625
2024-11-01,XLF,-0.004193794681737303,10,0.0071290079634167
2024-11-01,XLI,-0.0033843066821012107,8,0.0127489723281872
2024-11-01,XLK,-0.0035611067813182073,9,0.011630441953417
2024-11-01,XLP,-0.0017306840620215232,5,-0.0391858487346028
2024-11-01,XLU,-0.0021885815646069343,6,-0.0341057464955381
2024-11-01,XLV,-0.0006467572635412582,2,-0.0310295213874705
2024-11-01,XLY,-0.0031917410005860574,7,0.0275712117831408
2024-11-08,IYR,-0.0061778321156690085,8,-0.0001267804942501
2024-11-08,VOX,-0.004865400500164011,7,-0.000676325221338
2024-11-08,XLB,-0.0067938454730958435,10,-0.0129710762458198
2024-11-08,XLE,-0.004525608986962983,6,0.0312495789338265
2024-11-08,XLF,-0.0023785601563823177,4,0.034620143279223
2024-11-08,XLI,-0.0016133572505346557,2,-0.0001762861328057
2024-11-08,XLK,-0.0019118051084277326,3,-0.0148336795975955
2024-11-08,XLP,-0.006791427202973704,9,0.0101552610836626
2024-11-08,XLU,-0.003916197416890457,5,0.0216803085400247
2024-11-08,XLV,-0.007045644523666917,11,-0.0347371905902901
2024-11-08,XLY,-0.001397049373179115,1,0.0129866163834496
2024-11-15,IYR,-0.005041363621465902,8,0.0095134585647704
2024-11-15,VOX,-0.004646247886032601,7,-0.0021436541738912
2024-11-15,XLB,-0.0036089625295557095,5,0.0141220342496022
2024-11-15,XLE,-0.00280338064084028,3,0.0101506420369177
2024-11-15,XLF,-0.004022352465750568,6,0.0005824568666772
2024-11-15,XLI,-0.0034302405567436236,4,0.0087851811465688
2024-11-15,XLK,-0.0016551036143256318,1,0.0047183754270756
2024-11-15,XLP,-0.008356708052762228,11,0.0068495594714332
2024-11-15,XLU,-0.005777463334481017,10,0.0110978878415652
2024-11-15,XLV,-0.001963918757201487,2,-0.0003057670124384
2024-11-15,XLY,-0.005115878704381133,9,0.0051705325957502
2024-11-22,IYR,0.0003078775807575065,5,0.0076083407399458
2024-11-22,VOX,-0.002884481542166899,11,0.0045149836085398
2024-11-22,XLB,0.0016048050265414474,1,-0.0044883297861473
2024-11-22,XLE,0.0014532541942451432,2,-0.0297100062393282
2024-11-22,XLF,-0.0011670091250647464,10,0.0002028044088691
2024-11-22,XLI,-0.00040985057596590064,9,-0.0024279509047244
2024-11-22,XLK,0.00013221468751235452,7,-0.011265257834067
2024-11-22,XLP,0.0006303694755845661,3,0.0050403492140871
2024-11-22,XLU,0.00032090171564301746,4,0.0063489333140975
2024-11-22,XLV,3.922144900944113e-05,8,0.0107226729083969
2024-11-22,XLY,0.00021415247275528764,6,0.0074354991923513
2024-11-29,IYR,0.0008064258707132055,1,-0.0343381806814162
2024-11-29,VOX,-0.0019320466889695233,9,0.0274690816657596
2024-11-29,XLB,-0.0011758548183165684,6,-0.0390103453088959
2024-11-29,XLE,-0.0016122573628343637,7,-0.0559399745299196
2024-11-29,XLF,-0.0019484603314103767,10,-0.0270390123431497
2024-11-29,XLI,-0.0011647244064207033,5,-0.0325509157747808
2024-11-29,XLK,-0.0006786649193380491,4,0.0216900346712956
2024-11-29,XLP,-8.335180611585035e-05,2,-0.01882357143568
2024-11-29,XLU,-0.00017016326748742888,3,-0.0477988007494859
2024-11-29,XLV,-0.0016625814298714492,8,-0.0299630132138277
2024-11-29,XLY,-0.004389149381453436,11,0.0385036987180869
2024-12-06,IYR,-0.001244404602356536,9,-0.014941751175039
2024-12-06,VOX,0.0012346128653882397,3,0.0070397925548723
2024-12-06,XLB,-0.0009990609289718107,7,-0.0232360567464257
2024-12-06,XLE,-0.0017631199466016062,11,-0.0138529947552189
2024-12-06,XLF,-0.001110893686782926,8,-0.0111406182638771
2024-12-06,XLI,-0.0001887052527260933,6,-0.0163452937545245
2024-12-06,XLK,-0.00012655430246452393,4,-0.0015092933832256
2024-12-06,XLP,-0.0014775888418010446,10,0.0017959673237589
2024-12-06,XLU,-0.00015961202108174359,5,-0.0198017595116295
2024-12-06,XLV,0.00216266877314729,2,-0.0168799819058443
2024-12-06,XLY,0.0031134839462905388,1,0.0174779313270133
2024-12-13,IYR,-0.0003590494456963509,5,-0.0273314785494833
2024-12-13,VOX,-0.0008820592768611012,8,-0.0101447368920943
2024-12-13,XLB,-4.43514634690552e-05,4,-0.022583491965835
2024-12-13,XLE,-0.0004534886391143142,6,-0.038615937164556
2024-12-13,XLF,-0.0008083263484360071,7,-0.0024691296251715
2024-12-13,XLI,4.039745213111483e-05,3,-0.0079456306742833
2024-12-13,XLK,-0.001526484229022511,10,0.0053958398605932
2024-12-13,XLP,-0.0015001086161045795,9,-0.0072753333188226
2024-12-13,XLU,0.00019800540773443187,2,0.0027373288370011
2024-12-13,XLV,0.0007439463005859309,1,-0.0028851135029621
2024-12-13,XLY,-0.010068881190603991,11,-0.0096197371574747
2024-12-20,IYR,-0.009071189150194434,9,-0.0034990088689499
2024-12-20,VOX,-0.0033531718332225186,4,-0.0001956705427224
2024-12-20,XLB,-0.013851872187544013,10,-0.008831565542642
2024-12-20,XLE,-0.014278835225046716,11,0.0068934139682776
2024-12-20,XLF,-0.0025262160798959574,2,0.0027036777161004
2024-12-20,XLI,-0.004911538799551933,5,-0.0057035631032247
2024-12-20,XLK,-0.006679000540551894,7,0.0016036725394388
2024-12-20,XLP,-0.005253136389442411,6,-0.007008492789737
2024-12-20,XLU,-0.003118415234367961,3,-0.0028621095956151
2024-12-20,XLV,-0.007197601853970923,8,0.0049131799917516
2024-12-20,XLY,0.00017513255320743997,1,-0.001001600361755
2024-12-27,IYR,-0.006516998610191857,10,0.0072031645634116
2024-12-27,VOX,-0.0020610148002091393,3,0.0023836842151625
2024-12-27,XLB,-0.005793524862211807,9,-0.0020097422810489
2024-12-27,XLE,-0.006679465993895202,11,0.0112933619121353
2024-12-27,XLF,-0.0019458218837892218,2,0.0017704200782062
2024-12-27,XLI,-0.0038651392495328667,6,0.0013560899612534
2024-12-27,XLK,-0.0021069990991479295,4,-0.001304640678113
2024-12-27,XLP,-0.005640232623470223,8,-0.0003160363189161
2024-12-27,XLU,-0.0034084416101514197,5,0.0072055222000435
2024-12-27,XLV,-0.0053520648110744785,7,-0.0008950201829802
2024-12-27,XLY,-0.0019209439682470067,1,-0.0046500346785458
